ISO-10303-21;
HEADER;
/* Generated by software containing ST-Developer
 * from STEP Tools, Inc. (www.steptools.com) 
 */

FILE_DESCRIPTION(
/* description */ (''),
/* implementation_level */ '2;1');

FILE_NAME(
/* name */ 'Key holder.step',
/* time_stamp */ '2026-09-28T22:35:47+05:30',
/* author */ (''),
/* organization */ (''),
/* preprocessor_version */ 'ST-DEVELOPER v20.2',
/* originating_system */ 'Autodesk Translation Framework v15.15.0.0',
/* authorisation */ '');

FILE_SCHEMA (('AUTOMOTIVE_DESIGN { 1 0 10303 214 3 1 1 }'));
ENDSEC;

DATA;
#10=MECHANICAL_DESIGN_GEOMETRIC_PRESENTATION_REPRESENTATION('',(#13),#6638);
#11=SHAPE_REPRESENTATION_RELATIONSHIP('SRR','None',#6645,#12);
#12=ADVANCED_BREP_SHAPE_REPRESENTATION('',(#14),#6637);
#13=STYLED_ITEM('',(#6654),#14);
#14=MANIFOLD_SOLID_BREP('Body3',#3634);
#15=(
BOUNDED_SURFACE()
B_SPLINE_SURFACE(2,2,((#6530,#6531,#6532,#6533,#6534),(#6535,#6536,#6537,
#6538,#6539),(#6540,#6541,#6542,#6543,#6544)),.UNSPECIFIED.,.F.,.F.,.F.)
B_SPLINE_SURFACE_WITH_KNOTS((3,3),(3,2,3),(-1.5707963267949,5.55111512312578E-16),
(-0.856512662073938,1.11022302462516E-16,0.856512662073938),
 .UNSPECIFIED.)
GEOMETRIC_REPRESENTATION_ITEM()
RATIONAL_B_SPLINE_SURFACE(((1.,0.909691252185387,1.,0.909691252185387,1.),
(0.707106781186546,0.643248853206368,0.707106781186546,0.643248853206368,
0.707106781186546),(1.,0.909691252185387,1.,0.909691252185387,1.)))
REPRESENTATION_ITEM('')
SURFACE()
);
#16=(
BOUNDED_SURFACE()
B_SPLINE_SURFACE(2,2,((#6563,#6564,#6565),(#6566,#6567,#6568),(#6569,#6570,
#6571)),.UNSPECIFIED.,.F.,.F.,.F.)
B_SPLINE_SURFACE_WITH_KNOTS((3,3),(3,3),(-1.5707963267949,-0.20135792079033),
(0.342179919121849,1.5707963267949),.UNSPECIFIED.)
GEOMETRIC_REPRESENTATION_ITEM()
RATIONAL_B_SPLINE_SURFACE(((1.,0.817172389114689,1.),(0.774596669241483,
0.632979010804343,0.774596669241483),(1.,0.817172389114689,1.)))
REPRESENTATION_ITEM('')
SURFACE()
);
#17=(
BOUNDED_SURFACE()
B_SPLINE_SURFACE(2,2,((#6590,#6591,#6592,#6593,#6594),(#6595,#6596,#6597,
#6598,#6599),(#6600,#6601,#6602,#6603,#6604)),.UNSPECIFIED.,.F.,.F.,.F.)
B_SPLINE_SURFACE_WITH_KNOTS((3,3),(3,2,3),(-1.5707963267949,4.93646736876887E-16),
(-1.5707963267949,-0.544365209993898,0.482065906807101),.UNSPECIFIED.)
GEOMETRIC_REPRESENTATION_ITEM()
RATIONAL_B_SPLINE_SURFACE(((1.,0.87117023589893,1.,0.87117023589893,1.),
(0.707106781186547,0.616010381372017,0.707106781186547,0.616010381372017,
0.707106781186547),(1.,0.87117023589893,1.,0.87117023589893,1.)))
REPRESENTATION_ITEM('')
SURFACE()
);
#18=(
BOUNDED_SURFACE()
B_SPLINE_SURFACE(2,2,((#6612,#6613,#6614),(#6615,#6616,#6617),(#6618,#6619,
#6620)),.UNSPECIFIED.,.F.,.F.,.F.)
B_SPLINE_SURFACE_WITH_KNOTS((3,3),(3,3),(-1.5707963267949,-0.20135792079033),
(1.5707963267949,3.13924964392207),.UNSPECIFIED.)
GEOMETRIC_REPRESENTATION_ITEM()
RATIONAL_B_SPLINE_SURFACE(((1.,0.707934674784331,1.),(0.774596669241479,
0.548363841128493,0.774596669241479),(1.,0.707934674784331,1.)))
REPRESENTATION_ITEM('')
SURFACE()
);
#19=SPHERICAL_SURFACE('',#3789,15.);
#20=SPHERICAL_SURFACE('',#3790,15.);
#21=CYLINDRICAL_SURFACE('',#3706,2.);
#22=CYLINDRICAL_SURFACE('',#3712,2.);
#23=CYLINDRICAL_SURFACE('',#3718,2.);
#24=CYLINDRICAL_SURFACE('',#3724,2.);
#25=CYLINDRICAL_SURFACE('',#3726,15.);
#26=CYLINDRICAL_SURFACE('',#3730,15.);
#27=CYLINDRICAL_SURFACE('',#3738,2.);
#28=CYLINDRICAL_SURFACE('',#3743,2.);
#29=CYLINDRICAL_SURFACE('',#3749,2.);
#30=CYLINDRICAL_SURFACE('',#3754,15.);
#31=CYLINDRICAL_SURFACE('',#3757,15.);
#32=CYLINDRICAL_SURFACE('',#3773,2.5);
#33=CYLINDRICAL_SURFACE('',#3779,2.5);
#34=CYLINDRICAL_SURFACE('',#3784,2.5);
#35=CYLINDRICAL_SURFACE('',#3786,15.);
#36=CYLINDRICAL_SURFACE('',#3797,10.);
#37=CYLINDRICAL_SURFACE('',#3800,10.);
#38=CYLINDRICAL_SURFACE('',#3805,4.00000000000001);
#39=CYLINDRICAL_SURFACE('',#3806,3.99999999999999);
#40=CIRCLE('',#3702,1.99999999999999);
#41=CIRCLE('',#3703,13.);
#42=CIRCLE('',#3704,2.);
#43=CIRCLE('',#3705,15.);
#44=CIRCLE('',#3707,2.);
#45=CIRCLE('',#3709,2.);
#46=CIRCLE('',#3710,15.);
#47=CIRCLE('',#3711,13.);
#48=CIRCLE('',#3713,2.);
#49=CIRCLE('',#3715,2.);
#50=CIRCLE('',#3716,15.);
#51=CIRCLE('',#3717,13.);
#52=CIRCLE('',#3719,1.99999999999999);
#53=CIRCLE('',#3721,2.);
#54=CIRCLE('',#3722,15.);
#55=CIRCLE('',#3723,13.);
#56=CIRCLE('',#3727,15.);
#57=CIRCLE('',#3728,15.);
#58=CIRCLE('',#3731,15.);
#59=CIRCLE('',#3733,3.99999999999999);
#60=CIRCLE('',#3734,4.00000000000001);
#61=CIRCLE('',#3736,2.00000000000001);
#62=CIRCLE('',#3737,13.);
#63=CIRCLE('',#3739,1.99999999999999);
#64=CIRCLE('',#3741,1.99999999999999);
#65=CIRCLE('',#3742,13.);
#66=CIRCLE('',#3744,2.);
#67=CIRCLE('',#3746,2.);
#68=CIRCLE('',#3747,13.);
#69=CIRCLE('',#3748,15.);
#70=CIRCLE('',#3750,2.);
#71=CIRCLE('',#3752,13.);
#72=CIRCLE('',#3753,15.);
#73=CIRCLE('',#3755,15.);
#74=CIRCLE('',#3760,2.5);
#75=CIRCLE('',#3761,14.7979589711327);
#76=CIRCLE('',#3762,17.2474487139159);
#77=CIRCLE('',#3764,14.7979589711327);
#78=CIRCLE('',#3765,2.5);
#79=CIRCLE('',#3766,17.2474487139159);
#80=CIRCLE('',#3768,15.);
#81=CIRCLE('',#3769,12.2474487139159);
#82=CIRCLE('',#3771,15.);
#83=CIRCLE('',#3772,12.2474487139159);
#84=CIRCLE('',#3774,2.5);
#85=CIRCLE('',#3775,2.5);
#86=CIRCLE('',#3777,2.5);
#87=CIRCLE('',#3778,14.6969384566991);
#88=CIRCLE('',#3780,2.5);
#89=CIRCLE('',#3782,2.5);
#90=CIRCLE('',#3783,14.6969384566991);
#91=CIRCLE('',#3785,2.5);
#92=CIRCLE('',#3787,15.);
#93=CIRCLE('',#3788,15.);
#94=CIRCLE('',#3791,9.99999999999999);
#95=CIRCLE('',#3792,5.00000000000001);
#96=CIRCLE('',#3793,9.99999999999999);
#97=CIRCLE('',#3794,5.);
#98=CIRCLE('',#3795,5.);
#99=CIRCLE('',#3796,10.);
#100=CIRCLE('',#3798,10.);
#101=CIRCLE('',#3799,5.);
#102=CIRCLE('',#3803,3.99999999999999);
#103=CIRCLE('',#3804,4.00000000000001);
#104=TOROIDAL_SURFACE('',#3701,13.,2.);
#105=TOROIDAL_SURFACE('',#3708,13.,2.);
#106=TOROIDAL_SURFACE('',#3714,13.,2.);
#107=TOROIDAL_SURFACE('',#3720,13.,2.);
#108=TOROIDAL_SURFACE('',#3735,13.,2.);
#109=TOROIDAL_SURFACE('',#3740,13.,2.);
#110=TOROIDAL_SURFACE('',#3745,13.,2.);
#111=TOROIDAL_SURFACE('',#3751,13.,2.);
#112=TOROIDAL_SURFACE('',#3759,17.2474487139159,2.5);
#113=TOROIDAL_SURFACE('',#3763,17.2474487139159,2.5);
#114=TOROIDAL_SURFACE('',#3776,12.2474487139159,2.5);
#115=TOROIDAL_SURFACE('',#3781,12.2474487139159,2.5);
#116=FACE_BOUND('',#422,.T.);
#117=FACE_BOUND('',#511,.T.);
#118=FACE_BOUND('',#557,.T.);
#119=FACE_BOUND('',#558,.T.);
#120=FACE_BOUND('',#590,.T.);
#121=FACE_BOUND('',#591,.T.);
#122=FACE_BOUND('',#592,.T.);
#123=FACE_BOUND('',#593,.T.);
#124=FACE_BOUND('',#594,.T.);
#125=FACE_BOUND('',#595,.T.);
#126=FACE_BOUND('',#596,.T.);
#127=FACE_BOUND('',#597,.T.);
#128=PLANE('',#3648);
#129=PLANE('',#3649);
#130=PLANE('',#3650);
#131=PLANE('',#3651);
#132=PLANE('',#3652);
#133=PLANE('',#3653);
#134=PLANE('',#3654);
#135=PLANE('',#3655);
#136=PLANE('',#3656);
#137=PLANE('',#3657);
#138=PLANE('',#3658);
#139=PLANE('',#3659);
#140=PLANE('',#3660);
#141=PLANE('',#3661);
#142=PLANE('',#3662);
#143=PLANE('',#3663);
#144=PLANE('',#3664);
#145=PLANE('',#3665);
#146=PLANE('',#3666);
#147=PLANE('',#3667);
#148=PLANE('',#3668);
#149=PLANE('',#3669);
#150=PLANE('',#3670);
#151=PLANE('',#3671);
#152=PLANE('',#3672);
#153=PLANE('',#3673);
#154=PLANE('',#3674);
#155=PLANE('',#3675);
#156=PLANE('',#3676);
#157=PLANE('',#3677);
#158=PLANE('',#3678);
#159=PLANE('',#3679);
#160=PLANE('',#3680);
#161=PLANE('',#3681);
#162=PLANE('',#3682);
#163=PLANE('',#3683);
#164=PLANE('',#3684);
#165=PLANE('',#3685);
#166=PLANE('',#3686);
#167=PLANE('',#3687);
#168=PLANE('',#3688);
#169=PLANE('',#3689);
#170=PLANE('',#3690);
#171=PLANE('',#3691);
#172=PLANE('',#3692);
#173=PLANE('',#3693);
#174=PLANE('',#3694);
#175=PLANE('',#3695);
#176=PLANE('',#3696);
#177=PLANE('',#3697);
#178=PLANE('',#3698);
#179=PLANE('',#3699);
#180=PLANE('',#3700);
#181=PLANE('',#3725);
#182=PLANE('',#3729);
#183=PLANE('',#3732);
#184=PLANE('',#3756);
#185=PLANE('',#3758);
#186=PLANE('',#3767);
#187=PLANE('',#3770);
#188=PLANE('',#3801);
#189=PLANE('',#3802);
#190=FACE_OUTER_BOUND('',#389,.T.);
#191=FACE_OUTER_BOUND('',#390,.T.);
#192=FACE_OUTER_BOUND('',#391,.T.);
#193=FACE_OUTER_BOUND('',#392,.T.);
#194=FACE_OUTER_BOUND('',#393,.T.);
#195=FACE_OUTER_BOUND('',#394,.T.);
#196=FACE_OUTER_BOUND('',#395,.T.);
#197=FACE_OUTER_BOUND('',#396,.T.);
#198=FACE_OUTER_BOUND('',#397,.T.);
#199=FACE_OUTER_BOUND('',#398,.T.);
#200=FACE_OUTER_BOUND('',#399,.T.);
#201=FACE_OUTER_BOUND('',#400,.T.);
#202=FACE_OUTER_BOUND('',#401,.T.);
#203=FACE_OUTER_BOUND('',#402,.T.);
#204=FACE_OUTER_BOUND('',#403,.T.);
#205=FACE_OUTER_BOUND('',#404,.T.);
#206=FACE_OUTER_BOUND('',#405,.T.);
#207=FACE_OUTER_BOUND('',#406,.T.);
#208=FACE_OUTER_BOUND('',#407,.T.);
#209=FACE_OUTER_BOUND('',#408,.T.);
#210=FACE_OUTER_BOUND('',#409,.T.);
#211=FACE_OUTER_BOUND('',#410,.T.);
#212=FACE_OUTER_BOUND('',#411,.T.);
#213=FACE_OUTER_BOUND('',#412,.T.);
#214=FACE_OUTER_BOUND('',#413,.T.);
#215=FACE_OUTER_BOUND('',#414,.T.);
#216=FACE_OUTER_BOUND('',#415,.T.);
#217=FACE_OUTER_BOUND('',#416,.T.);
#218=FACE_OUTER_BOUND('',#417,.T.);
#219=FACE_OUTER_BOUND('',#418,.T.);
#220=FACE_OUTER_BOUND('',#419,.T.);
#221=FACE_OUTER_BOUND('',#420,.T.);
#222=FACE_OUTER_BOUND('',#421,.T.);
#223=FACE_OUTER_BOUND('',#423,.T.);
#224=FACE_OUTER_BOUND('',#424,.T.);
#225=FACE_OUTER_BOUND('',#425,.T.);
#226=FACE_OUTER_BOUND('',#426,.T.);
#227=FACE_OUTER_BOUND('',#427,.T.);
#228=FACE_OUTER_BOUND('',#428,.T.);
#229=FACE_OUTER_BOUND('',#429,.T.);
#230=FACE_OUTER_BOUND('',#430,.T.);
#231=FACE_OUTER_BOUND('',#431,.T.);
#232=FACE_OUTER_BOUND('',#432,.T.);
#233=FACE_OUTER_BOUND('',#433,.T.);
#234=FACE_OUTER_BOUND('',#434,.T.);
#235=FACE_OUTER_BOUND('',#435,.T.);
#236=FACE_OUTER_BOUND('',#436,.T.);
#237=FACE_OUTER_BOUND('',#437,.T.);
#238=FACE_OUTER_BOUND('',#438,.T.);
#239=FACE_OUTER_BOUND('',#439,.T.);
#240=FACE_OUTER_BOUND('',#440,.T.);
#241=FACE_OUTER_BOUND('',#441,.T.);
#242=FACE_OUTER_BOUND('',#442,.T.);
#243=FACE_OUTER_BOUND('',#443,.T.);
#244=FACE_OUTER_BOUND('',#444,.T.);
#245=FACE_OUTER_BOUND('',#445,.T.);
#246=FACE_OUTER_BOUND('',#446,.T.);
#247=FACE_OUTER_BOUND('',#447,.T.);
#248=FACE_OUTER_BOUND('',#448,.T.);
#249=FACE_OUTER_BOUND('',#449,.T.);
#250=FACE_OUTER_BOUND('',#450,.T.);
#251=FACE_OUTER_BOUND('',#451,.T.);
#252=FACE_OUTER_BOUND('',#452,.T.);
#253=FACE_OUTER_BOUND('',#453,.T.);
#254=FACE_OUTER_BOUND('',#454,.T.);
#255=FACE_OUTER_BOUND('',#455,.T.);
#256=FACE_OUTER_BOUND('',#456,.T.);
#257=FACE_OUTER_BOUND('',#457,.T.);
#258=FACE_OUTER_BOUND('',#458,.T.);
#259=FACE_OUTER_BOUND('',#459,.T.);
#260=FACE_OUTER_BOUND('',#460,.T.);
#261=FACE_OUTER_BOUND('',#461,.T.);
#262=FACE_OUTER_BOUND('',#462,.T.);
#263=FACE_OUTER_BOUND('',#463,.T.);
#264=FACE_OUTER_BOUND('',#464,.T.);
#265=FACE_OUTER_BOUND('',#465,.T.);
#266=FACE_OUTER_BOUND('',#466,.T.);
#267=FACE_OUTER_BOUND('',#467,.T.);
#268=FACE_OUTER_BOUND('',#468,.T.);
#269=FACE_OUTER_BOUND('',#469,.T.);
#270=FACE_OUTER_BOUND('',#470,.T.);
#271=FACE_OUTER_BOUND('',#471,.T.);
#272=FACE_OUTER_BOUND('',#472,.T.);
#273=FACE_OUTER_BOUND('',#473,.T.);
#274=FACE_OUTER_BOUND('',#474,.T.);
#275=FACE_OUTER_BOUND('',#475,.T.);
#276=FACE_OUTER_BOUND('',#476,.T.);
#277=FACE_OUTER_BOUND('',#477,.T.);
#278=FACE_OUTER_BOUND('',#478,.T.);
#279=FACE_OUTER_BOUND('',#479,.T.);
#280=FACE_OUTER_BOUND('',#480,.T.);
#281=FACE_OUTER_BOUND('',#481,.T.);
#282=FACE_OUTER_BOUND('',#482,.T.);
#283=FACE_OUTER_BOUND('',#483,.T.);
#284=FACE_OUTER_BOUND('',#484,.T.);
#285=FACE_OUTER_BOUND('',#485,.T.);
#286=FACE_OUTER_BOUND('',#486,.T.);
#287=FACE_OUTER_BOUND('',#487,.T.);
#288=FACE_OUTER_BOUND('',#488,.T.);
#289=FACE_OUTER_BOUND('',#489,.T.);
#290=FACE_OUTER_BOUND('',#490,.T.);
#291=FACE_OUTER_BOUND('',#491,.T.);
#292=FACE_OUTER_BOUND('',#492,.T.);
#293=FACE_OUTER_BOUND('',#493,.T.);
#294=FACE_OUTER_BOUND('',#494,.T.);
#295=FACE_OUTER_BOUND('',#495,.T.);
#296=FACE_OUTER_BOUND('',#496,.T.);
#297=FACE_OUTER_BOUND('',#497,.T.);
#298=FACE_OUTER_BOUND('',#498,.T.);
#299=FACE_OUTER_BOUND('',#499,.T.);
#300=FACE_OUTER_BOUND('',#500,.T.);
#301=FACE_OUTER_BOUND('',#501,.T.);
#302=FACE_OUTER_BOUND('',#502,.T.);
#303=FACE_OUTER_BOUND('',#503,.T.);
#304=FACE_OUTER_BOUND('',#504,.T.);
#305=FACE_OUTER_BOUND('',#505,.T.);
#306=FACE_OUTER_BOUND('',#506,.T.);
#307=FACE_OUTER_BOUND('',#507,.T.);
#308=FACE_OUTER_BOUND('',#508,.T.);
#309=FACE_OUTER_BOUND('',#509,.T.);
#310=FACE_OUTER_BOUND('',#510,.T.);
#311=FACE_OUTER_BOUND('',#512,.T.);
#312=FACE_OUTER_BOUND('',#513,.T.);
#313=FACE_OUTER_BOUND('',#514,.T.);
#314=FACE_OUTER_BOUND('',#515,.T.);
#315=FACE_OUTER_BOUND('',#516,.T.);
#316=FACE_OUTER_BOUND('',#517,.T.);
#317=FACE_OUTER_BOUND('',#518,.T.);
#318=FACE_OUTER_BOUND('',#519,.T.);
#319=FACE_OUTER_BOUND('',#520,.T.);
#320=FACE_OUTER_BOUND('',#521,.T.);
#321=FACE_OUTER_BOUND('',#522,.T.);
#322=FACE_OUTER_BOUND('',#523,.T.);
#323=FACE_OUTER_BOUND('',#524,.T.);
#324=FACE_OUTER_BOUND('',#525,.T.);
#325=FACE_OUTER_BOUND('',#526,.T.);
#326=FACE_OUTER_BOUND('',#527,.T.);
#327=FACE_OUTER_BOUND('',#528,.T.);
#328=FACE_OUTER_BOUND('',#529,.T.);
#329=FACE_OUTER_BOUND('',#530,.T.);
#330=FACE_OUTER_BOUND('',#531,.T.);
#331=FACE_OUTER_BOUND('',#532,.T.);
#332=FACE_OUTER_BOUND('',#533,.T.);
#333=FACE_OUTER_BOUND('',#534,.T.);
#334=FACE_OUTER_BOUND('',#535,.T.);
#335=FACE_OUTER_BOUND('',#536,.T.);
#336=FACE_OUTER_BOUND('',#537,.T.);
#337=FACE_OUTER_BOUND('',#538,.T.);
#338=FACE_OUTER_BOUND('',#539,.T.);
#339=FACE_OUTER_BOUND('',#540,.T.);
#340=FACE_OUTER_BOUND('',#541,.T.);
#341=FACE_OUTER_BOUND('',#542,.T.);
#342=FACE_OUTER_BOUND('',#543,.T.);
#343=FACE_OUTER_BOUND('',#544,.T.);
#344=FACE_OUTER_BOUND('',#545,.T.);
#345=FACE_OUTER_BOUND('',#546,.T.);
#346=FACE_OUTER_BOUND('',#547,.T.);
#347=FACE_OUTER_BOUND('',#548,.T.);
#348=FACE_OUTER_BOUND('',#549,.T.);
#349=FACE_OUTER_BOUND('',#550,.T.);
#350=FACE_OUTER_BOUND('',#551,.T.);
#351=FACE_OUTER_BOUND('',#552,.T.);
#352=FACE_OUTER_BOUND('',#553,.T.);
#353=FACE_OUTER_BOUND('',#554,.T.);
#354=FACE_OUTER_BOUND('',#555,.T.);
#355=FACE_OUTER_BOUND('',#556,.T.);
#356=FACE_OUTER_BOUND('',#559,.T.);
#357=FACE_OUTER_BOUND('',#560,.T.);
#358=FACE_OUTER_BOUND('',#561,.T.);
#359=FACE_OUTER_BOUND('',#562,.T.);
#360=FACE_OUTER_BOUND('',#563,.T.);
#361=FACE_OUTER_BOUND('',#564,.T.);
#362=FACE_OUTER_BOUND('',#565,.T.);
#363=FACE_OUTER_BOUND('',#566,.T.);
#364=FACE_OUTER_BOUND('',#567,.T.);
#365=FACE_OUTER_BOUND('',#568,.T.);
#366=FACE_OUTER_BOUND('',#569,.T.);
#367=FACE_OUTER_BOUND('',#570,.T.);
#368=FACE_OUTER_BOUND('',#571,.T.);
#369=FACE_OUTER_BOUND('',#572,.T.);
#370=FACE_OUTER_BOUND('',#573,.T.);
#371=FACE_OUTER_BOUND('',#574,.T.);
#372=FACE_OUTER_BOUND('',#575,.T.);
#373=FACE_OUTER_BOUND('',#576,.T.);
#374=FACE_OUTER_BOUND('',#577,.T.);
#375=FACE_OUTER_BOUND('',#578,.T.);
#376=FACE_OUTER_BOUND('',#579,.T.);
#377=FACE_OUTER_BOUND('',#580,.T.);
#378=FACE_OUTER_BOUND('',#581,.T.);
#379=FACE_OUTER_BOUND('',#582,.T.);
#380=FACE_OUTER_BOUND('',#583,.T.);
#381=FACE_OUTER_BOUND('',#584,.T.);
#382=FACE_OUTER_BOUND('',#585,.T.);
#383=FACE_OUTER_BOUND('',#586,.T.);
#384=FACE_OUTER_BOUND('',#587,.T.);
#385=FACE_OUTER_BOUND('',#588,.T.);
#386=FACE_OUTER_BOUND('',#589,.T.);
#387=FACE_OUTER_BOUND('',#598,.T.);
#388=FACE_OUTER_BOUND('',#599,.T.);
#389=EDGE_LOOP('',(#2249,#2250,#2251,#2252));
#390=EDGE_LOOP('',(#2253,#2254,#2255,#2256));
#391=EDGE_LOOP('',(#2257,#2258,#2259,#2260));
#392=EDGE_LOOP('',(#2261,#2262,#2263,#2264));
#393=EDGE_LOOP('',(#2265,#2266,#2267,#2268));
#394=EDGE_LOOP('',(#2269,#2270,#2271,#2272));
#395=EDGE_LOOP('',(#2273,#2274,#2275,#2276));
#396=EDGE_LOOP('',(#2277,#2278,#2279,#2280));
#397=EDGE_LOOP('',(#2281,#2282,#2283,#2284));
#398=EDGE_LOOP('',(#2285,#2286,#2287,#2288));
#399=EDGE_LOOP('',(#2289,#2290,#2291,#2292));
#400=EDGE_LOOP('',(#2293,#2294,#2295,#2296));
#401=EDGE_LOOP('',(#2297,#2298,#2299,#2300));
#402=EDGE_LOOP('',(#2301,#2302,#2303,#2304));
#403=EDGE_LOOP('',(#2305,#2306,#2307,#2308));
#404=EDGE_LOOP('',(#2309,#2310,#2311,#2312));
#405=EDGE_LOOP('',(#2313,#2314,#2315,#2316));
#406=EDGE_LOOP('',(#2317,#2318,#2319,#2320));
#407=EDGE_LOOP('',(#2321,#2322,#2323,#2324));
#408=EDGE_LOOP('',(#2325,#2326,#2327,#2328));
#409=EDGE_LOOP('',(#2329,#2330,#2331,#2332));
#410=EDGE_LOOP('',(#2333,#2334,#2335,#2336));
#411=EDGE_LOOP('',(#2337,#2338,#2339,#2340));
#412=EDGE_LOOP('',(#2341,#2342,#2343,#2344));
#413=EDGE_LOOP('',(#2345,#2346,#2347,#2348));
#414=EDGE_LOOP('',(#2349,#2350,#2351,#2352));
#415=EDGE_LOOP('',(#2353,#2354,#2355,#2356));
#416=EDGE_LOOP('',(#2357,#2358,#2359,#2360));
#417=EDGE_LOOP('',(#2361,#2362,#2363,#2364));
#418=EDGE_LOOP('',(#2365,#2366,#2367,#2368));
#419=EDGE_LOOP('',(#2369,#2370,#2371,#2372));
#420=EDGE_LOOP('',(#2373,#2374,#2375,#2376));
#421=EDGE_LOOP('',(#2377,#2378,#2379,#2380,#2381,#2382,#2383,#2384,#2385,
#2386,#2387,#2388,#2389,#2390,#2391,#2392,#2393,#2394,#2395,#2396,#2397,
#2398,#2399,#2400,#2401));
#422=EDGE_LOOP('',(#2402,#2403,#2404,#2405,#2406,#2407,#2408));
#423=EDGE_LOOP('',(#2409,#2410,#2411,#2412));
#424=EDGE_LOOP('',(#2413,#2414,#2415,#2416));
#425=EDGE_LOOP('',(#2417,#2418,#2419,#2420));
#426=EDGE_LOOP('',(#2421,#2422,#2423,#2424));
#427=EDGE_LOOP('',(#2425,#2426,#2427,#2428));
#428=EDGE_LOOP('',(#2429,#2430,#2431,#2432));
#429=EDGE_LOOP('',(#2433,#2434,#2435,#2436));
#430=EDGE_LOOP('',(#2437,#2438,#2439,#2440));
#431=EDGE_LOOP('',(#2441,#2442,#2443,#2444));
#432=EDGE_LOOP('',(#2445,#2446,#2447,#2448));
#433=EDGE_LOOP('',(#2449,#2450,#2451,#2452));
#434=EDGE_LOOP('',(#2453,#2454,#2455,#2456));
#435=EDGE_LOOP('',(#2457,#2458,#2459,#2460));
#436=EDGE_LOOP('',(#2461,#2462,#2463,#2464));
#437=EDGE_LOOP('',(#2465,#2466,#2467,#2468));
#438=EDGE_LOOP('',(#2469,#2470,#2471,#2472));
#439=EDGE_LOOP('',(#2473,#2474,#2475,#2476));
#440=EDGE_LOOP('',(#2477,#2478,#2479,#2480,#2481,#2482,#2483,#2484,#2485,
#2486,#2487,#2488,#2489,#2490,#2491,#2492,#2493));
#441=EDGE_LOOP('',(#2494,#2495,#2496,#2497));
#442=EDGE_LOOP('',(#2498,#2499,#2500,#2501));
#443=EDGE_LOOP('',(#2502,#2503,#2504,#2505));
#444=EDGE_LOOP('',(#2506,#2507,#2508,#2509));
#445=EDGE_LOOP('',(#2510,#2511,#2512,#2513));
#446=EDGE_LOOP('',(#2514,#2515,#2516,#2517));
#447=EDGE_LOOP('',(#2518,#2519,#2520,#2521));
#448=EDGE_LOOP('',(#2522,#2523,#2524,#2525));
#449=EDGE_LOOP('',(#2526,#2527,#2528,#2529));
#450=EDGE_LOOP('',(#2530,#2531,#2532,#2533));
#451=EDGE_LOOP('',(#2534,#2535,#2536,#2537));
#452=EDGE_LOOP('',(#2538,#2539,#2540,#2541));
#453=EDGE_LOOP('',(#2542,#2543,#2544,#2545));
#454=EDGE_LOOP('',(#2546,#2547,#2548,#2549));
#455=EDGE_LOOP('',(#2550,#2551,#2552,#2553));
#456=EDGE_LOOP('',(#2554,#2555,#2556,#2557));
#457=EDGE_LOOP('',(#2558,#2559,#2560,#2561));
#458=EDGE_LOOP('',(#2562,#2563,#2564,#2565));
#459=EDGE_LOOP('',(#2566,#2567,#2568,#2569));
#460=EDGE_LOOP('',(#2570,#2571,#2572,#2573));
#461=EDGE_LOOP('',(#2574,#2575,#2576,#2577));
#462=EDGE_LOOP('',(#2578,#2579,#2580,#2581));
#463=EDGE_LOOP('',(#2582,#2583,#2584,#2585));
#464=EDGE_LOOP('',(#2586,#2587,#2588,#2589));
#465=EDGE_LOOP('',(#2590,#2591,#2592,#2593));
#466=EDGE_LOOP('',(#2594,#2595,#2596,#2597));
#467=EDGE_LOOP('',(#2598,#2599,#2600,#2601));
#468=EDGE_LOOP('',(#2602,#2603,#2604,#2605));
#469=EDGE_LOOP('',(#2606,#2607,#2608,#2609));
#470=EDGE_LOOP('',(#2610,#2611,#2612,#2613));
#471=EDGE_LOOP('',(#2614,#2615,#2616,#2617));
#472=EDGE_LOOP('',(#2618,#2619,#2620,#2621));
#473=EDGE_LOOP('',(#2622,#2623,#2624,#2625));
#474=EDGE_LOOP('',(#2626,#2627,#2628,#2629));
#475=EDGE_LOOP('',(#2630,#2631,#2632,#2633));
#476=EDGE_LOOP('',(#2634,#2635,#2636,#2637));
#477=EDGE_LOOP('',(#2638,#2639,#2640,#2641,#2642,#2643,#2644,#2645,#2646,
#2647,#2648,#2649,#2650,#2651,#2652,#2653,#2654,#2655,#2656,#2657,#2658,
#2659,#2660,#2661,#2662,#2663,#2664,#2665,#2666,#2667,#2668,#2669,#2670,
#2671,#2672,#2673));
#478=EDGE_LOOP('',(#2674,#2675,#2676,#2677));
#479=EDGE_LOOP('',(#2678,#2679,#2680,#2681));
#480=EDGE_LOOP('',(#2682,#2683,#2684,#2685));
#481=EDGE_LOOP('',(#2686,#2687,#2688,#2689));
#482=EDGE_LOOP('',(#2690,#2691,#2692,#2693));
#483=EDGE_LOOP('',(#2694,#2695,#2696,#2697));
#484=EDGE_LOOP('',(#2698,#2699,#2700,#2701));
#485=EDGE_LOOP('',(#2702,#2703,#2704,#2705));
#486=EDGE_LOOP('',(#2706,#2707,#2708,#2709));
#487=EDGE_LOOP('',(#2710,#2711,#2712,#2713));
#488=EDGE_LOOP('',(#2714,#2715,#2716,#2717));
#489=EDGE_LOOP('',(#2718,#2719,#2720,#2721));
#490=EDGE_LOOP('',(#2722,#2723,#2724,#2725));
#491=EDGE_LOOP('',(#2726,#2727,#2728,#2729));
#492=EDGE_LOOP('',(#2730,#2731,#2732,#2733));
#493=EDGE_LOOP('',(#2734,#2735,#2736,#2737));
#494=EDGE_LOOP('',(#2738,#2739,#2740,#2741));
#495=EDGE_LOOP('',(#2742,#2743,#2744,#2745));
#496=EDGE_LOOP('',(#2746,#2747,#2748,#2749));
#497=EDGE_LOOP('',(#2750,#2751,#2752,#2753));
#498=EDGE_LOOP('',(#2754,#2755,#2756,#2757));
#499=EDGE_LOOP('',(#2758,#2759,#2760,#2761));
#500=EDGE_LOOP('',(#2762,#2763,#2764,#2765));
#501=EDGE_LOOP('',(#2766,#2767,#2768,#2769));
#502=EDGE_LOOP('',(#2770,#2771,#2772,#2773));
#503=EDGE_LOOP('',(#2774,#2775,#2776,#2777));
#504=EDGE_LOOP('',(#2778,#2779,#2780,#2781));
#505=EDGE_LOOP('',(#2782,#2783,#2784,#2785));
#506=EDGE_LOOP('',(#2786,#2787,#2788,#2789));
#507=EDGE_LOOP('',(#2790,#2791,#2792,#2793));
#508=EDGE_LOOP('',(#2794,#2795,#2796,#2797));
#509=EDGE_LOOP('',(#2798,#2799,#2800,#2801));
#510=EDGE_LOOP('',(#2802,#2803,#2804,#2805,#2806,#2807,#2808,#2809,#2810,
#2811,#2812,#2813,#2814,#2815,#2816,#2817,#2818,#2819,#2820,#2821,#2822,
#2823,#2824,#2825,#2826));
#511=EDGE_LOOP('',(#2827,#2828,#2829,#2830,#2831,#2832,#2833));
#512=EDGE_LOOP('',(#2834,#2835,#2836,#2837));
#513=EDGE_LOOP('',(#2838,#2839,#2840,#2841));
#514=EDGE_LOOP('',(#2842,#2843,#2844,#2845));
#515=EDGE_LOOP('',(#2846,#2847,#2848,#2849));
#516=EDGE_LOOP('',(#2850,#2851,#2852,#2853));
#517=EDGE_LOOP('',(#2854,#2855,#2856,#2857));
#518=EDGE_LOOP('',(#2858,#2859,#2860,#2861));
#519=EDGE_LOOP('',(#2862,#2863,#2864,#2865));
#520=EDGE_LOOP('',(#2866,#2867,#2868,#2869));
#521=EDGE_LOOP('',(#2870,#2871,#2872,#2873));
#522=EDGE_LOOP('',(#2874,#2875,#2876,#2877));
#523=EDGE_LOOP('',(#2878,#2879,#2880,#2881));
#524=EDGE_LOOP('',(#2882,#2883,#2884,#2885));
#525=EDGE_LOOP('',(#2886,#2887,#2888,#2889));
#526=EDGE_LOOP('',(#2890,#2891,#2892,#2893));
#527=EDGE_LOOP('',(#2894,#2895,#2896,#2897,#2898,#2899,#2900,#2901,#2902,
#2903,#2904,#2905,#2906,#2907,#2908));
#528=EDGE_LOOP('',(#2909,#2910,#2911,#2912));
#529=EDGE_LOOP('',(#2913,#2914,#2915,#2916));
#530=EDGE_LOOP('',(#2917,#2918,#2919,#2920));
#531=EDGE_LOOP('',(#2921,#2922,#2923,#2924));
#532=EDGE_LOOP('',(#2925,#2926,#2927,#2928));
#533=EDGE_LOOP('',(#2929,#2930,#2931,#2932));
#534=EDGE_LOOP('',(#2933,#2934,#2935,#2936));
#535=EDGE_LOOP('',(#2937,#2938,#2939,#2940));
#536=EDGE_LOOP('',(#2941,#2942,#2943,#2944));
#537=EDGE_LOOP('',(#2945,#2946,#2947,#2948));
#538=EDGE_LOOP('',(#2949,#2950,#2951,#2952));
#539=EDGE_LOOP('',(#2953,#2954,#2955,#2956));
#540=EDGE_LOOP('',(#2957,#2958,#2959,#2960));
#541=EDGE_LOOP('',(#2961,#2962,#2963,#2964,#2965,#2966,#2967,#2968,#2969,
#2970,#2971,#2972,#2973));
#542=EDGE_LOOP('',(#2974,#2975,#2976,#2977,#2978,#2979,#2980));
#543=EDGE_LOOP('',(#2981,#2982,#2983,#2984,#2985,#2986,#2987));
#544=EDGE_LOOP('',(#2988,#2989,#2990,#2991));
#545=EDGE_LOOP('',(#2992,#2993,#2994,#2995));
#546=EDGE_LOOP('',(#2996,#2997,#2998,#2999));
#547=EDGE_LOOP('',(#3000,#3001,#3002,#3003));
#548=EDGE_LOOP('',(#3004,#3005,#3006,#3007));
#549=EDGE_LOOP('',(#3008,#3009,#3010,#3011));
#550=EDGE_LOOP('',(#3012,#3013,#3014,#3015));
#551=EDGE_LOOP('',(#3016,#3017,#3018,#3019));
#552=EDGE_LOOP('',(#3020,#3021,#3022,#3023));
#553=EDGE_LOOP('',(#3024,#3025,#3026,#3027,#3028,#3029));
#554=EDGE_LOOP('',(#3030,#3031,#3032,#3033));
#555=EDGE_LOOP('',(#3034,#3035,#3036,#3037));
#556=EDGE_LOOP('',(#3038,#3039,#3040,#3041,#3042,#3043,#3044,#3045));
#557=EDGE_LOOP('',(#3046));
#558=EDGE_LOOP('',(#3047));
#559=EDGE_LOOP('',(#3048,#3049,#3050,#3051));
#560=EDGE_LOOP('',(#3052,#3053,#3054,#3055));
#561=EDGE_LOOP('',(#3056,#3057,#3058,#3059));
#562=EDGE_LOOP('',(#3060,#3061,#3062,#3063));
#563=EDGE_LOOP('',(#3064,#3065,#3066,#3067));
#564=EDGE_LOOP('',(#3068,#3069,#3070,#3071));
#565=EDGE_LOOP('',(#3072,#3073,#3074,#3075));
#566=EDGE_LOOP('',(#3076,#3077,#3078,#3079,#3080,#3081));
#567=EDGE_LOOP('',(#3082,#3083,#3084,#3085));
#568=EDGE_LOOP('',(#3086,#3087,#3088,#3089));
#569=EDGE_LOOP('',(#3090,#3091,#3092,#3093));
#570=EDGE_LOOP('',(#3094,#3095,#3096,#3097));
#571=EDGE_LOOP('',(#3098,#3099,#3100,#3101));
#572=EDGE_LOOP('',(#3102,#3103,#3104,#3105,#3106,#3107));
#573=EDGE_LOOP('',(#3108,#3109,#3110,#3111,#3112,#3113));
#574=EDGE_LOOP('',(#3114,#3115,#3116,#3117,#3118));
#575=EDGE_LOOP('',(#3119,#3120,#3121,#3122));
#576=EDGE_LOOP('',(#3123,#3124,#3125,#3126,#3127,#3128,#3129,#3130));
#577=EDGE_LOOP('',(#3131,#3132,#3133,#3134));
#578=EDGE_LOOP('',(#3135,#3136,#3137,#3138,#3139));
#579=EDGE_LOOP('',(#3140,#3141,#3142,#3143));
#580=EDGE_LOOP('',(#3144,#3145,#3146));
#581=EDGE_LOOP('',(#3147,#3148,#3149));
#582=EDGE_LOOP('',(#3150,#3151,#3152,#3153,#3154));
#583=EDGE_LOOP('',(#3155,#3156,#3157,#3158));
#584=EDGE_LOOP('',(#3159,#3160,#3161,#3162,#3163));
#585=EDGE_LOOP('',(#3164,#3165,#3166,#3167));
#586=EDGE_LOOP('',(#3168,#3169,#3170,#3171));
#587=EDGE_LOOP('',(#3172,#3173,#3174,#3175));
#588=EDGE_LOOP('',(#3176,#3177,#3178,#3179,#3180,#3181));
#589=EDGE_LOOP('',(#3182,#3183,#3184,#3185,#3186,#3187,#3188,#3189,#3190,
#3191,#3192,#3193));
#590=EDGE_LOOP('',(#3194));
#591=EDGE_LOOP('',(#3195));
#592=EDGE_LOOP('',(#3196,#3197,#3198,#3199,#3200,#3201,#3202,#3203,#3204,
#3205,#3206,#3207,#3208));
#593=EDGE_LOOP('',(#3209,#3210,#3211,#3212,#3213,#3214,#3215,#3216,#3217,
#3218,#3219,#3220,#3221,#3222,#3223));
#594=EDGE_LOOP('',(#3224,#3225,#3226,#3227,#3228,#3229,#3230,#3231,#3232,
#3233,#3234,#3235,#3236,#3237,#3238,#3239,#3240,#3241,#3242,#3243,#3244,
#3245,#3246,#3247,#3248));
#595=EDGE_LOOP('',(#3249,#3250,#3251,#3252,#3253,#3254,#3255,#3256,#3257,
#3258,#3259,#3260,#3261,#3262,#3263,#3264,#3265,#3266,#3267,#3268,#3269,
#3270,#3271,#3272,#3273,#3274,#3275,#3276,#3277,#3278,#3279,#3280,#3281,
#3282,#3283,#3284));
#596=EDGE_LOOP('',(#3285,#3286,#3287,#3288,#3289,#3290,#3291,#3292,#3293,
#3294,#3295,#3296,#3297,#3298,#3299,#3300,#3301));
#597=EDGE_LOOP('',(#3302,#3303,#3304,#3305,#3306,#3307,#3308,#3309,#3310,
#3311,#3312,#3313,#3314,#3315,#3316,#3317,#3318,#3319,#3320,#3321,#3322,
#3323,#3324,#3325,#3326));
#598=EDGE_LOOP('',(#3327,#3328,#3329,#3330));
#599=EDGE_LOOP('',(#3331,#3332,#3333,#3334));
#600=LINE('',#4414,#873);
#601=LINE('',#4419,#874);
#602=LINE('',#4435,#875);
#603=LINE('',#4438,#876);
#604=LINE('',#4440,#877);
#605=LINE('',#4441,#878);
#606=LINE('',#4455,#879);
#607=LINE('',#4460,#880);
#608=LINE('',#4476,#881);
#609=LINE('',#4479,#882);
#610=LINE('',#4481,#883);
#611=LINE('',#4482,#884);
#612=LINE('',#4498,#885);
#613=LINE('',#4514,#886);
#614=LINE('',#4530,#887);
#615=LINE('',#4546,#888);
#616=LINE('',#4562,#889);
#617=LINE('',#4578,#890);
#618=LINE('',#4594,#891);
#619=LINE('',#4610,#892);
#620=LINE('',#4613,#893);
#621=LINE('',#4615,#894);
#622=LINE('',#4616,#895);
#623=LINE('',#4632,#896);
#624=LINE('',#4648,#897);
#625=LINE('',#4664,#898);
#626=LINE('',#4680,#899);
#627=LINE('',#4682,#900);
#628=LINE('',#4683,#901);
#629=LINE('',#4686,#902);
#630=LINE('',#4688,#903);
#631=LINE('',#4689,#904);
#632=LINE('',#4705,#905);
#633=LINE('',#4721,#906);
#634=LINE('',#4737,#907);
#635=LINE('',#4753,#908);
#636=LINE('',#4769,#909);
#637=LINE('',#4785,#910);
#638=LINE('',#4788,#911);
#639=LINE('',#4790,#912);
#640=LINE('',#4791,#913);
#641=LINE('',#4794,#914);
#642=LINE('',#4796,#915);
#643=LINE('',#4797,#916);
#644=LINE('',#4800,#917);
#645=LINE('',#4802,#918);
#646=LINE('',#4803,#919);
#647=LINE('',#4819,#920);
#648=LINE('',#4849,#921);
#649=LINE('',#4854,#922);
#650=LINE('',#4870,#923);
#651=LINE('',#4886,#924);
#652=LINE('',#4902,#925);
#653=LINE('',#4905,#926);
#654=LINE('',#4907,#927);
#655=LINE('',#4908,#928);
#656=LINE('',#4911,#929);
#657=LINE('',#4913,#930);
#658=LINE('',#4914,#931);
#659=LINE('',#4917,#932);
#660=LINE('',#4919,#933);
#661=LINE('',#4920,#934);
#662=LINE('',#4923,#935);
#663=LINE('',#4925,#936);
#664=LINE('',#4926,#937);
#665=LINE('',#4929,#938);
#666=LINE('',#4931,#939);
#667=LINE('',#4932,#940);
#668=LINE('',#4948,#941);
#669=LINE('',#4964,#942);
#670=LINE('',#4980,#943);
#671=LINE('',#4996,#944);
#672=LINE('',#5012,#945);
#673=LINE('',#5015,#946);
#674=LINE('',#5017,#947);
#675=LINE('',#5018,#948);
#676=LINE('',#5021,#949);
#677=LINE('',#5023,#950);
#678=LINE('',#5024,#951);
#679=LINE('',#5026,#952);
#680=LINE('',#5027,#953);
#681=LINE('',#5032,#954);
#682=LINE('',#5034,#955);
#683=LINE('',#5036,#956);
#684=LINE('',#5037,#957);
#685=LINE('',#5040,#958);
#686=LINE('',#5042,#959);
#687=LINE('',#5043,#960);
#688=LINE('',#5059,#961);
#689=LINE('',#5075,#962);
#690=LINE('',#5091,#963);
#691=LINE('',#5107,#964);
#692=LINE('',#5127,#965);
#693=LINE('',#5143,#966);
#694=LINE('',#5159,#967);
#695=LINE('',#5175,#968);
#696=LINE('',#5191,#969);
#697=LINE('',#5207,#970);
#698=LINE('',#5223,#971);
#699=LINE('',#5239,#972);
#700=LINE('',#5255,#973);
#701=LINE('',#5271,#974);
#702=LINE('',#5287,#975);
#703=LINE('',#5290,#976);
#704=LINE('',#5292,#977);
#705=LINE('',#5293,#978);
#706=LINE('',#5296,#979);
#707=LINE('',#5298,#980);
#708=LINE('',#5299,#981);
#709=LINE('',#5302,#982);
#710=LINE('',#5304,#983);
#711=LINE('',#5305,#984);
#712=LINE('',#5321,#985);
#713=LINE('',#5337,#986);
#714=LINE('',#5357,#987);
#715=LINE('',#5373,#988);
#716=LINE('',#5389,#989);
#717=LINE('',#5405,#990);
#718=LINE('',#5421,#991);
#719=LINE('',#5437,#992);
#720=LINE('',#5453,#993);
#721=LINE('',#5469,#994);
#722=LINE('',#5485,#995);
#723=LINE('',#5501,#996);
#724=LINE('',#5517,#997);
#725=LINE('',#5533,#998);
#726=LINE('',#5551,#999);
#727=LINE('',#5553,#1000);
#728=LINE('',#5554,#1001);
#729=LINE('',#5569,#1002);
#730=LINE('',#5574,#1003);
#731=LINE('',#5577,#1004);
#732=LINE('',#5579,#1005);
#733=LINE('',#5580,#1006);
#734=LINE('',#5583,#1007);
#735=LINE('',#5585,#1008);
#736=LINE('',#5586,#1009);
#737=LINE('',#5600,#1010);
#738=LINE('',#5605,#1011);
#739=LINE('',#5621,#1012);
#740=LINE('',#5637,#1013);
#741=LINE('',#5653,#1014);
#742=LINE('',#5656,#1015);
#743=LINE('',#5658,#1016);
#744=LINE('',#5659,#1017);
#745=LINE('',#5675,#1018);
#746=LINE('',#5691,#1019);
#747=LINE('',#5707,#1020);
#748=LINE('',#5723,#1021);
#749=LINE('',#5739,#1022);
#750=LINE('',#5755,#1023);
#751=LINE('',#5758,#1024);
#752=LINE('',#5760,#1025);
#753=LINE('',#5761,#1026);
#754=LINE('',#5764,#1027);
#755=LINE('',#5766,#1028);
#756=LINE('',#5767,#1029);
#757=LINE('',#5783,#1030);
#758=LINE('',#5799,#1031);
#759=LINE('',#5815,#1032);
#760=LINE('',#5817,#1033);
#761=LINE('',#5818,#1034);
#762=LINE('',#5821,#1035);
#763=LINE('',#5823,#1036);
#764=LINE('',#5824,#1037);
#765=LINE('',#5840,#1038);
#766=LINE('',#5856,#1039);
#767=LINE('',#5872,#1040);
#768=LINE('',#5888,#1041);
#769=LINE('',#5891,#1042);
#770=LINE('',#5893,#1043);
#771=LINE('',#5894,#1044);
#772=LINE('',#5897,#1045);
#773=LINE('',#5899,#1046);
#774=LINE('',#5900,#1047);
#775=LINE('',#5903,#1048);
#776=LINE('',#5905,#1049);
#777=LINE('',#5906,#1050);
#778=LINE('',#5922,#1051);
#779=LINE('',#5938,#1052);
#780=LINE('',#5954,#1053);
#781=LINE('',#5982,#1054);
#782=LINE('',#5987,#1055);
#783=LINE('',#6003,#1056);
#784=LINE('',#6006,#1057);
#785=LINE('',#6008,#1058);
#786=LINE('',#6009,#1059);
#787=LINE('',#6012,#1060);
#788=LINE('',#6014,#1061);
#789=LINE('',#6015,#1062);
#790=LINE('',#6018,#1063);
#791=LINE('',#6020,#1064);
#792=LINE('',#6021,#1065);
#793=LINE('',#6024,#1066);
#794=LINE('',#6026,#1067);
#795=LINE('',#6027,#1068);
#796=LINE('',#6030,#1069);
#797=LINE('',#6032,#1070);
#798=LINE('',#6033,#1071);
#799=LINE('',#6036,#1072);
#800=LINE('',#6038,#1073);
#801=LINE('',#6039,#1074);
#802=LINE('',#6055,#1075);
#803=LINE('',#6071,#1076);
#804=LINE('',#6087,#1077);
#805=LINE('',#6103,#1078);
#806=LINE('',#6106,#1079);
#807=LINE('',#6108,#1080);
#808=LINE('',#6109,#1081);
#809=LINE('',#6112,#1082);
#810=LINE('',#6114,#1083);
#811=LINE('',#6115,#1084);
#812=LINE('',#6143,#1085);
#813=LINE('',#6148,#1086);
#814=LINE('',#6168,#1087);
#815=LINE('',#6184,#1088);
#816=LINE('',#6200,#1089);
#817=LINE('',#6203,#1090);
#818=LINE('',#6205,#1091);
#819=LINE('',#6206,#1092);
#820=LINE('',#6209,#1093);
#821=LINE('',#6211,#1094);
#822=LINE('',#6212,#1095);
#823=LINE('',#6215,#1096);
#824=LINE('',#6217,#1097);
#825=LINE('',#6218,#1098);
#826=LINE('',#6234,#1099);
#827=LINE('',#6250,#1100);
#828=LINE('',#6266,#1101);
#829=LINE('',#6282,#1102);
#830=LINE('',#6285,#1103);
#831=LINE('',#6287,#1104);
#832=LINE('',#6288,#1105);
#833=LINE('',#6290,#1106);
#834=LINE('',#6291,#1107);
#835=LINE('',#6308,#1108);
#836=LINE('',#6309,#1109);
#837=LINE('',#6320,#1110);
#838=LINE('',#6321,#1111);
#839=LINE('',#6332,#1112);
#840=LINE('',#6333,#1113);
#841=LINE('',#6341,#1114);
#842=LINE('',#6342,#1115);
#843=LINE('',#6345,#1116);
#844=LINE('',#6347,#1117);
#845=LINE('',#6348,#1118);
#846=LINE('',#6351,#1119);
#847=LINE('',#6355,#1120);
#848=LINE('',#6359,#1121);
#849=LINE('',#6360,#1122);
#850=LINE('',#6363,#1123);
#851=LINE('',#6392,#1124);
#852=LINE('',#6401,#1125);
#853=LINE('',#6402,#1126);
#854=LINE('',#6413,#1127);
#855=LINE('',#6414,#1128);
#856=LINE('',#6437,#1129);
#857=LINE('',#6438,#1130);
#858=LINE('',#6440,#1131);
#859=LINE('',#6442,#1132);
#860=LINE('',#6492,#1133);
#861=LINE('',#6494,#1134);
#862=LINE('',#6497,#1135);
#863=LINE('',#6502,#1136);
#864=LINE('',#6506,#1137);
#865=LINE('',#6507,#1138);
#866=LINE('',#6518,#1139);
#867=LINE('',#6519,#1140);
#868=LINE('',#6611,#1141);
#869=LINE('',#6623,#1142);
#870=LINE('',#6624,#1143);
#871=LINE('',#6632,#1144);
#872=LINE('',#6634,#1145);
#873=VECTOR('',#3809,10.);
#874=VECTOR('',#3810,10.);
#875=VECTOR('',#3811,10.);
#876=VECTOR('',#3814,10.);
#877=VECTOR('',#3815,10.);
#878=VECTOR('',#3816,10.);
#879=VECTOR('',#3817,10.);
#880=VECTOR('',#3818,10.);
#881=VECTOR('',#3819,10.);
#882=VECTOR('',#3822,10.);
#883=VECTOR('',#3823,10.);
#884=VECTOR('',#3824,10.);
#885=VECTOR('',#3825,10.);
#886=VECTOR('',#3826,10.);
#887=VECTOR('',#3827,10.);
#888=VECTOR('',#3828,10.);
#889=VECTOR('',#3829,10.);
#890=VECTOR('',#3830,10.);
#891=VECTOR('',#3831,10.);
#892=VECTOR('',#3832,10.);
#893=VECTOR('',#3835,10.);
#894=VECTOR('',#3836,10.);
#895=VECTOR('',#3837,10.);
#896=VECTOR('',#3838,10.);
#897=VECTOR('',#3839,10.);
#898=VECTOR('',#3840,10.);
#899=VECTOR('',#3843,10.);
#900=VECTOR('',#3844,10.);
#901=VECTOR('',#3845,10.);
#902=VECTOR('',#3848,10.);
#903=VECTOR('',#3849,10.);
#904=VECTOR('',#3850,10.);
#905=VECTOR('',#3851,10.);
#906=VECTOR('',#3852,10.);
#907=VECTOR('',#3853,10.);
#908=VECTOR('',#3854,10.);
#909=VECTOR('',#3855,10.);
#910=VECTOR('',#3856,10.);
#911=VECTOR('',#3859,10.);
#912=VECTOR('',#3860,10.);
#913=VECTOR('',#3861,10.);
#914=VECTOR('',#3864,10.);
#915=VECTOR('',#3865,10.);
#916=VECTOR('',#3866,10.);
#917=VECTOR('',#3869,10.);
#918=VECTOR('',#3870,10.);
#919=VECTOR('',#3871,10.);
#920=VECTOR('',#3872,10.);
#921=VECTOR('',#3875,10.);
#922=VECTOR('',#3876,10.);
#923=VECTOR('',#3877,10.);
#924=VECTOR('',#3878,10.);
#925=VECTOR('',#3879,10.);
#926=VECTOR('',#3882,10.);
#927=VECTOR('',#3883,10.);
#928=VECTOR('',#3884,10.);
#929=VECTOR('',#3887,10.);
#930=VECTOR('',#3888,10.);
#931=VECTOR('',#3889,10.);
#932=VECTOR('',#3892,10.);
#933=VECTOR('',#3893,10.);
#934=VECTOR('',#3894,10.);
#935=VECTOR('',#3897,10.);
#936=VECTOR('',#3898,10.);
#937=VECTOR('',#3899,10.);
#938=VECTOR('',#3902,10.);
#939=VECTOR('',#3903,10.);
#940=VECTOR('',#3904,10.);
#941=VECTOR('',#3905,10.);
#942=VECTOR('',#3906,10.);
#943=VECTOR('',#3907,10.);
#944=VECTOR('',#3908,10.);
#945=VECTOR('',#3909,10.);
#946=VECTOR('',#3912,10.);
#947=VECTOR('',#3913,10.);
#948=VECTOR('',#3914,10.);
#949=VECTOR('',#3917,10.);
#950=VECTOR('',#3918,10.);
#951=VECTOR('',#3919,10.);
#952=VECTOR('',#3922,10.);
#953=VECTOR('',#3923,10.);
#954=VECTOR('',#3928,10.);
#955=VECTOR('',#3929,10.);
#956=VECTOR('',#3930,10.);
#957=VECTOR('',#3931,10.);
#958=VECTOR('',#3934,10.);
#959=VECTOR('',#3935,10.);
#960=VECTOR('',#3936,10.);
#961=VECTOR('',#3937,10.);
#962=VECTOR('',#3938,10.);
#963=VECTOR('',#3939,10.);
#964=VECTOR('',#3940,10.);
#965=VECTOR('',#3941,10.);
#966=VECTOR('',#3942,10.);
#967=VECTOR('',#3943,10.);
#968=VECTOR('',#3944,10.);
#969=VECTOR('',#3945,10.);
#970=VECTOR('',#3946,10.);
#971=VECTOR('',#3947,10.);
#972=VECTOR('',#3948,10.);
#973=VECTOR('',#3949,10.);
#974=VECTOR('',#3950,10.);
#975=VECTOR('',#3951,10.);
#976=VECTOR('',#3954,10.);
#977=VECTOR('',#3955,10.);
#978=VECTOR('',#3956,10.);
#979=VECTOR('',#3959,10.);
#980=VECTOR('',#3960,10.);
#981=VECTOR('',#3961,10.);
#982=VECTOR('',#3964,10.);
#983=VECTOR('',#3965,10.);
#984=VECTOR('',#3966,10.);
#985=VECTOR('',#3967,10.);
#986=VECTOR('',#3968,10.);
#987=VECTOR('',#3969,10.);
#988=VECTOR('',#3970,10.);
#989=VECTOR('',#3971,10.);
#990=VECTOR('',#3972,10.);
#991=VECTOR('',#3973,10.);
#992=VECTOR('',#3974,10.);
#993=VECTOR('',#3975,10.);
#994=VECTOR('',#3976,10.);
#995=VECTOR('',#3977,10.);
#996=VECTOR('',#3978,10.);
#997=VECTOR('',#3979,10.);
#998=VECTOR('',#3980,10.);
#999=VECTOR('',#3981,10.);
#1000=VECTOR('',#3984,10.);
#1001=VECTOR('',#3985,10.);
#1002=VECTOR('',#3988,10.);
#1003=VECTOR('',#3989,10.);
#1004=VECTOR('',#3992,10.);
#1005=VECTOR('',#3993,10.);
#1006=VECTOR('',#3994,10.);
#1007=VECTOR('',#3997,10.);
#1008=VECTOR('',#3998,10.);
#1009=VECTOR('',#3999,10.);
#1010=VECTOR('',#4000,10.);
#1011=VECTOR('',#4001,10.);
#1012=VECTOR('',#4002,10.);
#1013=VECTOR('',#4003,10.);
#1014=VECTOR('',#4004,10.);
#1015=VECTOR('',#4007,10.);
#1016=VECTOR('',#4008,10.);
#1017=VECTOR('',#4009,10.);
#1018=VECTOR('',#4010,10.);
#1019=VECTOR('',#4011,10.);
#1020=VECTOR('',#4012,10.);
#1021=VECTOR('',#4013,10.);
#1022=VECTOR('',#4014,10.);
#1023=VECTOR('',#4015,10.);
#1024=VECTOR('',#4018,10.);
#1025=VECTOR('',#4019,10.);
#1026=VECTOR('',#4020,10.);
#1027=VECTOR('',#4023,10.);
#1028=VECTOR('',#4024,10.);
#1029=VECTOR('',#4025,10.);
#1030=VECTOR('',#4026,10.);
#1031=VECTOR('',#4027,10.);
#1032=VECTOR('',#4030,10.);
#1033=VECTOR('',#4031,10.);
#1034=VECTOR('',#4032,10.);
#1035=VECTOR('',#4035,10.);
#1036=VECTOR('',#4036,10.);
#1037=VECTOR('',#4037,10.);
#1038=VECTOR('',#4038,10.);
#1039=VECTOR('',#4039,10.);
#1040=VECTOR('',#4040,10.);
#1041=VECTOR('',#4041,10.);
#1042=VECTOR('',#4044,10.);
#1043=VECTOR('',#4045,10.);
#1044=VECTOR('',#4046,10.);
#1045=VECTOR('',#4049,10.);
#1046=VECTOR('',#4050,10.);
#1047=VECTOR('',#4051,10.);
#1048=VECTOR('',#4054,10.);
#1049=VECTOR('',#4055,10.);
#1050=VECTOR('',#4056,10.);
#1051=VECTOR('',#4057,10.);
#1052=VECTOR('',#4058,10.);
#1053=VECTOR('',#4059,10.);
#1054=VECTOR('',#4062,10.);
#1055=VECTOR('',#4063,10.);
#1056=VECTOR('',#4064,10.);
#1057=VECTOR('',#4067,10.);
#1058=VECTOR('',#4068,10.);
#1059=VECTOR('',#4069,10.);
#1060=VECTOR('',#4072,10.);
#1061=VECTOR('',#4073,10.);
#1062=VECTOR('',#4074,10.);
#1063=VECTOR('',#4077,10.);
#1064=VECTOR('',#4078,10.);
#1065=VECTOR('',#4079,10.);
#1066=VECTOR('',#4082,10.);
#1067=VECTOR('',#4083,10.);
#1068=VECTOR('',#4084,10.);
#1069=VECTOR('',#4087,10.);
#1070=VECTOR('',#4088,10.);
#1071=VECTOR('',#4089,10.);
#1072=VECTOR('',#4092,10.);
#1073=VECTOR('',#4093,10.);
#1074=VECTOR('',#4094,10.);
#1075=VECTOR('',#4095,10.);
#1076=VECTOR('',#4096,10.);
#1077=VECTOR('',#4097,10.);
#1078=VECTOR('',#4098,10.);
#1079=VECTOR('',#4101,10.);
#1080=VECTOR('',#4102,10.);
#1081=VECTOR('',#4103,10.);
#1082=VECTOR('',#4106,10.);
#1083=VECTOR('',#4107,10.);
#1084=VECTOR('',#4108,10.);
#1085=VECTOR('',#4111,10.);
#1086=VECTOR('',#4112,10.);
#1087=VECTOR('',#4113,10.);
#1088=VECTOR('',#4114,10.);
#1089=VECTOR('',#4115,10.);
#1090=VECTOR('',#4118,10.);
#1091=VECTOR('',#4119,10.);
#1092=VECTOR('',#4120,10.);
#1093=VECTOR('',#4123,10.);
#1094=VECTOR('',#4124,10.);
#1095=VECTOR('',#4125,10.);
#1096=VECTOR('',#4128,10.);
#1097=VECTOR('',#4129,10.);
#1098=VECTOR('',#4130,10.);
#1099=VECTOR('',#4131,10.);
#1100=VECTOR('',#4132,10.);
#1101=VECTOR('',#4133,10.);
#1102=VECTOR('',#4134,10.);
#1103=VECTOR('',#4137,10.);
#1104=VECTOR('',#4138,10.);
#1105=VECTOR('',#4139,10.);
#1106=VECTOR('',#4142,10.);
#1107=VECTOR('',#4143,10.);
#1108=VECTOR('',#4164,10.);
#1109=VECTOR('',#4165,10.);
#1110=VECTOR('',#4178,10.);
#1111=VECTOR('',#4179,10.);
#1112=VECTOR('',#4192,10.);
#1113=VECTOR('',#4193,10.);
#1114=VECTOR('',#4204,10.);
#1115=VECTOR('',#4205,10.);
#1116=VECTOR('',#4208,10.);
#1117=VECTOR('',#4209,10.);
#1118=VECTOR('',#4210,10.);
#1119=VECTOR('',#4213,10.);
#1120=VECTOR('',#4216,10.);
#1121=VECTOR('',#4221,10.);
#1122=VECTOR('',#4222,10.);
#1123=VECTOR('',#4225,10.);
#1124=VECTOR('',#4244,10.);
#1125=VECTOR('',#4255,10.);
#1126=VECTOR('',#4256,10.);
#1127=VECTOR('',#4269,10.);
#1128=VECTOR('',#4270,10.);
#1129=VECTOR('',#4281,10.);
#1130=VECTOR('',#4282,10.);
#1131=VECTOR('',#4285,10.);
#1132=VECTOR('',#4288,10.);
#1133=VECTOR('',#4311,10.);
#1134=VECTOR('',#4312,10.);
#1135=VECTOR('',#4315,10.);
#1136=VECTOR('',#4320,10.);
#1137=VECTOR('',#4323,10.);
#1138=VECTOR('',#4324,10.);
#1139=VECTOR('',#4341,10.);
#1140=VECTOR('',#4342,10.);
#1141=VECTOR('',#4379,10.);
#1142=VECTOR('',#4384,10.);
#1143=VECTOR('',#4385,10.);
#1144=VECTOR('',#4396,4.00000000000001);
#1145=VECTOR('',#4399,3.99999999999999);
#1146=B_SPLINE_CURVE_WITH_KNOTS('',3,(#4409,#4410,#4411,#4412),
 .UNSPECIFIED.,.F.,.F.,(4,4),(0.,0.124634779084973),.UNSPECIFIED.);
#1147=B_SPLINE_CURVE_WITH_KNOTS('',2,(#4416,#4417,#4418),.UNSPECIFIED.,
 .F.,.F.,(3,3),(0.,1.),.UNSPECIFIED.);
#1148=B_SPLINE_CURVE_WITH_KNOTS('',3,(#4427,#4428,#4429,#4430),
 .UNSPECIFIED.,.F.,.F.,(4,4),(0.,0.160344310590227),.UNSPECIFIED.);
#1149=B_SPLINE_CURVE_WITH_KNOTS('',2,(#4432,#4433,#4434),.UNSPECIFIED.,
 .F.,.F.,(3,3),(0.,1.),.UNSPECIFIED.);
#1150=B_SPLINE_CURVE_WITH_KNOTS('',3,(#4450,#4451,#4452,#4453),
 .UNSPECIFIED.,.F.,.F.,(4,4),(0.,0.449421846944445),.UNSPECIFIED.);
#1151=B_SPLINE_CURVE_WITH_KNOTS('',2,(#4457,#4458,#4459),.UNSPECIFIED.,
 .F.,.F.,(3,3),(0.,1.),.UNSPECIFIED.);
#1152=B_SPLINE_CURVE_WITH_KNOTS('',3,(#4468,#4469,#4470,#4471),
 .UNSPECIFIED.,.F.,.F.,(4,4),(0.,0.608461205453505),.UNSPECIFIED.);
#1153=B_SPLINE_CURVE_WITH_KNOTS('',2,(#4473,#4474,#4475),.UNSPECIFIED.,
 .F.,.F.,(3,3),(0.,1.),.UNSPECIFIED.);
#1154=B_SPLINE_CURVE_WITH_KNOTS('',3,(#4490,#4491,#4492,#4493),
 .UNSPECIFIED.,.F.,.F.,(4,4),(0.,0.446455537947925),.UNSPECIFIED.);
#1155=B_SPLINE_CURVE_WITH_KNOTS('',2,(#4495,#4496,#4497),.UNSPECIFIED.,
 .F.,.F.,(3,3),(0.,1.),.UNSPECIFIED.);
#1156=B_SPLINE_CURVE_WITH_KNOTS('',3,(#4506,#4507,#4508,#4509),
 .UNSPECIFIED.,.F.,.F.,(4,4),(0.,0.446412337219051),.UNSPECIFIED.);
#1157=B_SPLINE_CURVE_WITH_KNOTS('',2,(#4511,#4512,#4513),.UNSPECIFIED.,
 .F.,.F.,(3,3),(0.,1.),.UNSPECIFIED.);
#1158=B_SPLINE_CURVE_WITH_KNOTS('',3,(#4522,#4523,#4524,#4525),
 .UNSPECIFIED.,.F.,.F.,(4,4),(0.,0.465160139295491),.UNSPECIFIED.);
#1159=B_SPLINE_CURVE_WITH_KNOTS('',2,(#4527,#4528,#4529),.UNSPECIFIED.,
 .F.,.F.,(3,3),(0.,1.),.UNSPECIFIED.);
#1160=B_SPLINE_CURVE_WITH_KNOTS('',3,(#4538,#4539,#4540,#4541),
 .UNSPECIFIED.,.F.,.F.,(4,4),(0.,0.188397454153129),.UNSPECIFIED.);
#1161=B_SPLINE_CURVE_WITH_KNOTS('',2,(#4543,#4544,#4545),.UNSPECIFIED.,
 .F.,.F.,(3,3),(0.,1.),.UNSPECIFIED.);
#1162=B_SPLINE_CURVE_WITH_KNOTS('',3,(#4554,#4555,#4556,#4557),
 .UNSPECIFIED.,.F.,.F.,(4,4),(0.,0.313295371977256),.UNSPECIFIED.);
#1163=B_SPLINE_CURVE_WITH_KNOTS('',2,(#4559,#4560,#4561),.UNSPECIFIED.,
 .F.,.F.,(3,3),(0.,1.),.UNSPECIFIED.);
#1164=B_SPLINE_CURVE_WITH_KNOTS('',3,(#4570,#4571,#4572,#4573),
 .UNSPECIFIED.,.F.,.F.,(4,4),(0.,0.139448801274959),.UNSPECIFIED.);
#1165=B_SPLINE_CURVE_WITH_KNOTS('',2,(#4575,#4576,#4577),.UNSPECIFIED.,
 .F.,.F.,(3,3),(0.,1.),.UNSPECIFIED.);
#1166=B_SPLINE_CURVE_WITH_KNOTS('',3,(#4586,#4587,#4588,#4589),
 .UNSPECIFIED.,.F.,.F.,(4,4),(0.,0.131987512512971),.UNSPECIFIED.);
#1167=B_SPLINE_CURVE_WITH_KNOTS('',2,(#4591,#4592,#4593),.UNSPECIFIED.,
 .F.,.F.,(3,3),(0.,1.),.UNSPECIFIED.);
#1168=B_SPLINE_CURVE_WITH_KNOTS('',3,(#4602,#4603,#4604,#4605),
 .UNSPECIFIED.,.F.,.F.,(4,4),(0.,0.205622522766219),.UNSPECIFIED.);
#1169=B_SPLINE_CURVE_WITH_KNOTS('',2,(#4607,#4608,#4609),.UNSPECIFIED.,
 .F.,.F.,(3,3),(0.,1.),.UNSPECIFIED.);
#1170=B_SPLINE_CURVE_WITH_KNOTS('',3,(#4624,#4625,#4626,#4627),
 .UNSPECIFIED.,.F.,.F.,(4,4),(0.,0.345734742997165),.UNSPECIFIED.);
#1171=B_SPLINE_CURVE_WITH_KNOTS('',2,(#4629,#4630,#4631),.UNSPECIFIED.,
 .F.,.F.,(3,3),(0.,1.),.UNSPECIFIED.);
#1172=B_SPLINE_CURVE_WITH_KNOTS('',3,(#4640,#4641,#4642,#4643),
 .UNSPECIFIED.,.F.,.F.,(4,4),(0.,0.294925269031795),.UNSPECIFIED.);
#1173=B_SPLINE_CURVE_WITH_KNOTS('',2,(#4645,#4646,#4647),.UNSPECIFIED.,
 .F.,.F.,(3,3),(0.,1.),.UNSPECIFIED.);
#1174=B_SPLINE_CURVE_WITH_KNOTS('',3,(#4656,#4657,#4658,#4659),
 .UNSPECIFIED.,.F.,.F.,(4,4),(0.,0.30698503924044),.UNSPECIFIED.);
#1175=B_SPLINE_CURVE_WITH_KNOTS('',2,(#4661,#4662,#4663),.UNSPECIFIED.,
 .F.,.F.,(3,3),(0.,1.),.UNSPECIFIED.);
#1176=B_SPLINE_CURVE_WITH_KNOTS('',3,(#4671,#4672,#4673,#4674),
 .UNSPECIFIED.,.F.,.F.,(4,4),(0.,0.14177741138015),.UNSPECIFIED.);
#1177=B_SPLINE_CURVE_WITH_KNOTS('',2,(#4675,#4676,#4677),.UNSPECIFIED.,
 .F.,.F.,(3,3),(0.,1.),.UNSPECIFIED.);
#1178=B_SPLINE_CURVE_WITH_KNOTS('',3,(#4697,#4698,#4699,#4700),
 .UNSPECIFIED.,.F.,.F.,(4,4),(0.,0.512015729666259),.UNSPECIFIED.);
#1179=B_SPLINE_CURVE_WITH_KNOTS('',2,(#4702,#4703,#4704),.UNSPECIFIED.,
 .F.,.F.,(3,3),(0.,1.),.UNSPECIFIED.);
#1180=B_SPLINE_CURVE_WITH_KNOTS('',3,(#4713,#4714,#4715,#4716),
 .UNSPECIFIED.,.F.,.F.,(4,4),(0.,0.450516815241358),.UNSPECIFIED.);
#1181=B_SPLINE_CURVE_WITH_KNOTS('',2,(#4718,#4719,#4720),.UNSPECIFIED.,
 .F.,.F.,(3,3),(0.,1.),.UNSPECIFIED.);
#1182=B_SPLINE_CURVE_WITH_KNOTS('',3,(#4729,#4730,#4731,#4732),
 .UNSPECIFIED.,.F.,.F.,(4,4),(0.,0.623006970040803),.UNSPECIFIED.);
#1183=B_SPLINE_CURVE_WITH_KNOTS('',2,(#4734,#4735,#4736),.UNSPECIFIED.,
 .F.,.F.,(3,3),(0.,1.),.UNSPECIFIED.);
#1184=B_SPLINE_CURVE_WITH_KNOTS('',3,(#4745,#4746,#4747,#4748),
 .UNSPECIFIED.,.F.,.F.,(4,4),(0.,0.687831807654102),.UNSPECIFIED.);
#1185=B_SPLINE_CURVE_WITH_KNOTS('',2,(#4750,#4751,#4752),.UNSPECIFIED.,
 .F.,.F.,(3,3),(0.,1.),.UNSPECIFIED.);
#1186=B_SPLINE_CURVE_WITH_KNOTS('',3,(#4761,#4762,#4763,#4764),
 .UNSPECIFIED.,.F.,.F.,(4,4),(0.,0.483865821678625),.UNSPECIFIED.);
#1187=B_SPLINE_CURVE_WITH_KNOTS('',2,(#4766,#4767,#4768),.UNSPECIFIED.,
 .F.,.F.,(3,3),(0.,1.),.UNSPECIFIED.);
#1188=B_SPLINE_CURVE_WITH_KNOTS('',3,(#4777,#4778,#4779,#4780),
 .UNSPECIFIED.,.F.,.F.,(4,4),(0.,0.737079799712553),.UNSPECIFIED.);
#1189=B_SPLINE_CURVE_WITH_KNOTS('',2,(#4782,#4783,#4784),.UNSPECIFIED.,
 .F.,.F.,(3,3),(0.,1.),.UNSPECIFIED.);
#1190=B_SPLINE_CURVE_WITH_KNOTS('',3,(#4811,#4812,#4813,#4814),
 .UNSPECIFIED.,.F.,.F.,(4,4),(0.,0.314648348847254),.UNSPECIFIED.);
#1191=B_SPLINE_CURVE_WITH_KNOTS('',2,(#4816,#4817,#4818),.UNSPECIFIED.,
 .F.,.F.,(3,3),(0.,1.),.UNSPECIFIED.);
#1192=B_SPLINE_CURVE_WITH_KNOTS('',3,(#4826,#4827,#4828,#4829),
 .UNSPECIFIED.,.F.,.F.,(4,4),(0.,0.316337712600426),.UNSPECIFIED.);
#1193=B_SPLINE_CURVE_WITH_KNOTS('',2,(#4830,#4831,#4832),.UNSPECIFIED.,
 .F.,.F.,(3,3),(0.,1.),.UNSPECIFIED.);
#1194=B_SPLINE_CURVE_WITH_KNOTS('',3,(#4842,#4843,#4844,#4845,#4846,#4847),
 .UNSPECIFIED.,.F.,.F.,(4,2,4),(0.,0.192949103781828,0.342815122089012),
 .UNSPECIFIED.);
#1195=B_SPLINE_CURVE_WITH_KNOTS('',2,(#4851,#4852,#4853),.UNSPECIFIED.,
 .F.,.F.,(3,3),(0.,1.),.UNSPECIFIED.);
#1196=B_SPLINE_CURVE_WITH_KNOTS('',3,(#4862,#4863,#4864,#4865),
 .UNSPECIFIED.,.F.,.F.,(4,4),(0.,0.143242460522222),.UNSPECIFIED.);
#1197=B_SPLINE_CURVE_WITH_KNOTS('',2,(#4867,#4868,#4869),.UNSPECIFIED.,
 .F.,.F.,(3,3),(0.,1.),.UNSPECIFIED.);
#1198=B_SPLINE_CURVE_WITH_KNOTS('',3,(#4878,#4879,#4880,#4881),
 .UNSPECIFIED.,.F.,.F.,(4,4),(0.,0.14104339722096),.UNSPECIFIED.);
#1199=B_SPLINE_CURVE_WITH_KNOTS('',2,(#4883,#4884,#4885),.UNSPECIFIED.,
 .F.,.F.,(3,3),(0.,1.),.UNSPECIFIED.);
#1200=B_SPLINE_CURVE_WITH_KNOTS('',3,(#4894,#4895,#4896,#4897),
 .UNSPECIFIED.,.F.,.F.,(4,4),(0.,0.239311288508763),.UNSPECIFIED.);
#1201=B_SPLINE_CURVE_WITH_KNOTS('',2,(#4899,#4900,#4901),.UNSPECIFIED.,
 .F.,.F.,(3,3),(0.,1.),.UNSPECIFIED.);
#1202=B_SPLINE_CURVE_WITH_KNOTS('',3,(#4940,#4941,#4942,#4943),
 .UNSPECIFIED.,.F.,.F.,(4,4),(0.,0.291253824219213),.UNSPECIFIED.);
#1203=B_SPLINE_CURVE_WITH_KNOTS('',2,(#4945,#4946,#4947),.UNSPECIFIED.,
 .F.,.F.,(3,3),(0.,1.),.UNSPECIFIED.);
#1204=B_SPLINE_CURVE_WITH_KNOTS('',3,(#4956,#4957,#4958,#4959),
 .UNSPECIFIED.,.F.,.F.,(4,4),(0.,0.287231021290958),.UNSPECIFIED.);
#1205=B_SPLINE_CURVE_WITH_KNOTS('',2,(#4961,#4962,#4963),.UNSPECIFIED.,
 .F.,.F.,(3,3),(0.,1.),.UNSPECIFIED.);
#1206=B_SPLINE_CURVE_WITH_KNOTS('',3,(#4972,#4973,#4974,#4975),
 .UNSPECIFIED.,.F.,.F.,(4,4),(0.,0.416656562611159),.UNSPECIFIED.);
#1207=B_SPLINE_CURVE_WITH_KNOTS('',2,(#4977,#4978,#4979),.UNSPECIFIED.,
 .F.,.F.,(3,3),(0.,1.),.UNSPECIFIED.);
#1208=B_SPLINE_CURVE_WITH_KNOTS('',3,(#4988,#4989,#4990,#4991),
 .UNSPECIFIED.,.F.,.F.,(4,4),(0.,0.340804734057969),.UNSPECIFIED.);
#1209=B_SPLINE_CURVE_WITH_KNOTS('',2,(#4993,#4994,#4995),.UNSPECIFIED.,
 .F.,.F.,(3,3),(0.,1.),.UNSPECIFIED.);
#1210=B_SPLINE_CURVE_WITH_KNOTS('',3,(#5004,#5005,#5006,#5007),
 .UNSPECIFIED.,.F.,.F.,(4,4),(0.,0.459068858030684),.UNSPECIFIED.);
#1211=B_SPLINE_CURVE_WITH_KNOTS('',2,(#5009,#5010,#5011),.UNSPECIFIED.,
 .F.,.F.,(3,3),(0.,1.),.UNSPECIFIED.);
#1212=B_SPLINE_CURVE_WITH_KNOTS('',3,(#5051,#5052,#5053,#5054),
 .UNSPECIFIED.,.F.,.F.,(4,4),(0.,0.320578505717079),.UNSPECIFIED.);
#1213=B_SPLINE_CURVE_WITH_KNOTS('',2,(#5056,#5057,#5058),.UNSPECIFIED.,
 .F.,.F.,(3,3),(0.,1.),.UNSPECIFIED.);
#1214=B_SPLINE_CURVE_WITH_KNOTS('',3,(#5067,#5068,#5069,#5070),
 .UNSPECIFIED.,.F.,.F.,(4,4),(0.,0.144747136446538),.UNSPECIFIED.);
#1215=B_SPLINE_CURVE_WITH_KNOTS('',2,(#5072,#5073,#5074),.UNSPECIFIED.,
 .F.,.F.,(3,3),(0.,1.),.UNSPECIFIED.);
#1216=B_SPLINE_CURVE_WITH_KNOTS('',3,(#5083,#5084,#5085,#5086),
 .UNSPECIFIED.,.F.,.F.,(4,4),(0.,0.14109828429791),.UNSPECIFIED.);
#1217=B_SPLINE_CURVE_WITH_KNOTS('',2,(#5088,#5089,#5090),.UNSPECIFIED.,
 .F.,.F.,(3,3),(0.,1.),.UNSPECIFIED.);
#1218=B_SPLINE_CURVE_WITH_KNOTS('',3,(#5099,#5100,#5101,#5102),
 .UNSPECIFIED.,.F.,.F.,(4,4),(0.,0.155760892844849),.UNSPECIFIED.);
#1219=B_SPLINE_CURVE_WITH_KNOTS('',2,(#5104,#5105,#5106),.UNSPECIFIED.,
 .F.,.F.,(3,3),(0.,1.),.UNSPECIFIED.);
#1220=B_SPLINE_CURVE_WITH_KNOTS('',3,(#5115,#5116,#5117,#5118,#5119,#5120,
#5121,#5122),.UNSPECIFIED.,.F.,.F.,(4,2,2,4),(0.,0.173307252627893,0.237181254237709,
0.286929390110314),.UNSPECIFIED.);
#1221=B_SPLINE_CURVE_WITH_KNOTS('',2,(#5124,#5125,#5126),.UNSPECIFIED.,
 .F.,.F.,(3,3),(0.,1.),.UNSPECIFIED.);
#1222=B_SPLINE_CURVE_WITH_KNOTS('',3,(#5135,#5136,#5137,#5138),
 .UNSPECIFIED.,.F.,.F.,(4,4),(0.,0.19263307425599),.UNSPECIFIED.);
#1223=B_SPLINE_CURVE_WITH_KNOTS('',2,(#5140,#5141,#5142),.UNSPECIFIED.,
 .F.,.F.,(3,3),(0.,1.),.UNSPECIFIED.);
#1224=B_SPLINE_CURVE_WITH_KNOTS('',3,(#5151,#5152,#5153,#5154),
 .UNSPECIFIED.,.F.,.F.,(4,4),(0.,0.599663331440493),.UNSPECIFIED.);
#1225=B_SPLINE_CURVE_WITH_KNOTS('',2,(#5156,#5157,#5158),.UNSPECIFIED.,
 .F.,.F.,(3,3),(0.,1.),.UNSPECIFIED.);
#1226=B_SPLINE_CURVE_WITH_KNOTS('',3,(#5167,#5168,#5169,#5170),
 .UNSPECIFIED.,.F.,.F.,(4,4),(0.,0.430484002948007),.UNSPECIFIED.);
#1227=B_SPLINE_CURVE_WITH_KNOTS('',2,(#5172,#5173,#5174),.UNSPECIFIED.,
 .F.,.F.,(3,3),(0.,1.),.UNSPECIFIED.);
#1228=B_SPLINE_CURVE_WITH_KNOTS('',3,(#5183,#5184,#5185,#5186),
 .UNSPECIFIED.,.F.,.F.,(4,4),(0.,0.506622057156255),.UNSPECIFIED.);
#1229=B_SPLINE_CURVE_WITH_KNOTS('',2,(#5188,#5189,#5190),.UNSPECIFIED.,
 .F.,.F.,(3,3),(0.,1.),.UNSPECIFIED.);
#1230=B_SPLINE_CURVE_WITH_KNOTS('',3,(#5199,#5200,#5201,#5202),
 .UNSPECIFIED.,.F.,.F.,(4,4),(0.,0.407579234362225),.UNSPECIFIED.);
#1231=B_SPLINE_CURVE_WITH_KNOTS('',2,(#5204,#5205,#5206),.UNSPECIFIED.,
 .F.,.F.,(3,3),(0.,1.),.UNSPECIFIED.);
#1232=B_SPLINE_CURVE_WITH_KNOTS('',3,(#5215,#5216,#5217,#5218),
 .UNSPECIFIED.,.F.,.F.,(4,4),(0.,0.515655533118002),.UNSPECIFIED.);
#1233=B_SPLINE_CURVE_WITH_KNOTS('',2,(#5220,#5221,#5222),.UNSPECIFIED.,
 .F.,.F.,(3,3),(0.,1.),.UNSPECIFIED.);
#1234=B_SPLINE_CURVE_WITH_KNOTS('',3,(#5231,#5232,#5233,#5234),
 .UNSPECIFIED.,.F.,.F.,(4,4),(0.,0.490861369613694),.UNSPECIFIED.);
#1235=B_SPLINE_CURVE_WITH_KNOTS('',2,(#5236,#5237,#5238),.UNSPECIFIED.,
 .F.,.F.,(3,3),(0.,1.),.UNSPECIFIED.);
#1236=B_SPLINE_CURVE_WITH_KNOTS('',3,(#5247,#5248,#5249,#5250),
 .UNSPECIFIED.,.F.,.F.,(4,4),(0.,0.364637662779985),.UNSPECIFIED.);
#1237=B_SPLINE_CURVE_WITH_KNOTS('',2,(#5252,#5253,#5254),.UNSPECIFIED.,
 .F.,.F.,(3,3),(0.,1.),.UNSPECIFIED.);
#1238=B_SPLINE_CURVE_WITH_KNOTS('',3,(#5263,#5264,#5265,#5266),
 .UNSPECIFIED.,.F.,.F.,(4,4),(0.,0.255920001322342),.UNSPECIFIED.);
#1239=B_SPLINE_CURVE_WITH_KNOTS('',2,(#5268,#5269,#5270),.UNSPECIFIED.,
 .F.,.F.,(3,3),(0.,1.),.UNSPECIFIED.);
#1240=B_SPLINE_CURVE_WITH_KNOTS('',3,(#5279,#5280,#5281,#5282),
 .UNSPECIFIED.,.F.,.F.,(4,4),(0.,0.30850213450839),.UNSPECIFIED.);
#1241=B_SPLINE_CURVE_WITH_KNOTS('',2,(#5284,#5285,#5286),.UNSPECIFIED.,
 .F.,.F.,(3,3),(0.,1.),.UNSPECIFIED.);
#1242=B_SPLINE_CURVE_WITH_KNOTS('',3,(#5313,#5314,#5315,#5316),
 .UNSPECIFIED.,.F.,.F.,(4,4),(0.,0.260578834891017),.UNSPECIFIED.);
#1243=B_SPLINE_CURVE_WITH_KNOTS('',2,(#5318,#5319,#5320),.UNSPECIFIED.,
 .F.,.F.,(3,3),(0.,1.),.UNSPECIFIED.);
#1244=B_SPLINE_CURVE_WITH_KNOTS('',3,(#5329,#5330,#5331,#5332),
 .UNSPECIFIED.,.F.,.F.,(4,4),(0.,0.133165434946686),.UNSPECIFIED.);
#1245=B_SPLINE_CURVE_WITH_KNOTS('',2,(#5334,#5335,#5336),.UNSPECIFIED.,
 .F.,.F.,(3,3),(0.,1.),.UNSPECIFIED.);
#1246=B_SPLINE_CURVE_WITH_KNOTS('',3,(#5345,#5346,#5347,#5348,#5349,#5350,
#5351,#5352),.UNSPECIFIED.,.F.,.F.,(4,2,2,4),(0.,0.0631353072035962,0.0943150570909591,
0.125586525065933),.UNSPECIFIED.);
#1247=B_SPLINE_CURVE_WITH_KNOTS('',2,(#5354,#5355,#5356),.UNSPECIFIED.,
 .F.,.F.,(3,3),(0.,1.),.UNSPECIFIED.);
#1248=B_SPLINE_CURVE_WITH_KNOTS('',3,(#5365,#5366,#5367,#5368),
 .UNSPECIFIED.,.F.,.F.,(4,4),(0.,0.151125857354312),.UNSPECIFIED.);
#1249=B_SPLINE_CURVE_WITH_KNOTS('',2,(#5370,#5371,#5372),.UNSPECIFIED.,
 .F.,.F.,(3,3),(0.,1.),.UNSPECIFIED.);
#1250=B_SPLINE_CURVE_WITH_KNOTS('',3,(#5381,#5382,#5383,#5384),
 .UNSPECIFIED.,.F.,.F.,(4,4),(0.,0.187029135636581),.UNSPECIFIED.);
#1251=B_SPLINE_CURVE_WITH_KNOTS('',2,(#5386,#5387,#5388),.UNSPECIFIED.,
 .F.,.F.,(3,3),(0.,1.),.UNSPECIFIED.);
#1252=B_SPLINE_CURVE_WITH_KNOTS('',3,(#5397,#5398,#5399,#5400),
 .UNSPECIFIED.,.F.,.F.,(4,4),(0.,0.1666427138868),.UNSPECIFIED.);
#1253=B_SPLINE_CURVE_WITH_KNOTS('',2,(#5402,#5403,#5404),.UNSPECIFIED.,
 .F.,.F.,(3,3),(0.,1.),.UNSPECIFIED.);
#1254=B_SPLINE_CURVE_WITH_KNOTS('',3,(#5413,#5414,#5415,#5416),
 .UNSPECIFIED.,.F.,.F.,(4,4),(0.,0.352276199482647),.UNSPECIFIED.);
#1255=B_SPLINE_CURVE_WITH_KNOTS('',2,(#5418,#5419,#5420),.UNSPECIFIED.,
 .F.,.F.,(3,3),(0.,1.),.UNSPECIFIED.);
#1256=B_SPLINE_CURVE_WITH_KNOTS('',3,(#5429,#5430,#5431,#5432),
 .UNSPECIFIED.,.F.,.F.,(4,4),(0.,0.612572560628784),.UNSPECIFIED.);
#1257=B_SPLINE_CURVE_WITH_KNOTS('',2,(#5434,#5435,#5436),.UNSPECIFIED.,
 .F.,.F.,(3,3),(0.,1.),.UNSPECIFIED.);
#1258=B_SPLINE_CURVE_WITH_KNOTS('',3,(#5445,#5446,#5447,#5448),
 .UNSPECIFIED.,.F.,.F.,(4,4),(0.,0.495618798010552),.UNSPECIFIED.);
#1259=B_SPLINE_CURVE_WITH_KNOTS('',2,(#5450,#5451,#5452),.UNSPECIFIED.,
 .F.,.F.,(3,3),(0.,1.),.UNSPECIFIED.);
#1260=B_SPLINE_CURVE_WITH_KNOTS('',3,(#5461,#5462,#5463,#5464),
 .UNSPECIFIED.,.F.,.F.,(4,4),(0.,0.529233050006192),.UNSPECIFIED.);
#1261=B_SPLINE_CURVE_WITH_KNOTS('',2,(#5466,#5467,#5468),.UNSPECIFIED.,
 .F.,.F.,(3,3),(0.,1.),.UNSPECIFIED.);
#1262=B_SPLINE_CURVE_WITH_KNOTS('',3,(#5477,#5478,#5479,#5480),
 .UNSPECIFIED.,.F.,.F.,(4,4),(0.,0.420401397623303),.UNSPECIFIED.);
#1263=B_SPLINE_CURVE_WITH_KNOTS('',2,(#5482,#5483,#5484),.UNSPECIFIED.,
 .F.,.F.,(3,3),(0.,1.),.UNSPECIFIED.);
#1264=B_SPLINE_CURVE_WITH_KNOTS('',3,(#5493,#5494,#5495,#5496),
 .UNSPECIFIED.,.F.,.F.,(4,4),(0.,0.525650499082595),.UNSPECIFIED.);
#1265=B_SPLINE_CURVE_WITH_KNOTS('',2,(#5498,#5499,#5500),.UNSPECIFIED.,
 .F.,.F.,(3,3),(0.,1.),.UNSPECIFIED.);
#1266=B_SPLINE_CURVE_WITH_KNOTS('',3,(#5509,#5510,#5511,#5512),
 .UNSPECIFIED.,.F.,.F.,(4,4),(0.,0.582067325380988),.UNSPECIFIED.);
#1267=B_SPLINE_CURVE_WITH_KNOTS('',2,(#5514,#5515,#5516),.UNSPECIFIED.,
 .F.,.F.,(3,3),(0.,1.),.UNSPECIFIED.);
#1268=B_SPLINE_CURVE_WITH_KNOTS('',3,(#5525,#5526,#5527,#5528),
 .UNSPECIFIED.,.F.,.F.,(4,4),(0.,0.440156361647673),.UNSPECIFIED.);
#1269=B_SPLINE_CURVE_WITH_KNOTS('',2,(#5530,#5531,#5532),.UNSPECIFIED.,
 .F.,.F.,(3,3),(0.,1.),.UNSPECIFIED.);
#1270=B_SPLINE_CURVE_WITH_KNOTS('',3,(#5541,#5542,#5543,#5544,#5545,#5546),
 .UNSPECIFIED.,.F.,.F.,(4,2,4),(0.,0.218241096552101,0.536492190215002),
 .UNSPECIFIED.);
#1271=B_SPLINE_CURVE_WITH_KNOTS('',2,(#5548,#5549,#5550),.UNSPECIFIED.,
 .F.,.F.,(3,3),(0.,1.),.UNSPECIFIED.);
#1272=B_SPLINE_CURVE_WITH_KNOTS('',3,(#5564,#5565,#5566,#5567),
 .UNSPECIFIED.,.F.,.F.,(4,4),(0.,0.20219441643566),.UNSPECIFIED.);
#1273=B_SPLINE_CURVE_WITH_KNOTS('',2,(#5571,#5572,#5573),.UNSPECIFIED.,
 .F.,.F.,(3,3),(0.,1.),.UNSPECIFIED.);
#1274=B_SPLINE_CURVE_WITH_KNOTS('',3,(#5595,#5596,#5597,#5598),
 .UNSPECIFIED.,.F.,.F.,(4,4),(0.,0.497460649635997),.UNSPECIFIED.);
#1275=B_SPLINE_CURVE_WITH_KNOTS('',2,(#5602,#5603,#5604),.UNSPECIFIED.,
 .F.,.F.,(3,3),(0.,1.),.UNSPECIFIED.);
#1276=B_SPLINE_CURVE_WITH_KNOTS('',3,(#5613,#5614,#5615,#5616),
 .UNSPECIFIED.,.F.,.F.,(4,4),(0.,0.400853060765343),.UNSPECIFIED.);
#1277=B_SPLINE_CURVE_WITH_KNOTS('',2,(#5618,#5619,#5620),.UNSPECIFIED.,
 .F.,.F.,(3,3),(0.,1.),.UNSPECIFIED.);
#1278=B_SPLINE_CURVE_WITH_KNOTS('',3,(#5629,#5630,#5631,#5632),
 .UNSPECIFIED.,.F.,.F.,(4,4),(0.,0.351766776633751),.UNSPECIFIED.);
#1279=B_SPLINE_CURVE_WITH_KNOTS('',2,(#5634,#5635,#5636),.UNSPECIFIED.,
 .F.,.F.,(3,3),(0.,1.),.UNSPECIFIED.);
#1280=B_SPLINE_CURVE_WITH_KNOTS('',3,(#5645,#5646,#5647,#5648),
 .UNSPECIFIED.,.F.,.F.,(4,4),(0.,0.479084281889584),.UNSPECIFIED.);
#1281=B_SPLINE_CURVE_WITH_KNOTS('',2,(#5650,#5651,#5652),.UNSPECIFIED.,
 .F.,.F.,(3,3),(0.,1.),.UNSPECIFIED.);
#1282=B_SPLINE_CURVE_WITH_KNOTS('',3,(#5667,#5668,#5669,#5670),
 .UNSPECIFIED.,.F.,.F.,(4,4),(0.,0.598810140268445),.UNSPECIFIED.);
#1283=B_SPLINE_CURVE_WITH_KNOTS('',2,(#5672,#5673,#5674),.UNSPECIFIED.,
 .F.,.F.,(3,3),(0.,1.),.UNSPECIFIED.);
#1284=B_SPLINE_CURVE_WITH_KNOTS('',3,(#5683,#5684,#5685,#5686),
 .UNSPECIFIED.,.F.,.F.,(4,4),(0.,0.483942850372693),.UNSPECIFIED.);
#1285=B_SPLINE_CURVE_WITH_KNOTS('',2,(#5688,#5689,#5690),.UNSPECIFIED.,
 .F.,.F.,(3,3),(0.,1.),.UNSPECIFIED.);
#1286=B_SPLINE_CURVE_WITH_KNOTS('',3,(#5699,#5700,#5701,#5702),
 .UNSPECIFIED.,.F.,.F.,(4,4),(0.,0.550595866624509),.UNSPECIFIED.);
#1287=B_SPLINE_CURVE_WITH_KNOTS('',2,(#5704,#5705,#5706),.UNSPECIFIED.,
 .F.,.F.,(3,3),(0.,1.),.UNSPECIFIED.);
#1288=B_SPLINE_CURVE_WITH_KNOTS('',3,(#5715,#5716,#5717,#5718),
 .UNSPECIFIED.,.F.,.F.,(4,4),(0.,0.628721816870759),.UNSPECIFIED.);
#1289=B_SPLINE_CURVE_WITH_KNOTS('',2,(#5720,#5721,#5722),.UNSPECIFIED.,
 .F.,.F.,(3,3),(0.,1.),.UNSPECIFIED.);
#1290=B_SPLINE_CURVE_WITH_KNOTS('',3,(#5731,#5732,#5733,#5734),
 .UNSPECIFIED.,.F.,.F.,(4,4),(0.,0.511614411009321),.UNSPECIFIED.);
#1291=B_SPLINE_CURVE_WITH_KNOTS('',2,(#5736,#5737,#5738),.UNSPECIFIED.,
 .F.,.F.,(3,3),(0.,1.),.UNSPECIFIED.);
#1292=B_SPLINE_CURVE_WITH_KNOTS('',3,(#5747,#5748,#5749,#5750),
 .UNSPECIFIED.,.F.,.F.,(4,4),(0.,0.648241246315102),.UNSPECIFIED.);
#1293=B_SPLINE_CURVE_WITH_KNOTS('',2,(#5752,#5753,#5754),.UNSPECIFIED.,
 .F.,.F.,(3,3),(0.,1.),.UNSPECIFIED.);
#1294=B_SPLINE_CURVE_WITH_KNOTS('',3,(#5775,#5776,#5777,#5778),
 .UNSPECIFIED.,.F.,.F.,(4,4),(0.,0.300648760304785),.UNSPECIFIED.);
#1295=B_SPLINE_CURVE_WITH_KNOTS('',2,(#5780,#5781,#5782),.UNSPECIFIED.,
 .F.,.F.,(3,3),(0.,1.),.UNSPECIFIED.);
#1296=B_SPLINE_CURVE_WITH_KNOTS('',3,(#5791,#5792,#5793,#5794),
 .UNSPECIFIED.,.F.,.F.,(4,4),(0.,0.126454336179245),.UNSPECIFIED.);
#1297=B_SPLINE_CURVE_WITH_KNOTS('',2,(#5796,#5797,#5798),.UNSPECIFIED.,
 .F.,.F.,(3,3),(0.,1.),.UNSPECIFIED.);
#1298=B_SPLINE_CURVE_WITH_KNOTS('',3,(#5806,#5807,#5808,#5809),
 .UNSPECIFIED.,.F.,.F.,(4,4),(0.,0.144388569295765),.UNSPECIFIED.);
#1299=B_SPLINE_CURVE_WITH_KNOTS('',2,(#5810,#5811,#5812),.UNSPECIFIED.,
 .F.,.F.,(3,3),(0.,1.),.UNSPECIFIED.);
#1300=B_SPLINE_CURVE_WITH_KNOTS('',3,(#5832,#5833,#5834,#5835),
 .UNSPECIFIED.,.F.,.F.,(4,4),(0.,0.268202851851943),.UNSPECIFIED.);
#1301=B_SPLINE_CURVE_WITH_KNOTS('',2,(#5837,#5838,#5839),.UNSPECIFIED.,
 .F.,.F.,(3,3),(0.,1.),.UNSPECIFIED.);
#1302=B_SPLINE_CURVE_WITH_KNOTS('',3,(#5848,#5849,#5850,#5851),
 .UNSPECIFIED.,.F.,.F.,(4,4),(0.,0.129467687335699),.UNSPECIFIED.);
#1303=B_SPLINE_CURVE_WITH_KNOTS('',2,(#5853,#5854,#5855),.UNSPECIFIED.,
 .F.,.F.,(3,3),(0.,1.),.UNSPECIFIED.);
#1304=B_SPLINE_CURVE_WITH_KNOTS('',3,(#5864,#5865,#5866,#5867),
 .UNSPECIFIED.,.F.,.F.,(4,4),(0.,0.162873132003561),.UNSPECIFIED.);
#1305=B_SPLINE_CURVE_WITH_KNOTS('',2,(#5869,#5870,#5871),.UNSPECIFIED.,
 .F.,.F.,(3,3),(0.,1.),.UNSPECIFIED.);
#1306=B_SPLINE_CURVE_WITH_KNOTS('',3,(#5880,#5881,#5882,#5883),
 .UNSPECIFIED.,.F.,.F.,(4,4),(0.,0.232271185806734),.UNSPECIFIED.);
#1307=B_SPLINE_CURVE_WITH_KNOTS('',2,(#5885,#5886,#5887),.UNSPECIFIED.,
 .F.,.F.,(3,3),(0.,1.),.UNSPECIFIED.);
#1308=B_SPLINE_CURVE_WITH_KNOTS('',3,(#5914,#5915,#5916,#5917),
 .UNSPECIFIED.,.F.,.F.,(4,4),(0.,0.399280719699513),.UNSPECIFIED.);
#1309=B_SPLINE_CURVE_WITH_KNOTS('',2,(#5919,#5920,#5921),.UNSPECIFIED.,
 .F.,.F.,(3,3),(0.,1.),.UNSPECIFIED.);
#1310=B_SPLINE_CURVE_WITH_KNOTS('',3,(#5930,#5931,#5932,#5933),
 .UNSPECIFIED.,.F.,.F.,(4,4),(0.,0.343639449739235),.UNSPECIFIED.);
#1311=B_SPLINE_CURVE_WITH_KNOTS('',2,(#5935,#5936,#5937),.UNSPECIFIED.,
 .F.,.F.,(3,3),(0.,1.),.UNSPECIFIED.);
#1312=B_SPLINE_CURVE_WITH_KNOTS('',3,(#5946,#5947,#5948,#5949),
 .UNSPECIFIED.,.F.,.F.,(4,4),(0.,0.40252472375319),.UNSPECIFIED.);
#1313=B_SPLINE_CURVE_WITH_KNOTS('',2,(#5951,#5952,#5953),.UNSPECIFIED.,
 .F.,.F.,(3,3),(0.,1.),.UNSPECIFIED.);
#1314=B_SPLINE_CURVE_WITH_KNOTS('',3,(#5961,#5962,#5963,#5964),
 .UNSPECIFIED.,.F.,.F.,(4,4),(0.,0.48234985801913),.UNSPECIFIED.);
#1315=B_SPLINE_CURVE_WITH_KNOTS('',2,(#5965,#5966,#5967),.UNSPECIFIED.,
 .F.,.F.,(3,3),(0.,1.),.UNSPECIFIED.);
#1316=B_SPLINE_CURVE_WITH_KNOTS('',3,(#5977,#5978,#5979,#5980),
 .UNSPECIFIED.,.F.,.F.,(4,4),(0.,0.117928391009605),.UNSPECIFIED.);
#1317=B_SPLINE_CURVE_WITH_KNOTS('',2,(#5984,#5985,#5986),.UNSPECIFIED.,
 .F.,.F.,(3,3),(0.,1.),.UNSPECIFIED.);
#1318=B_SPLINE_CURVE_WITH_KNOTS('',3,(#5995,#5996,#5997,#5998),
 .UNSPECIFIED.,.F.,.F.,(4,4),(0.,0.139536380874494),.UNSPECIFIED.);
#1319=B_SPLINE_CURVE_WITH_KNOTS('',2,(#6000,#6001,#6002),.UNSPECIFIED.,
 .F.,.F.,(3,3),(0.,1.),.UNSPECIFIED.);
#1320=B_SPLINE_CURVE_WITH_KNOTS('',3,(#6047,#6048,#6049,#6050),
 .UNSPECIFIED.,.F.,.F.,(4,4),(0.,0.625728818229609),.UNSPECIFIED.);
#1321=B_SPLINE_CURVE_WITH_KNOTS('',2,(#6052,#6053,#6054),.UNSPECIFIED.,
 .F.,.F.,(3,3),(0.,1.),.UNSPECIFIED.);
#1322=B_SPLINE_CURVE_WITH_KNOTS('',3,(#6063,#6064,#6065,#6066),
 .UNSPECIFIED.,.F.,.F.,(4,4),(0.,0.327611203600169),.UNSPECIFIED.);
#1323=B_SPLINE_CURVE_WITH_KNOTS('',2,(#6068,#6069,#6070),.UNSPECIFIED.,
 .F.,.F.,(3,3),(0.,1.),.UNSPECIFIED.);
#1324=B_SPLINE_CURVE_WITH_KNOTS('',3,(#6079,#6080,#6081,#6082),
 .UNSPECIFIED.,.F.,.F.,(4,4),(0.,0.316130701793469),.UNSPECIFIED.);
#1325=B_SPLINE_CURVE_WITH_KNOTS('',2,(#6084,#6085,#6086),.UNSPECIFIED.,
 .F.,.F.,(3,3),(0.,1.),.UNSPECIFIED.);
#1326=B_SPLINE_CURVE_WITH_KNOTS('',3,(#6095,#6096,#6097,#6098),
 .UNSPECIFIED.,.F.,.F.,(4,4),(0.,0.464992715125418),.UNSPECIFIED.);
#1327=B_SPLINE_CURVE_WITH_KNOTS('',2,(#6100,#6101,#6102),.UNSPECIFIED.,
 .F.,.F.,(3,3),(0.,1.),.UNSPECIFIED.);
#1328=B_SPLINE_CURVE_WITH_KNOTS('',3,(#6122,#6123,#6124,#6125),
 .UNSPECIFIED.,.F.,.F.,(4,4),(0.,0.273738314047123),.UNSPECIFIED.);
#1329=B_SPLINE_CURVE_WITH_KNOTS('',2,(#6126,#6127,#6128),.UNSPECIFIED.,
 .F.,.F.,(3,3),(0.,1.),.UNSPECIFIED.);
#1330=B_SPLINE_CURVE_WITH_KNOTS('',3,(#6138,#6139,#6140,#6141),
 .UNSPECIFIED.,.F.,.F.,(4,4),(0.,0.112800283120486),.UNSPECIFIED.);
#1331=B_SPLINE_CURVE_WITH_KNOTS('',2,(#6145,#6146,#6147),.UNSPECIFIED.,
 .F.,.F.,(3,3),(0.,1.),.UNSPECIFIED.);
#1332=B_SPLINE_CURVE_WITH_KNOTS('',3,(#6156,#6157,#6158,#6159,#6160,#6161,
#6162,#6163),.UNSPECIFIED.,.F.,.F.,(4,2,2,4),(0.,0.0877657180445125,0.12663947762661,
0.163876438429876),.UNSPECIFIED.);
#1333=B_SPLINE_CURVE_WITH_KNOTS('',2,(#6165,#6166,#6167),.UNSPECIFIED.,
 .F.,.F.,(3,3),(0.,1.),.UNSPECIFIED.);
#1334=B_SPLINE_CURVE_WITH_KNOTS('',3,(#6176,#6177,#6178,#6179),
 .UNSPECIFIED.,.F.,.F.,(4,4),(0.,0.13818658390617),.UNSPECIFIED.);
#1335=B_SPLINE_CURVE_WITH_KNOTS('',2,(#6181,#6182,#6183),.UNSPECIFIED.,
 .F.,.F.,(3,3),(0.,1.),.UNSPECIFIED.);
#1336=B_SPLINE_CURVE_WITH_KNOTS('',3,(#6192,#6193,#6194,#6195),
 .UNSPECIFIED.,.F.,.F.,(4,4),(0.,0.214107961505957),.UNSPECIFIED.);
#1337=B_SPLINE_CURVE_WITH_KNOTS('',2,(#6197,#6198,#6199),.UNSPECIFIED.,
 .F.,.F.,(3,3),(0.,1.),.UNSPECIFIED.);
#1338=B_SPLINE_CURVE_WITH_KNOTS('',3,(#6226,#6227,#6228,#6229),
 .UNSPECIFIED.,.F.,.F.,(4,4),(0.,0.63863240083485),.UNSPECIFIED.);
#1339=B_SPLINE_CURVE_WITH_KNOTS('',2,(#6231,#6232,#6233),.UNSPECIFIED.,
 .F.,.F.,(3,3),(0.,1.),.UNSPECIFIED.);
#1340=B_SPLINE_CURVE_WITH_KNOTS('',3,(#6242,#6243,#6244,#6245),
 .UNSPECIFIED.,.F.,.F.,(4,4),(0.,0.294335085372863),.UNSPECIFIED.);
#1341=B_SPLINE_CURVE_WITH_KNOTS('',2,(#6247,#6248,#6249),.UNSPECIFIED.,
 .F.,.F.,(3,3),(0.,1.),.UNSPECIFIED.);
#1342=B_SPLINE_CURVE_WITH_KNOTS('',3,(#6258,#6259,#6260,#6261),
 .UNSPECIFIED.,.F.,.F.,(4,4),(0.,0.29862053451553),.UNSPECIFIED.);
#1343=B_SPLINE_CURVE_WITH_KNOTS('',2,(#6263,#6264,#6265),.UNSPECIFIED.,
 .F.,.F.,(3,3),(0.,1.),.UNSPECIFIED.);
#1344=B_SPLINE_CURVE_WITH_KNOTS('',3,(#6274,#6275,#6276,#6277),
 .UNSPECIFIED.,.F.,.F.,(4,4),(0.,0.444176901454102),.UNSPECIFIED.);
#1345=B_SPLINE_CURVE_WITH_KNOTS('',2,(#6279,#6280,#6281),.UNSPECIFIED.,
 .F.,.F.,(3,3),(0.,1.),.UNSPECIFIED.);
#1346=B_SPLINE_CURVE_WITH_KNOTS('',3,(#6375,#6376,#6377,#6378,#6379,#6380,
#6381,#6382,#6383,#6384,#6385,#6386,#6387,#6388),.UNSPECIFIED.,.F.,.F.,
(4,2,2,2,2,2,4),(-0.000986926729555095,0.,0.0908306924716838,0.178385314241372,
0.29340720696884,0.384323899954475,0.449233019042479),.UNSPECIFIED.);
#1347=B_SPLINE_CURVE_WITH_KNOTS('',3,(#6418,#6419,#6420,#6421,#6422,#6423,
#6424,#6425,#6426,#6427,#6428,#6429,#6430,#6431),.UNSPECIFIED.,.F.,.F.,
(4,2,2,2,2,2,4),(1.17048551299625,1.23512369958813,1.32566090372977,1.44020269182891,
1.52739185813486,1.6178434207315,1.61882622800137),.UNSPECIFIED.);
#1348=B_SPLINE_CURVE_WITH_KNOTS('',3,(#6451,#6452,#6453,#6454,#6455,#6456,
#6457,#6458,#6459,#6460,#6461,#6462,#6463,#6464),.UNSPECIFIED.,.F.,.F.,
(4,2,2,2,2,2,4),(1.77670803385502,2.07633284759278,2.53774066759728,2.73065210643685,
2.84891404197975,2.92300391871078,2.95036116435988),.UNSPECIFIED.);
#1349=B_SPLINE_CURVE_WITH_KNOTS('',3,(#6469,#6470,#6471,#6472,#6473,#6474,
#6475,#6476,#6477,#6478,#6479,#6480,#6481,#6482),.UNSPECIFIED.,.F.,.F.,
(4,2,2,2,2,2,4),(8.23127823030348,8.27778442914542,8.34325460835719,8.44998141023972,
8.65226842258961,9.01981977770571,9.2876758077503),.UNSPECIFIED.);
#1350=B_SPLINE_CURVE_WITH_KNOTS('',3,(#6549,#6550,#6551,#6552,#6553,#6554,
#6555,#6556,#6557,#6558,#6559,#6560,#6561,#6562),.UNSPECIFIED.,.F.,.F.,
(4,2,2,2,2,2,4),(-4.85854217675714,-4.8567321746432,-4.79004319157883,-4.30839208447408,
-3.67627040820119,-3.05101435133078,-2.75492028714282),.UNSPECIFIED.);
#1351=B_SPLINE_CURVE_WITH_KNOTS('',3,(#6576,#6577,#6578,#6579,#6580,#6581,
#6582,#6583,#6584,#6585,#6586,#6587,#6588,#6589),.UNSPECIFIED.,.F.,.F.,
(4,2,2,2,2,2,4),(-4.85854217664368,-4.85673217452962,-4.79004319150531,
-4.30839208438908,-3.67627040812881,-3.05101435127093,-2.75492028708889),
 .UNSPECIFIED.);
#1352=VERTEX_POINT('',#4407);
#1353=VERTEX_POINT('',#4408);
#1354=VERTEX_POINT('',#4413);
#1355=VERTEX_POINT('',#4415);
#1356=VERTEX_POINT('',#4426);
#1357=VERTEX_POINT('',#4431);
#1358=VERTEX_POINT('',#4437);
#1359=VERTEX_POINT('',#4439);
#1360=VERTEX_POINT('',#4448);
#1361=VERTEX_POINT('',#4449);
#1362=VERTEX_POINT('',#4454);
#1363=VERTEX_POINT('',#4456);
#1364=VERTEX_POINT('',#4467);
#1365=VERTEX_POINT('',#4472);
#1366=VERTEX_POINT('',#4478);
#1367=VERTEX_POINT('',#4480);
#1368=VERTEX_POINT('',#4489);
#1369=VERTEX_POINT('',#4494);
#1370=VERTEX_POINT('',#4505);
#1371=VERTEX_POINT('',#4510);
#1372=VERTEX_POINT('',#4521);
#1373=VERTEX_POINT('',#4526);
#1374=VERTEX_POINT('',#4537);
#1375=VERTEX_POINT('',#4542);
#1376=VERTEX_POINT('',#4553);
#1377=VERTEX_POINT('',#4558);
#1378=VERTEX_POINT('',#4569);
#1379=VERTEX_POINT('',#4574);
#1380=VERTEX_POINT('',#4585);
#1381=VERTEX_POINT('',#4590);
#1382=VERTEX_POINT('',#4601);
#1383=VERTEX_POINT('',#4606);
#1384=VERTEX_POINT('',#4612);
#1385=VERTEX_POINT('',#4614);
#1386=VERTEX_POINT('',#4623);
#1387=VERTEX_POINT('',#4628);
#1388=VERTEX_POINT('',#4639);
#1389=VERTEX_POINT('',#4644);
#1390=VERTEX_POINT('',#4655);
#1391=VERTEX_POINT('',#4660);
#1392=VERTEX_POINT('',#4679);
#1393=VERTEX_POINT('',#4681);
#1394=VERTEX_POINT('',#4685);
#1395=VERTEX_POINT('',#4687);
#1396=VERTEX_POINT('',#4696);
#1397=VERTEX_POINT('',#4701);
#1398=VERTEX_POINT('',#4712);
#1399=VERTEX_POINT('',#4717);
#1400=VERTEX_POINT('',#4728);
#1401=VERTEX_POINT('',#4733);
#1402=VERTEX_POINT('',#4744);
#1403=VERTEX_POINT('',#4749);
#1404=VERTEX_POINT('',#4760);
#1405=VERTEX_POINT('',#4765);
#1406=VERTEX_POINT('',#4776);
#1407=VERTEX_POINT('',#4781);
#1408=VERTEX_POINT('',#4787);
#1409=VERTEX_POINT('',#4789);
#1410=VERTEX_POINT('',#4793);
#1411=VERTEX_POINT('',#4795);
#1412=VERTEX_POINT('',#4799);
#1413=VERTEX_POINT('',#4801);
#1414=VERTEX_POINT('',#4810);
#1415=VERTEX_POINT('',#4815);
#1416=VERTEX_POINT('',#4840);
#1417=VERTEX_POINT('',#4841);
#1418=VERTEX_POINT('',#4848);
#1419=VERTEX_POINT('',#4850);
#1420=VERTEX_POINT('',#4861);
#1421=VERTEX_POINT('',#4866);
#1422=VERTEX_POINT('',#4877);
#1423=VERTEX_POINT('',#4882);
#1424=VERTEX_POINT('',#4893);
#1425=VERTEX_POINT('',#4898);
#1426=VERTEX_POINT('',#4904);
#1427=VERTEX_POINT('',#4906);
#1428=VERTEX_POINT('',#4910);
#1429=VERTEX_POINT('',#4912);
#1430=VERTEX_POINT('',#4916);
#1431=VERTEX_POINT('',#4918);
#1432=VERTEX_POINT('',#4922);
#1433=VERTEX_POINT('',#4924);
#1434=VERTEX_POINT('',#4928);
#1435=VERTEX_POINT('',#4930);
#1436=VERTEX_POINT('',#4939);
#1437=VERTEX_POINT('',#4944);
#1438=VERTEX_POINT('',#4955);
#1439=VERTEX_POINT('',#4960);
#1440=VERTEX_POINT('',#4971);
#1441=VERTEX_POINT('',#4976);
#1442=VERTEX_POINT('',#4987);
#1443=VERTEX_POINT('',#4992);
#1444=VERTEX_POINT('',#5003);
#1445=VERTEX_POINT('',#5008);
#1446=VERTEX_POINT('',#5014);
#1447=VERTEX_POINT('',#5016);
#1448=VERTEX_POINT('',#5020);
#1449=VERTEX_POINT('',#5022);
#1450=VERTEX_POINT('',#5030);
#1451=VERTEX_POINT('',#5031);
#1452=VERTEX_POINT('',#5033);
#1453=VERTEX_POINT('',#5035);
#1454=VERTEX_POINT('',#5039);
#1455=VERTEX_POINT('',#5041);
#1456=VERTEX_POINT('',#5050);
#1457=VERTEX_POINT('',#5055);
#1458=VERTEX_POINT('',#5066);
#1459=VERTEX_POINT('',#5071);
#1460=VERTEX_POINT('',#5082);
#1461=VERTEX_POINT('',#5087);
#1462=VERTEX_POINT('',#5098);
#1463=VERTEX_POINT('',#5103);
#1464=VERTEX_POINT('',#5114);
#1465=VERTEX_POINT('',#5123);
#1466=VERTEX_POINT('',#5134);
#1467=VERTEX_POINT('',#5139);
#1468=VERTEX_POINT('',#5150);
#1469=VERTEX_POINT('',#5155);
#1470=VERTEX_POINT('',#5166);
#1471=VERTEX_POINT('',#5171);
#1472=VERTEX_POINT('',#5182);
#1473=VERTEX_POINT('',#5187);
#1474=VERTEX_POINT('',#5198);
#1475=VERTEX_POINT('',#5203);
#1476=VERTEX_POINT('',#5214);
#1477=VERTEX_POINT('',#5219);
#1478=VERTEX_POINT('',#5230);
#1479=VERTEX_POINT('',#5235);
#1480=VERTEX_POINT('',#5246);
#1481=VERTEX_POINT('',#5251);
#1482=VERTEX_POINT('',#5262);
#1483=VERTEX_POINT('',#5267);
#1484=VERTEX_POINT('',#5278);
#1485=VERTEX_POINT('',#5283);
#1486=VERTEX_POINT('',#5289);
#1487=VERTEX_POINT('',#5291);
#1488=VERTEX_POINT('',#5295);
#1489=VERTEX_POINT('',#5297);
#1490=VERTEX_POINT('',#5301);
#1491=VERTEX_POINT('',#5303);
#1492=VERTEX_POINT('',#5312);
#1493=VERTEX_POINT('',#5317);
#1494=VERTEX_POINT('',#5328);
#1495=VERTEX_POINT('',#5333);
#1496=VERTEX_POINT('',#5344);
#1497=VERTEX_POINT('',#5353);
#1498=VERTEX_POINT('',#5364);
#1499=VERTEX_POINT('',#5369);
#1500=VERTEX_POINT('',#5380);
#1501=VERTEX_POINT('',#5385);
#1502=VERTEX_POINT('',#5396);
#1503=VERTEX_POINT('',#5401);
#1504=VERTEX_POINT('',#5412);
#1505=VERTEX_POINT('',#5417);
#1506=VERTEX_POINT('',#5428);
#1507=VERTEX_POINT('',#5433);
#1508=VERTEX_POINT('',#5444);
#1509=VERTEX_POINT('',#5449);
#1510=VERTEX_POINT('',#5460);
#1511=VERTEX_POINT('',#5465);
#1512=VERTEX_POINT('',#5476);
#1513=VERTEX_POINT('',#5481);
#1514=VERTEX_POINT('',#5492);
#1515=VERTEX_POINT('',#5497);
#1516=VERTEX_POINT('',#5508);
#1517=VERTEX_POINT('',#5513);
#1518=VERTEX_POINT('',#5524);
#1519=VERTEX_POINT('',#5529);
#1520=VERTEX_POINT('',#5540);
#1521=VERTEX_POINT('',#5547);
#1522=VERTEX_POINT('',#5562);
#1523=VERTEX_POINT('',#5563);
#1524=VERTEX_POINT('',#5568);
#1525=VERTEX_POINT('',#5570);
#1526=VERTEX_POINT('',#5576);
#1527=VERTEX_POINT('',#5578);
#1528=VERTEX_POINT('',#5582);
#1529=VERTEX_POINT('',#5584);
#1530=VERTEX_POINT('',#5593);
#1531=VERTEX_POINT('',#5594);
#1532=VERTEX_POINT('',#5599);
#1533=VERTEX_POINT('',#5601);
#1534=VERTEX_POINT('',#5612);
#1535=VERTEX_POINT('',#5617);
#1536=VERTEX_POINT('',#5628);
#1537=VERTEX_POINT('',#5633);
#1538=VERTEX_POINT('',#5644);
#1539=VERTEX_POINT('',#5649);
#1540=VERTEX_POINT('',#5655);
#1541=VERTEX_POINT('',#5657);
#1542=VERTEX_POINT('',#5666);
#1543=VERTEX_POINT('',#5671);
#1544=VERTEX_POINT('',#5682);
#1545=VERTEX_POINT('',#5687);
#1546=VERTEX_POINT('',#5698);
#1547=VERTEX_POINT('',#5703);
#1548=VERTEX_POINT('',#5714);
#1549=VERTEX_POINT('',#5719);
#1550=VERTEX_POINT('',#5730);
#1551=VERTEX_POINT('',#5735);
#1552=VERTEX_POINT('',#5746);
#1553=VERTEX_POINT('',#5751);
#1554=VERTEX_POINT('',#5757);
#1555=VERTEX_POINT('',#5759);
#1556=VERTEX_POINT('',#5763);
#1557=VERTEX_POINT('',#5765);
#1558=VERTEX_POINT('',#5774);
#1559=VERTEX_POINT('',#5779);
#1560=VERTEX_POINT('',#5790);
#1561=VERTEX_POINT('',#5795);
#1562=VERTEX_POINT('',#5814);
#1563=VERTEX_POINT('',#5816);
#1564=VERTEX_POINT('',#5820);
#1565=VERTEX_POINT('',#5822);
#1566=VERTEX_POINT('',#5831);
#1567=VERTEX_POINT('',#5836);
#1568=VERTEX_POINT('',#5847);
#1569=VERTEX_POINT('',#5852);
#1570=VERTEX_POINT('',#5863);
#1571=VERTEX_POINT('',#5868);
#1572=VERTEX_POINT('',#5879);
#1573=VERTEX_POINT('',#5884);
#1574=VERTEX_POINT('',#5890);
#1575=VERTEX_POINT('',#5892);
#1576=VERTEX_POINT('',#5896);
#1577=VERTEX_POINT('',#5898);
#1578=VERTEX_POINT('',#5902);
#1579=VERTEX_POINT('',#5904);
#1580=VERTEX_POINT('',#5913);
#1581=VERTEX_POINT('',#5918);
#1582=VERTEX_POINT('',#5929);
#1583=VERTEX_POINT('',#5934);
#1584=VERTEX_POINT('',#5945);
#1585=VERTEX_POINT('',#5950);
#1586=VERTEX_POINT('',#5975);
#1587=VERTEX_POINT('',#5976);
#1588=VERTEX_POINT('',#5981);
#1589=VERTEX_POINT('',#5983);
#1590=VERTEX_POINT('',#5994);
#1591=VERTEX_POINT('',#5999);
#1592=VERTEX_POINT('',#6005);
#1593=VERTEX_POINT('',#6007);
#1594=VERTEX_POINT('',#6011);
#1595=VERTEX_POINT('',#6013);
#1596=VERTEX_POINT('',#6017);
#1597=VERTEX_POINT('',#6019);
#1598=VERTEX_POINT('',#6023);
#1599=VERTEX_POINT('',#6025);
#1600=VERTEX_POINT('',#6029);
#1601=VERTEX_POINT('',#6031);
#1602=VERTEX_POINT('',#6035);
#1603=VERTEX_POINT('',#6037);
#1604=VERTEX_POINT('',#6046);
#1605=VERTEX_POINT('',#6051);
#1606=VERTEX_POINT('',#6062);
#1607=VERTEX_POINT('',#6067);
#1608=VERTEX_POINT('',#6078);
#1609=VERTEX_POINT('',#6083);
#1610=VERTEX_POINT('',#6094);
#1611=VERTEX_POINT('',#6099);
#1612=VERTEX_POINT('',#6105);
#1613=VERTEX_POINT('',#6107);
#1614=VERTEX_POINT('',#6111);
#1615=VERTEX_POINT('',#6113);
#1616=VERTEX_POINT('',#6136);
#1617=VERTEX_POINT('',#6137);
#1618=VERTEX_POINT('',#6142);
#1619=VERTEX_POINT('',#6144);
#1620=VERTEX_POINT('',#6155);
#1621=VERTEX_POINT('',#6164);
#1622=VERTEX_POINT('',#6175);
#1623=VERTEX_POINT('',#6180);
#1624=VERTEX_POINT('',#6191);
#1625=VERTEX_POINT('',#6196);
#1626=VERTEX_POINT('',#6202);
#1627=VERTEX_POINT('',#6204);
#1628=VERTEX_POINT('',#6208);
#1629=VERTEX_POINT('',#6210);
#1630=VERTEX_POINT('',#6214);
#1631=VERTEX_POINT('',#6216);
#1632=VERTEX_POINT('',#6225);
#1633=VERTEX_POINT('',#6230);
#1634=VERTEX_POINT('',#6241);
#1635=VERTEX_POINT('',#6246);
#1636=VERTEX_POINT('',#6257);
#1637=VERTEX_POINT('',#6262);
#1638=VERTEX_POINT('',#6273);
#1639=VERTEX_POINT('',#6278);
#1640=VERTEX_POINT('',#6284);
#1641=VERTEX_POINT('',#6286);
#1642=VERTEX_POINT('',#6296);
#1643=VERTEX_POINT('',#6297);
#1644=VERTEX_POINT('',#6299);
#1645=VERTEX_POINT('',#6301);
#1646=VERTEX_POINT('',#6305);
#1647=VERTEX_POINT('',#6306);
#1648=VERTEX_POINT('',#6311);
#1649=VERTEX_POINT('',#6312);
#1650=VERTEX_POINT('',#6317);
#1651=VERTEX_POINT('',#6318);
#1652=VERTEX_POINT('',#6323);
#1653=VERTEX_POINT('',#6324);
#1654=VERTEX_POINT('',#6329);
#1655=VERTEX_POINT('',#6330);
#1656=VERTEX_POINT('',#6335);
#1657=VERTEX_POINT('',#6336);
#1658=VERTEX_POINT('',#6344);
#1659=VERTEX_POINT('',#6346);
#1660=VERTEX_POINT('',#6350);
#1661=VERTEX_POINT('',#6352);
#1662=VERTEX_POINT('',#6354);
#1663=VERTEX_POINT('',#6358);
#1664=VERTEX_POINT('',#6362);
#1665=VERTEX_POINT('',#6366);
#1666=VERTEX_POINT('',#6368);
#1667=VERTEX_POINT('',#6371);
#1668=VERTEX_POINT('',#6373);
#1669=VERTEX_POINT('',#6390);
#1670=VERTEX_POINT('',#6394);
#1671=VERTEX_POINT('',#6398);
#1672=VERTEX_POINT('',#6399);
#1673=VERTEX_POINT('',#6404);
#1674=VERTEX_POINT('',#6405);
#1675=VERTEX_POINT('',#6410);
#1676=VERTEX_POINT('',#6411);
#1677=VERTEX_POINT('',#6416);
#1678=VERTEX_POINT('',#6417);
#1679=VERTEX_POINT('',#6435);
#1680=VERTEX_POINT('',#6445);
#1681=VERTEX_POINT('',#6446);
#1682=VERTEX_POINT('',#6448);
#1683=VERTEX_POINT('',#6450);
#1684=VERTEX_POINT('',#6467);
#1685=VERTEX_POINT('',#6468);
#1686=VERTEX_POINT('',#6483);
#1687=VERTEX_POINT('',#6485);
#1688=VERTEX_POINT('',#6489);
#1689=VERTEX_POINT('',#6491);
#1690=VERTEX_POINT('',#6493);
#1691=VERTEX_POINT('',#6495);
#1692=VERTEX_POINT('',#6499);
#1693=VERTEX_POINT('',#6501);
#1694=VERTEX_POINT('',#6503);
#1695=VERTEX_POINT('',#6505);
#1696=VERTEX_POINT('',#6512);
#1697=VERTEX_POINT('',#6516);
#1698=VERTEX_POINT('',#6545);
#1699=VERTEX_POINT('',#6547);
#1700=VERTEX_POINT('',#6572);
#1701=VERTEX_POINT('',#6574);
#1702=VERTEX_POINT('',#6605);
#1703=VERTEX_POINT('',#6609);
#1704=VERTEX_POINT('',#6627);
#1705=VERTEX_POINT('',#6629);
#1706=EDGE_CURVE('',#1352,#1353,#1146,.T.);
#1707=EDGE_CURVE('',#1354,#1352,#600,.T.);
#1708=EDGE_CURVE('',#1354,#1355,#1147,.T.);
#1709=EDGE_CURVE('',#1355,#1353,#601,.T.);
#1710=EDGE_CURVE('',#1353,#1356,#1148,.T.);
#1711=EDGE_CURVE('',#1355,#1357,#1149,.T.);
#1712=EDGE_CURVE('',#1357,#1356,#602,.T.);
#1713=EDGE_CURVE('',#1356,#1358,#603,.T.);
#1714=EDGE_CURVE('',#1357,#1359,#604,.T.);
#1715=EDGE_CURVE('',#1359,#1358,#605,.T.);
#1716=EDGE_CURVE('',#1360,#1361,#1150,.T.);
#1717=EDGE_CURVE('',#1362,#1360,#606,.T.);
#1718=EDGE_CURVE('',#1362,#1363,#1151,.T.);
#1719=EDGE_CURVE('',#1363,#1361,#607,.T.);
#1720=EDGE_CURVE('',#1361,#1364,#1152,.T.);
#1721=EDGE_CURVE('',#1363,#1365,#1153,.T.);
#1722=EDGE_CURVE('',#1365,#1364,#608,.T.);
#1723=EDGE_CURVE('',#1364,#1366,#609,.T.);
#1724=EDGE_CURVE('',#1365,#1367,#610,.T.);
#1725=EDGE_CURVE('',#1367,#1366,#611,.T.);
#1726=EDGE_CURVE('',#1366,#1368,#1154,.T.);
#1727=EDGE_CURVE('',#1367,#1369,#1155,.T.);
#1728=EDGE_CURVE('',#1369,#1368,#612,.T.);
#1729=EDGE_CURVE('',#1368,#1370,#1156,.T.);
#1730=EDGE_CURVE('',#1369,#1371,#1157,.T.);
#1731=EDGE_CURVE('',#1371,#1370,#613,.T.);
#1732=EDGE_CURVE('',#1370,#1372,#1158,.T.);
#1733=EDGE_CURVE('',#1371,#1373,#1159,.T.);
#1734=EDGE_CURVE('',#1373,#1372,#614,.T.);
#1735=EDGE_CURVE('',#1372,#1374,#1160,.T.);
#1736=EDGE_CURVE('',#1373,#1375,#1161,.T.);
#1737=EDGE_CURVE('',#1375,#1374,#615,.T.);
#1738=EDGE_CURVE('',#1374,#1376,#1162,.T.);
#1739=EDGE_CURVE('',#1375,#1377,#1163,.T.);
#1740=EDGE_CURVE('',#1377,#1376,#616,.T.);
#1741=EDGE_CURVE('',#1376,#1378,#1164,.T.);
#1742=EDGE_CURVE('',#1377,#1379,#1165,.T.);
#1743=EDGE_CURVE('',#1379,#1378,#617,.T.);
#1744=EDGE_CURVE('',#1378,#1380,#1166,.T.);
#1745=EDGE_CURVE('',#1379,#1381,#1167,.T.);
#1746=EDGE_CURVE('',#1381,#1380,#618,.T.);
#1747=EDGE_CURVE('',#1380,#1382,#1168,.T.);
#1748=EDGE_CURVE('',#1381,#1383,#1169,.T.);
#1749=EDGE_CURVE('',#1383,#1382,#619,.T.);
#1750=EDGE_CURVE('',#1382,#1384,#620,.T.);
#1751=EDGE_CURVE('',#1383,#1385,#621,.T.);
#1752=EDGE_CURVE('',#1385,#1384,#622,.T.);
#1753=EDGE_CURVE('',#1358,#1386,#1170,.T.);
#1754=EDGE_CURVE('',#1359,#1387,#1171,.T.);
#1755=EDGE_CURVE('',#1387,#1386,#623,.T.);
#1756=EDGE_CURVE('',#1386,#1388,#1172,.T.);
#1757=EDGE_CURVE('',#1387,#1389,#1173,.T.);
#1758=EDGE_CURVE('',#1389,#1388,#624,.T.);
#1759=EDGE_CURVE('',#1388,#1390,#1174,.T.);
#1760=EDGE_CURVE('',#1389,#1391,#1175,.T.);
#1761=EDGE_CURVE('',#1391,#1390,#625,.T.);
#1762=EDGE_CURVE('',#1390,#1352,#1176,.T.);
#1763=EDGE_CURVE('',#1391,#1354,#1177,.T.);
#1764=EDGE_CURVE('',#1384,#1392,#626,.T.);
#1765=EDGE_CURVE('',#1385,#1393,#627,.T.);
#1766=EDGE_CURVE('',#1393,#1392,#628,.T.);
#1767=EDGE_CURVE('',#1392,#1394,#629,.T.);
#1768=EDGE_CURVE('',#1393,#1395,#630,.T.);
#1769=EDGE_CURVE('',#1395,#1394,#631,.T.);
#1770=EDGE_CURVE('',#1394,#1396,#1178,.T.);
#1771=EDGE_CURVE('',#1395,#1397,#1179,.T.);
#1772=EDGE_CURVE('',#1397,#1396,#632,.T.);
#1773=EDGE_CURVE('',#1396,#1398,#1180,.T.);
#1774=EDGE_CURVE('',#1397,#1399,#1181,.T.);
#1775=EDGE_CURVE('',#1399,#1398,#633,.T.);
#1776=EDGE_CURVE('',#1398,#1400,#1182,.T.);
#1777=EDGE_CURVE('',#1399,#1401,#1183,.T.);
#1778=EDGE_CURVE('',#1401,#1400,#634,.T.);
#1779=EDGE_CURVE('',#1400,#1402,#1184,.T.);
#1780=EDGE_CURVE('',#1401,#1403,#1185,.T.);
#1781=EDGE_CURVE('',#1403,#1402,#635,.T.);
#1782=EDGE_CURVE('',#1402,#1404,#1186,.T.);
#1783=EDGE_CURVE('',#1403,#1405,#1187,.T.);
#1784=EDGE_CURVE('',#1405,#1404,#636,.T.);
#1785=EDGE_CURVE('',#1404,#1406,#1188,.T.);
#1786=EDGE_CURVE('',#1405,#1407,#1189,.T.);
#1787=EDGE_CURVE('',#1407,#1406,#637,.T.);
#1788=EDGE_CURVE('',#1406,#1408,#638,.T.);
#1789=EDGE_CURVE('',#1407,#1409,#639,.T.);
#1790=EDGE_CURVE('',#1409,#1408,#640,.T.);
#1791=EDGE_CURVE('',#1408,#1410,#641,.T.);
#1792=EDGE_CURVE('',#1409,#1411,#642,.T.);
#1793=EDGE_CURVE('',#1411,#1410,#643,.T.);
#1794=EDGE_CURVE('',#1410,#1412,#644,.T.);
#1795=EDGE_CURVE('',#1411,#1413,#645,.T.);
#1796=EDGE_CURVE('',#1413,#1412,#646,.T.);
#1797=EDGE_CURVE('',#1412,#1414,#1190,.T.);
#1798=EDGE_CURVE('',#1413,#1415,#1191,.T.);
#1799=EDGE_CURVE('',#1415,#1414,#647,.T.);
#1800=EDGE_CURVE('',#1414,#1360,#1192,.T.);
#1801=EDGE_CURVE('',#1415,#1362,#1193,.T.);
#1802=EDGE_CURVE('',#1416,#1417,#1194,.T.);
#1803=EDGE_CURVE('',#1418,#1416,#648,.T.);
#1804=EDGE_CURVE('',#1418,#1419,#1195,.T.);
#1805=EDGE_CURVE('',#1419,#1417,#649,.T.);
#1806=EDGE_CURVE('',#1417,#1420,#1196,.T.);
#1807=EDGE_CURVE('',#1419,#1421,#1197,.T.);
#1808=EDGE_CURVE('',#1421,#1420,#650,.T.);
#1809=EDGE_CURVE('',#1420,#1422,#1198,.T.);
#1810=EDGE_CURVE('',#1421,#1423,#1199,.T.);
#1811=EDGE_CURVE('',#1423,#1422,#651,.T.);
#1812=EDGE_CURVE('',#1422,#1424,#1200,.T.);
#1813=EDGE_CURVE('',#1423,#1425,#1201,.T.);
#1814=EDGE_CURVE('',#1425,#1424,#652,.T.);
#1815=EDGE_CURVE('',#1424,#1426,#653,.T.);
#1816=EDGE_CURVE('',#1425,#1427,#654,.T.);
#1817=EDGE_CURVE('',#1427,#1426,#655,.T.);
#1818=EDGE_CURVE('',#1426,#1428,#656,.T.);
#1819=EDGE_CURVE('',#1427,#1429,#657,.T.);
#1820=EDGE_CURVE('',#1429,#1428,#658,.T.);
#1821=EDGE_CURVE('',#1428,#1430,#659,.T.);
#1822=EDGE_CURVE('',#1429,#1431,#660,.T.);
#1823=EDGE_CURVE('',#1431,#1430,#661,.T.);
#1824=EDGE_CURVE('',#1430,#1432,#662,.T.);
#1825=EDGE_CURVE('',#1431,#1433,#663,.T.);
#1826=EDGE_CURVE('',#1433,#1432,#664,.T.);
#1827=EDGE_CURVE('',#1432,#1434,#665,.T.);
#1828=EDGE_CURVE('',#1433,#1435,#666,.T.);
#1829=EDGE_CURVE('',#1435,#1434,#667,.T.);
#1830=EDGE_CURVE('',#1434,#1436,#1202,.T.);
#1831=EDGE_CURVE('',#1435,#1437,#1203,.T.);
#1832=EDGE_CURVE('',#1437,#1436,#668,.T.);
#1833=EDGE_CURVE('',#1436,#1438,#1204,.T.);
#1834=EDGE_CURVE('',#1437,#1439,#1205,.T.);
#1835=EDGE_CURVE('',#1439,#1438,#669,.T.);
#1836=EDGE_CURVE('',#1438,#1440,#1206,.T.);
#1837=EDGE_CURVE('',#1439,#1441,#1207,.T.);
#1838=EDGE_CURVE('',#1441,#1440,#670,.T.);
#1839=EDGE_CURVE('',#1440,#1442,#1208,.T.);
#1840=EDGE_CURVE('',#1441,#1443,#1209,.T.);
#1841=EDGE_CURVE('',#1443,#1442,#671,.T.);
#1842=EDGE_CURVE('',#1442,#1444,#1210,.T.);
#1843=EDGE_CURVE('',#1443,#1445,#1211,.T.);
#1844=EDGE_CURVE('',#1445,#1444,#672,.T.);
#1845=EDGE_CURVE('',#1444,#1446,#673,.T.);
#1846=EDGE_CURVE('',#1445,#1447,#674,.T.);
#1847=EDGE_CURVE('',#1447,#1446,#675,.T.);
#1848=EDGE_CURVE('',#1446,#1448,#676,.T.);
#1849=EDGE_CURVE('',#1447,#1449,#677,.T.);
#1850=EDGE_CURVE('',#1449,#1448,#678,.T.);
#1851=EDGE_CURVE('',#1448,#1416,#679,.T.);
#1852=EDGE_CURVE('',#1449,#1418,#680,.T.);
#1853=EDGE_CURVE('',#1450,#1451,#681,.T.);
#1854=EDGE_CURVE('',#1452,#1450,#682,.T.);
#1855=EDGE_CURVE('',#1452,#1453,#683,.T.);
#1856=EDGE_CURVE('',#1453,#1451,#684,.T.);
#1857=EDGE_CURVE('',#1451,#1454,#685,.T.);
#1858=EDGE_CURVE('',#1453,#1455,#686,.T.);
#1859=EDGE_CURVE('',#1455,#1454,#687,.T.);
#1860=EDGE_CURVE('',#1454,#1456,#1212,.T.);
#1861=EDGE_CURVE('',#1455,#1457,#1213,.T.);
#1862=EDGE_CURVE('',#1457,#1456,#688,.T.);
#1863=EDGE_CURVE('',#1456,#1458,#1214,.T.);
#1864=EDGE_CURVE('',#1457,#1459,#1215,.T.);
#1865=EDGE_CURVE('',#1459,#1458,#689,.T.);
#1866=EDGE_CURVE('',#1458,#1460,#1216,.T.);
#1867=EDGE_CURVE('',#1459,#1461,#1217,.T.);
#1868=EDGE_CURVE('',#1461,#1460,#690,.T.);
#1869=EDGE_CURVE('',#1460,#1462,#1218,.T.);
#1870=EDGE_CURVE('',#1461,#1463,#1219,.T.);
#1871=EDGE_CURVE('',#1463,#1462,#691,.T.);
#1872=EDGE_CURVE('',#1462,#1464,#1220,.T.);
#1873=EDGE_CURVE('',#1463,#1465,#1221,.T.);
#1874=EDGE_CURVE('',#1465,#1464,#692,.T.);
#1875=EDGE_CURVE('',#1464,#1466,#1222,.T.);
#1876=EDGE_CURVE('',#1465,#1467,#1223,.T.);
#1877=EDGE_CURVE('',#1467,#1466,#693,.T.);
#1878=EDGE_CURVE('',#1466,#1468,#1224,.T.);
#1879=EDGE_CURVE('',#1467,#1469,#1225,.T.);
#1880=EDGE_CURVE('',#1469,#1468,#694,.T.);
#1881=EDGE_CURVE('',#1468,#1470,#1226,.T.);
#1882=EDGE_CURVE('',#1469,#1471,#1227,.T.);
#1883=EDGE_CURVE('',#1471,#1470,#695,.T.);
#1884=EDGE_CURVE('',#1470,#1472,#1228,.T.);
#1885=EDGE_CURVE('',#1471,#1473,#1229,.T.);
#1886=EDGE_CURVE('',#1473,#1472,#696,.T.);
#1887=EDGE_CURVE('',#1472,#1474,#1230,.T.);
#1888=EDGE_CURVE('',#1473,#1475,#1231,.T.);
#1889=EDGE_CURVE('',#1475,#1474,#697,.T.);
#1890=EDGE_CURVE('',#1474,#1476,#1232,.T.);
#1891=EDGE_CURVE('',#1475,#1477,#1233,.T.);
#1892=EDGE_CURVE('',#1477,#1476,#698,.T.);
#1893=EDGE_CURVE('',#1476,#1478,#1234,.T.);
#1894=EDGE_CURVE('',#1477,#1479,#1235,.T.);
#1895=EDGE_CURVE('',#1479,#1478,#699,.T.);
#1896=EDGE_CURVE('',#1478,#1480,#1236,.T.);
#1897=EDGE_CURVE('',#1479,#1481,#1237,.T.);
#1898=EDGE_CURVE('',#1481,#1480,#700,.T.);
#1899=EDGE_CURVE('',#1480,#1482,#1238,.T.);
#1900=EDGE_CURVE('',#1481,#1483,#1239,.T.);
#1901=EDGE_CURVE('',#1483,#1482,#701,.T.);
#1902=EDGE_CURVE('',#1482,#1484,#1240,.T.);
#1903=EDGE_CURVE('',#1483,#1485,#1241,.T.);
#1904=EDGE_CURVE('',#1485,#1484,#702,.T.);
#1905=EDGE_CURVE('',#1484,#1486,#703,.T.);
#1906=EDGE_CURVE('',#1485,#1487,#704,.T.);
#1907=EDGE_CURVE('',#1487,#1486,#705,.T.);
#1908=EDGE_CURVE('',#1486,#1488,#706,.T.);
#1909=EDGE_CURVE('',#1487,#1489,#707,.T.);
#1910=EDGE_CURVE('',#1489,#1488,#708,.T.);
#1911=EDGE_CURVE('',#1488,#1490,#709,.T.);
#1912=EDGE_CURVE('',#1489,#1491,#710,.T.);
#1913=EDGE_CURVE('',#1491,#1490,#711,.T.);
#1914=EDGE_CURVE('',#1490,#1492,#1242,.T.);
#1915=EDGE_CURVE('',#1491,#1493,#1243,.T.);
#1916=EDGE_CURVE('',#1493,#1492,#712,.T.);
#1917=EDGE_CURVE('',#1492,#1494,#1244,.T.);
#1918=EDGE_CURVE('',#1493,#1495,#1245,.T.);
#1919=EDGE_CURVE('',#1495,#1494,#713,.T.);
#1920=EDGE_CURVE('',#1494,#1496,#1246,.T.);
#1921=EDGE_CURVE('',#1495,#1497,#1247,.T.);
#1922=EDGE_CURVE('',#1497,#1496,#714,.T.);
#1923=EDGE_CURVE('',#1496,#1498,#1248,.T.);
#1924=EDGE_CURVE('',#1497,#1499,#1249,.T.);
#1925=EDGE_CURVE('',#1499,#1498,#715,.T.);
#1926=EDGE_CURVE('',#1498,#1500,#1250,.T.);
#1927=EDGE_CURVE('',#1499,#1501,#1251,.T.);
#1928=EDGE_CURVE('',#1501,#1500,#716,.T.);
#1929=EDGE_CURVE('',#1500,#1502,#1252,.T.);
#1930=EDGE_CURVE('',#1501,#1503,#1253,.T.);
#1931=EDGE_CURVE('',#1503,#1502,#717,.T.);
#1932=EDGE_CURVE('',#1502,#1504,#1254,.T.);
#1933=EDGE_CURVE('',#1503,#1505,#1255,.T.);
#1934=EDGE_CURVE('',#1505,#1504,#718,.T.);
#1935=EDGE_CURVE('',#1504,#1506,#1256,.T.);
#1936=EDGE_CURVE('',#1505,#1507,#1257,.T.);
#1937=EDGE_CURVE('',#1507,#1506,#719,.T.);
#1938=EDGE_CURVE('',#1506,#1508,#1258,.T.);
#1939=EDGE_CURVE('',#1507,#1509,#1259,.T.);
#1940=EDGE_CURVE('',#1509,#1508,#720,.T.);
#1941=EDGE_CURVE('',#1508,#1510,#1260,.T.);
#1942=EDGE_CURVE('',#1509,#1511,#1261,.T.);
#1943=EDGE_CURVE('',#1511,#1510,#721,.T.);
#1944=EDGE_CURVE('',#1510,#1512,#1262,.T.);
#1945=EDGE_CURVE('',#1511,#1513,#1263,.T.);
#1946=EDGE_CURVE('',#1513,#1512,#722,.T.);
#1947=EDGE_CURVE('',#1512,#1514,#1264,.T.);
#1948=EDGE_CURVE('',#1513,#1515,#1265,.T.);
#1949=EDGE_CURVE('',#1515,#1514,#723,.T.);
#1950=EDGE_CURVE('',#1514,#1516,#1266,.T.);
#1951=EDGE_CURVE('',#1515,#1517,#1267,.T.);
#1952=EDGE_CURVE('',#1517,#1516,#724,.T.);
#1953=EDGE_CURVE('',#1516,#1518,#1268,.T.);
#1954=EDGE_CURVE('',#1517,#1519,#1269,.T.);
#1955=EDGE_CURVE('',#1519,#1518,#725,.T.);
#1956=EDGE_CURVE('',#1518,#1520,#1270,.T.);
#1957=EDGE_CURVE('',#1519,#1521,#1271,.T.);
#1958=EDGE_CURVE('',#1521,#1520,#726,.T.);
#1959=EDGE_CURVE('',#1520,#1450,#727,.T.);
#1960=EDGE_CURVE('',#1521,#1452,#728,.T.);
#1961=EDGE_CURVE('',#1522,#1523,#1272,.T.);
#1962=EDGE_CURVE('',#1524,#1522,#729,.T.);
#1963=EDGE_CURVE('',#1524,#1525,#1273,.T.);
#1964=EDGE_CURVE('',#1525,#1523,#730,.T.);
#1965=EDGE_CURVE('',#1523,#1526,#731,.T.);
#1966=EDGE_CURVE('',#1525,#1527,#732,.T.);
#1967=EDGE_CURVE('',#1527,#1526,#733,.T.);
#1968=EDGE_CURVE('',#1526,#1528,#734,.T.);
#1969=EDGE_CURVE('',#1527,#1529,#735,.T.);
#1970=EDGE_CURVE('',#1529,#1528,#736,.T.);
#1971=EDGE_CURVE('',#1530,#1531,#1274,.T.);
#1972=EDGE_CURVE('',#1532,#1530,#737,.T.);
#1973=EDGE_CURVE('',#1532,#1533,#1275,.T.);
#1974=EDGE_CURVE('',#1533,#1531,#738,.T.);
#1975=EDGE_CURVE('',#1531,#1534,#1276,.T.);
#1976=EDGE_CURVE('',#1533,#1535,#1277,.T.);
#1977=EDGE_CURVE('',#1535,#1534,#739,.T.);
#1978=EDGE_CURVE('',#1534,#1536,#1278,.T.);
#1979=EDGE_CURVE('',#1535,#1537,#1279,.T.);
#1980=EDGE_CURVE('',#1537,#1536,#740,.T.);
#1981=EDGE_CURVE('',#1536,#1538,#1280,.T.);
#1982=EDGE_CURVE('',#1537,#1539,#1281,.T.);
#1983=EDGE_CURVE('',#1539,#1538,#741,.T.);
#1984=EDGE_CURVE('',#1538,#1540,#742,.T.);
#1985=EDGE_CURVE('',#1539,#1541,#743,.T.);
#1986=EDGE_CURVE('',#1541,#1540,#744,.T.);
#1987=EDGE_CURVE('',#1540,#1542,#1282,.T.);
#1988=EDGE_CURVE('',#1541,#1543,#1283,.T.);
#1989=EDGE_CURVE('',#1543,#1542,#745,.T.);
#1990=EDGE_CURVE('',#1542,#1544,#1284,.T.);
#1991=EDGE_CURVE('',#1543,#1545,#1285,.T.);
#1992=EDGE_CURVE('',#1545,#1544,#746,.T.);
#1993=EDGE_CURVE('',#1544,#1546,#1286,.T.);
#1994=EDGE_CURVE('',#1545,#1547,#1287,.T.);
#1995=EDGE_CURVE('',#1547,#1546,#747,.T.);
#1996=EDGE_CURVE('',#1546,#1548,#1288,.T.);
#1997=EDGE_CURVE('',#1547,#1549,#1289,.T.);
#1998=EDGE_CURVE('',#1549,#1548,#748,.T.);
#1999=EDGE_CURVE('',#1548,#1550,#1290,.T.);
#2000=EDGE_CURVE('',#1549,#1551,#1291,.T.);
#2001=EDGE_CURVE('',#1551,#1550,#749,.T.);
#2002=EDGE_CURVE('',#1550,#1552,#1292,.T.);
#2003=EDGE_CURVE('',#1551,#1553,#1293,.T.);
#2004=EDGE_CURVE('',#1553,#1552,#750,.T.);
#2005=EDGE_CURVE('',#1552,#1554,#751,.T.);
#2006=EDGE_CURVE('',#1553,#1555,#752,.T.);
#2007=EDGE_CURVE('',#1555,#1554,#753,.T.);
#2008=EDGE_CURVE('',#1528,#1556,#754,.T.);
#2009=EDGE_CURVE('',#1529,#1557,#755,.T.);
#2010=EDGE_CURVE('',#1557,#1556,#756,.T.);
#2011=EDGE_CURVE('',#1556,#1558,#1294,.T.);
#2012=EDGE_CURVE('',#1557,#1559,#1295,.T.);
#2013=EDGE_CURVE('',#1559,#1558,#757,.T.);
#2014=EDGE_CURVE('',#1558,#1560,#1296,.T.);
#2015=EDGE_CURVE('',#1559,#1561,#1297,.T.);
#2016=EDGE_CURVE('',#1561,#1560,#758,.T.);
#2017=EDGE_CURVE('',#1560,#1522,#1298,.T.);
#2018=EDGE_CURVE('',#1561,#1524,#1299,.T.);
#2019=EDGE_CURVE('',#1554,#1562,#759,.T.);
#2020=EDGE_CURVE('',#1555,#1563,#760,.T.);
#2021=EDGE_CURVE('',#1563,#1562,#761,.T.);
#2022=EDGE_CURVE('',#1562,#1564,#762,.T.);
#2023=EDGE_CURVE('',#1563,#1565,#763,.T.);
#2024=EDGE_CURVE('',#1565,#1564,#764,.T.);
#2025=EDGE_CURVE('',#1564,#1566,#1300,.T.);
#2026=EDGE_CURVE('',#1565,#1567,#1301,.T.);
#2027=EDGE_CURVE('',#1567,#1566,#765,.T.);
#2028=EDGE_CURVE('',#1566,#1568,#1302,.T.);
#2029=EDGE_CURVE('',#1567,#1569,#1303,.T.);
#2030=EDGE_CURVE('',#1569,#1568,#766,.T.);
#2031=EDGE_CURVE('',#1568,#1570,#1304,.T.);
#2032=EDGE_CURVE('',#1569,#1571,#1305,.T.);
#2033=EDGE_CURVE('',#1571,#1570,#767,.T.);
#2034=EDGE_CURVE('',#1570,#1572,#1306,.T.);
#2035=EDGE_CURVE('',#1571,#1573,#1307,.T.);
#2036=EDGE_CURVE('',#1573,#1572,#768,.T.);
#2037=EDGE_CURVE('',#1572,#1574,#769,.T.);
#2038=EDGE_CURVE('',#1573,#1575,#770,.T.);
#2039=EDGE_CURVE('',#1575,#1574,#771,.T.);
#2040=EDGE_CURVE('',#1574,#1576,#772,.T.);
#2041=EDGE_CURVE('',#1575,#1577,#773,.T.);
#2042=EDGE_CURVE('',#1577,#1576,#774,.T.);
#2043=EDGE_CURVE('',#1576,#1578,#775,.T.);
#2044=EDGE_CURVE('',#1577,#1579,#776,.T.);
#2045=EDGE_CURVE('',#1579,#1578,#777,.T.);
#2046=EDGE_CURVE('',#1578,#1580,#1308,.T.);
#2047=EDGE_CURVE('',#1579,#1581,#1309,.T.);
#2048=EDGE_CURVE('',#1581,#1580,#778,.T.);
#2049=EDGE_CURVE('',#1580,#1582,#1310,.T.);
#2050=EDGE_CURVE('',#1581,#1583,#1311,.T.);
#2051=EDGE_CURVE('',#1583,#1582,#779,.T.);
#2052=EDGE_CURVE('',#1582,#1584,#1312,.T.);
#2053=EDGE_CURVE('',#1583,#1585,#1313,.T.);
#2054=EDGE_CURVE('',#1585,#1584,#780,.T.);
#2055=EDGE_CURVE('',#1584,#1530,#1314,.T.);
#2056=EDGE_CURVE('',#1585,#1532,#1315,.T.);
#2057=EDGE_CURVE('',#1586,#1587,#1316,.T.);
#2058=EDGE_CURVE('',#1588,#1586,#781,.T.);
#2059=EDGE_CURVE('',#1588,#1589,#1317,.T.);
#2060=EDGE_CURVE('',#1589,#1587,#782,.T.);
#2061=EDGE_CURVE('',#1587,#1590,#1318,.T.);
#2062=EDGE_CURVE('',#1589,#1591,#1319,.T.);
#2063=EDGE_CURVE('',#1591,#1590,#783,.T.);
#2064=EDGE_CURVE('',#1590,#1592,#784,.T.);
#2065=EDGE_CURVE('',#1591,#1593,#785,.T.);
#2066=EDGE_CURVE('',#1593,#1592,#786,.T.);
#2067=EDGE_CURVE('',#1592,#1594,#787,.T.);
#2068=EDGE_CURVE('',#1593,#1595,#788,.T.);
#2069=EDGE_CURVE('',#1595,#1594,#789,.T.);
#2070=EDGE_CURVE('',#1594,#1596,#790,.T.);
#2071=EDGE_CURVE('',#1595,#1597,#791,.T.);
#2072=EDGE_CURVE('',#1597,#1596,#792,.T.);
#2073=EDGE_CURVE('',#1596,#1598,#793,.T.);
#2074=EDGE_CURVE('',#1597,#1599,#794,.T.);
#2075=EDGE_CURVE('',#1599,#1598,#795,.T.);
#2076=EDGE_CURVE('',#1598,#1600,#796,.T.);
#2077=EDGE_CURVE('',#1599,#1601,#797,.T.);
#2078=EDGE_CURVE('',#1601,#1600,#798,.T.);
#2079=EDGE_CURVE('',#1600,#1602,#799,.T.);
#2080=EDGE_CURVE('',#1601,#1603,#800,.T.);
#2081=EDGE_CURVE('',#1603,#1602,#801,.T.);
#2082=EDGE_CURVE('',#1602,#1604,#1320,.T.);
#2083=EDGE_CURVE('',#1603,#1605,#1321,.T.);
#2084=EDGE_CURVE('',#1605,#1604,#802,.T.);
#2085=EDGE_CURVE('',#1604,#1606,#1322,.T.);
#2086=EDGE_CURVE('',#1605,#1607,#1323,.T.);
#2087=EDGE_CURVE('',#1607,#1606,#803,.T.);
#2088=EDGE_CURVE('',#1606,#1608,#1324,.T.);
#2089=EDGE_CURVE('',#1607,#1609,#1325,.T.);
#2090=EDGE_CURVE('',#1609,#1608,#804,.T.);
#2091=EDGE_CURVE('',#1608,#1610,#1326,.T.);
#2092=EDGE_CURVE('',#1609,#1611,#1327,.T.);
#2093=EDGE_CURVE('',#1611,#1610,#805,.T.);
#2094=EDGE_CURVE('',#1610,#1612,#806,.T.);
#2095=EDGE_CURVE('',#1611,#1613,#807,.T.);
#2096=EDGE_CURVE('',#1613,#1612,#808,.T.);
#2097=EDGE_CURVE('',#1612,#1614,#809,.T.);
#2098=EDGE_CURVE('',#1613,#1615,#810,.T.);
#2099=EDGE_CURVE('',#1615,#1614,#811,.T.);
#2100=EDGE_CURVE('',#1614,#1586,#1328,.T.);
#2101=EDGE_CURVE('',#1615,#1588,#1329,.T.);
#2102=EDGE_CURVE('',#1616,#1617,#1330,.T.);
#2103=EDGE_CURVE('',#1618,#1616,#812,.T.);
#2104=EDGE_CURVE('',#1618,#1619,#1331,.T.);
#2105=EDGE_CURVE('',#1619,#1617,#813,.T.);
#2106=EDGE_CURVE('',#1617,#1620,#1332,.T.);
#2107=EDGE_CURVE('',#1619,#1621,#1333,.T.);
#2108=EDGE_CURVE('',#1621,#1620,#814,.T.);
#2109=EDGE_CURVE('',#1620,#1622,#1334,.T.);
#2110=EDGE_CURVE('',#1621,#1623,#1335,.T.);
#2111=EDGE_CURVE('',#1623,#1622,#815,.T.);
#2112=EDGE_CURVE('',#1622,#1624,#1336,.T.);
#2113=EDGE_CURVE('',#1623,#1625,#1337,.T.);
#2114=EDGE_CURVE('',#1625,#1624,#816,.T.);
#2115=EDGE_CURVE('',#1624,#1626,#817,.T.);
#2116=EDGE_CURVE('',#1625,#1627,#818,.T.);
#2117=EDGE_CURVE('',#1627,#1626,#819,.T.);
#2118=EDGE_CURVE('',#1626,#1628,#820,.T.);
#2119=EDGE_CURVE('',#1627,#1629,#821,.T.);
#2120=EDGE_CURVE('',#1629,#1628,#822,.T.);
#2121=EDGE_CURVE('',#1628,#1630,#823,.T.);
#2122=EDGE_CURVE('',#1629,#1631,#824,.T.);
#2123=EDGE_CURVE('',#1631,#1630,#825,.T.);
#2124=EDGE_CURVE('',#1630,#1632,#1338,.T.);
#2125=EDGE_CURVE('',#1631,#1633,#1339,.T.);
#2126=EDGE_CURVE('',#1633,#1632,#826,.T.);
#2127=EDGE_CURVE('',#1632,#1634,#1340,.T.);
#2128=EDGE_CURVE('',#1633,#1635,#1341,.T.);
#2129=EDGE_CURVE('',#1635,#1634,#827,.T.);
#2130=EDGE_CURVE('',#1634,#1636,#1342,.T.);
#2131=EDGE_CURVE('',#1635,#1637,#1343,.T.);
#2132=EDGE_CURVE('',#1637,#1636,#828,.T.);
#2133=EDGE_CURVE('',#1636,#1638,#1344,.T.);
#2134=EDGE_CURVE('',#1637,#1639,#1345,.T.);
#2135=EDGE_CURVE('',#1639,#1638,#829,.T.);
#2136=EDGE_CURVE('',#1638,#1640,#830,.T.);
#2137=EDGE_CURVE('',#1639,#1641,#831,.T.);
#2138=EDGE_CURVE('',#1641,#1640,#832,.T.);
#2139=EDGE_CURVE('',#1640,#1616,#833,.T.);
#2140=EDGE_CURVE('',#1641,#1618,#834,.T.);
#2141=EDGE_CURVE('',#1642,#1643,#40,.T.);
#2142=EDGE_CURVE('',#1643,#1644,#41,.T.);
#2143=EDGE_CURVE('',#1644,#1645,#42,.T.);
#2144=EDGE_CURVE('',#1645,#1642,#43,.T.);
#2145=EDGE_CURVE('',#1646,#1647,#44,.T.);
#2146=EDGE_CURVE('',#1647,#1645,#835,.T.);
#2147=EDGE_CURVE('',#1644,#1646,#836,.T.);
#2148=EDGE_CURVE('',#1648,#1649,#45,.T.);
#2149=EDGE_CURVE('',#1649,#1647,#46,.T.);
#2150=EDGE_CURVE('',#1646,#1648,#47,.T.);
#2151=EDGE_CURVE('',#1650,#1651,#48,.T.);
#2152=EDGE_CURVE('',#1651,#1649,#837,.T.);
#2153=EDGE_CURVE('',#1648,#1650,#838,.T.);
#2154=EDGE_CURVE('',#1652,#1653,#49,.T.);
#2155=EDGE_CURVE('',#1653,#1651,#50,.T.);
#2156=EDGE_CURVE('',#1650,#1652,#51,.T.);
#2157=EDGE_CURVE('',#1654,#1655,#52,.T.);
#2158=EDGE_CURVE('',#1655,#1653,#839,.T.);
#2159=EDGE_CURVE('',#1652,#1654,#840,.T.);
#2160=EDGE_CURVE('',#1656,#1657,#53,.T.);
#2161=EDGE_CURVE('',#1657,#1655,#54,.T.);
#2162=EDGE_CURVE('',#1654,#1656,#55,.T.);
#2163=EDGE_CURVE('',#1656,#1643,#841,.T.);
#2164=EDGE_CURVE('',#1642,#1657,#842,.T.);
#2165=EDGE_CURVE('',#1658,#1655,#843,.T.);
#2166=EDGE_CURVE('',#1659,#1658,#844,.T.);
#2167=EDGE_CURVE('',#1653,#1659,#845,.T.);
#2168=EDGE_CURVE('',#1657,#1660,#846,.T.);
#2169=EDGE_CURVE('',#1661,#1660,#56,.T.);
#2170=EDGE_CURVE('',#1662,#1661,#847,.T.);
#2171=EDGE_CURVE('',#1662,#1658,#57,.T.);
#2172=EDGE_CURVE('',#1642,#1663,#848,.T.);
#2173=EDGE_CURVE('',#1660,#1663,#849,.T.);
#2174=EDGE_CURVE('',#1645,#1664,#850,.T.);
#2175=EDGE_CURVE('',#1663,#1664,#58,.T.);
#2176=EDGE_CURVE('',#1665,#1665,#59,.T.);
#2177=EDGE_CURVE('',#1666,#1666,#60,.T.);
#2178=EDGE_CURVE('',#1660,#1667,#61,.T.);
#2179=EDGE_CURVE('',#1667,#1668,#62,.T.);
#2180=EDGE_CURVE('',#1668,#1661,#1346,.F.);
#2181=EDGE_CURVE('',#1663,#1669,#63,.T.);
#2182=EDGE_CURVE('',#1669,#1667,#851,.T.);
#2183=EDGE_CURVE('',#1664,#1670,#64,.T.);
#2184=EDGE_CURVE('',#1670,#1669,#65,.T.);
#2185=EDGE_CURVE('',#1671,#1672,#66,.T.);
#2186=EDGE_CURVE('',#1672,#1670,#852,.T.);
#2187=EDGE_CURVE('',#1664,#1671,#853,.T.);
#2188=EDGE_CURVE('',#1673,#1674,#67,.T.);
#2189=EDGE_CURVE('',#1674,#1672,#68,.T.);
#2190=EDGE_CURVE('',#1671,#1673,#69,.T.);
#2191=EDGE_CURVE('',#1675,#1676,#70,.T.);
#2192=EDGE_CURVE('',#1676,#1674,#854,.T.);
#2193=EDGE_CURVE('',#1673,#1675,#855,.T.);
#2194=EDGE_CURVE('',#1677,#1678,#1347,.F.);
#2195=EDGE_CURVE('',#1678,#1676,#71,.T.);
#2196=EDGE_CURVE('',#1675,#1677,#72,.T.);
#2197=EDGE_CURVE('',#1659,#1679,#73,.T.);
#2198=EDGE_CURVE('',#1677,#1679,#856,.T.);
#2199=EDGE_CURVE('',#1675,#1651,#857,.T.);
#2200=EDGE_CURVE('',#1649,#1673,#858,.T.);
#2201=EDGE_CURVE('',#1647,#1671,#859,.T.);
#2202=EDGE_CURVE('',#1680,#1681,#74,.T.);
#2203=EDGE_CURVE('',#1681,#1682,#75,.T.);
#2204=EDGE_CURVE('',#1682,#1683,#1348,.F.);
#2205=EDGE_CURVE('',#1683,#1680,#76,.T.);
#2206=EDGE_CURVE('',#1684,#1685,#1349,.F.);
#2207=EDGE_CURVE('',#1685,#1686,#77,.T.);
#2208=EDGE_CURVE('',#1687,#1686,#78,.T.);
#2209=EDGE_CURVE('',#1687,#1684,#79,.T.);
#2210=EDGE_CURVE('',#1688,#1683,#80,.T.);
#2211=EDGE_CURVE('',#1688,#1689,#860,.T.);
#2212=EDGE_CURVE('',#1690,#1689,#861,.T.);
#2213=EDGE_CURVE('',#1691,#1690,#81,.T.);
#2214=EDGE_CURVE('',#1680,#1691,#862,.T.);
#2215=EDGE_CURVE('',#1692,#1684,#82,.T.);
#2216=EDGE_CURVE('',#1693,#1687,#863,.T.);
#2217=EDGE_CURVE('',#1694,#1693,#83,.T.);
#2218=EDGE_CURVE('',#1695,#1694,#864,.T.);
#2219=EDGE_CURVE('',#1695,#1692,#865,.T.);
#2220=EDGE_CURVE('',#1668,#1695,#84,.F.);
#2221=EDGE_CURVE('',#1694,#1662,#85,.T.);
#2222=EDGE_CURVE('',#1693,#1696,#86,.T.);
#2223=EDGE_CURVE('',#1696,#1662,#87,.T.);
#2224=EDGE_CURVE('',#1691,#1697,#88,.T.);
#2225=EDGE_CURVE('',#1697,#1696,#866,.T.);
#2226=EDGE_CURVE('',#1686,#1681,#867,.T.);
#2227=EDGE_CURVE('',#1690,#1679,#89,.T.);
#2228=EDGE_CURVE('',#1679,#1697,#90,.T.);
#2229=EDGE_CURVE('',#1678,#1689,#91,.T.);
#2230=EDGE_CURVE('',#1697,#1659,#92,.T.);
#2231=EDGE_CURVE('',#1658,#1696,#93,.T.);
#2232=EDGE_CURVE('',#1692,#1698,#94,.T.);
#2233=EDGE_CURVE('',#1698,#1699,#95,.T.);
#2234=EDGE_CURVE('',#1699,#1685,#1350,.T.);
#2235=EDGE_CURVE('',#1681,#1700,#96,.T.);
#2236=EDGE_CURVE('',#1700,#1701,#97,.T.);
#2237=EDGE_CURVE('',#1701,#1682,#1351,.T.);
#2238=EDGE_CURVE('',#1701,#1702,#98,.T.);
#2239=EDGE_CURVE('',#1702,#1688,#99,.T.);
#2240=EDGE_CURVE('',#1686,#1703,#100,.T.);
#2241=EDGE_CURVE('',#1703,#1700,#868,.T.);
#2242=EDGE_CURVE('',#1699,#1703,#101,.T.);
#2243=EDGE_CURVE('',#1702,#1698,#869,.T.);
#2244=EDGE_CURVE('',#1692,#1688,#870,.T.);
#2245=EDGE_CURVE('',#1704,#1704,#102,.T.);
#2246=EDGE_CURVE('',#1705,#1705,#103,.T.);
#2247=EDGE_CURVE('',#1705,#1666,#871,.T.);
#2248=EDGE_CURVE('',#1704,#1665,#872,.T.);
#2249=ORIENTED_EDGE('',*,*,#1706,.F.);
#2250=ORIENTED_EDGE('',*,*,#1707,.F.);
#2251=ORIENTED_EDGE('',*,*,#1708,.T.);
#2252=ORIENTED_EDGE('',*,*,#1709,.T.);
#2253=ORIENTED_EDGE('',*,*,#1710,.F.);
#2254=ORIENTED_EDGE('',*,*,#1709,.F.);
#2255=ORIENTED_EDGE('',*,*,#1711,.T.);
#2256=ORIENTED_EDGE('',*,*,#1712,.T.);
#2257=ORIENTED_EDGE('',*,*,#1713,.F.);
#2258=ORIENTED_EDGE('',*,*,#1712,.F.);
#2259=ORIENTED_EDGE('',*,*,#1714,.T.);
#2260=ORIENTED_EDGE('',*,*,#1715,.T.);
#2261=ORIENTED_EDGE('',*,*,#1716,.F.);
#2262=ORIENTED_EDGE('',*,*,#1717,.F.);
#2263=ORIENTED_EDGE('',*,*,#1718,.T.);
#2264=ORIENTED_EDGE('',*,*,#1719,.T.);
#2265=ORIENTED_EDGE('',*,*,#1720,.F.);
#2266=ORIENTED_EDGE('',*,*,#1719,.F.);
#2267=ORIENTED_EDGE('',*,*,#1721,.T.);
#2268=ORIENTED_EDGE('',*,*,#1722,.T.);
#2269=ORIENTED_EDGE('',*,*,#1723,.F.);
#2270=ORIENTED_EDGE('',*,*,#1722,.F.);
#2271=ORIENTED_EDGE('',*,*,#1724,.T.);
#2272=ORIENTED_EDGE('',*,*,#1725,.T.);
#2273=ORIENTED_EDGE('',*,*,#1726,.F.);
#2274=ORIENTED_EDGE('',*,*,#1725,.F.);
#2275=ORIENTED_EDGE('',*,*,#1727,.T.);
#2276=ORIENTED_EDGE('',*,*,#1728,.T.);
#2277=ORIENTED_EDGE('',*,*,#1729,.F.);
#2278=ORIENTED_EDGE('',*,*,#1728,.F.);
#2279=ORIENTED_EDGE('',*,*,#1730,.T.);
#2280=ORIENTED_EDGE('',*,*,#1731,.T.);
#2281=ORIENTED_EDGE('',*,*,#1732,.F.);
#2282=ORIENTED_EDGE('',*,*,#1731,.F.);
#2283=ORIENTED_EDGE('',*,*,#1733,.T.);
#2284=ORIENTED_EDGE('',*,*,#1734,.T.);
#2285=ORIENTED_EDGE('',*,*,#1735,.F.);
#2286=ORIENTED_EDGE('',*,*,#1734,.F.);
#2287=ORIENTED_EDGE('',*,*,#1736,.T.);
#2288=ORIENTED_EDGE('',*,*,#1737,.T.);
#2289=ORIENTED_EDGE('',*,*,#1738,.F.);
#2290=ORIENTED_EDGE('',*,*,#1737,.F.);
#2291=ORIENTED_EDGE('',*,*,#1739,.T.);
#2292=ORIENTED_EDGE('',*,*,#1740,.T.);
#2293=ORIENTED_EDGE('',*,*,#1741,.F.);
#2294=ORIENTED_EDGE('',*,*,#1740,.F.);
#2295=ORIENTED_EDGE('',*,*,#1742,.T.);
#2296=ORIENTED_EDGE('',*,*,#1743,.T.);
#2297=ORIENTED_EDGE('',*,*,#1744,.F.);
#2298=ORIENTED_EDGE('',*,*,#1743,.F.);
#2299=ORIENTED_EDGE('',*,*,#1745,.T.);
#2300=ORIENTED_EDGE('',*,*,#1746,.T.);
#2301=ORIENTED_EDGE('',*,*,#1747,.F.);
#2302=ORIENTED_EDGE('',*,*,#1746,.F.);
#2303=ORIENTED_EDGE('',*,*,#1748,.T.);
#2304=ORIENTED_EDGE('',*,*,#1749,.T.);
#2305=ORIENTED_EDGE('',*,*,#1750,.F.);
#2306=ORIENTED_EDGE('',*,*,#1749,.F.);
#2307=ORIENTED_EDGE('',*,*,#1751,.T.);
#2308=ORIENTED_EDGE('',*,*,#1752,.T.);
#2309=ORIENTED_EDGE('',*,*,#1753,.F.);
#2310=ORIENTED_EDGE('',*,*,#1715,.F.);
#2311=ORIENTED_EDGE('',*,*,#1754,.T.);
#2312=ORIENTED_EDGE('',*,*,#1755,.T.);
#2313=ORIENTED_EDGE('',*,*,#1756,.F.);
#2314=ORIENTED_EDGE('',*,*,#1755,.F.);
#2315=ORIENTED_EDGE('',*,*,#1757,.T.);
#2316=ORIENTED_EDGE('',*,*,#1758,.T.);
#2317=ORIENTED_EDGE('',*,*,#1759,.F.);
#2318=ORIENTED_EDGE('',*,*,#1758,.F.);
#2319=ORIENTED_EDGE('',*,*,#1760,.T.);
#2320=ORIENTED_EDGE('',*,*,#1761,.T.);
#2321=ORIENTED_EDGE('',*,*,#1762,.F.);
#2322=ORIENTED_EDGE('',*,*,#1761,.F.);
#2323=ORIENTED_EDGE('',*,*,#1763,.T.);
#2324=ORIENTED_EDGE('',*,*,#1707,.T.);
#2325=ORIENTED_EDGE('',*,*,#1764,.F.);
#2326=ORIENTED_EDGE('',*,*,#1752,.F.);
#2327=ORIENTED_EDGE('',*,*,#1765,.T.);
#2328=ORIENTED_EDGE('',*,*,#1766,.T.);
#2329=ORIENTED_EDGE('',*,*,#1767,.F.);
#2330=ORIENTED_EDGE('',*,*,#1766,.F.);
#2331=ORIENTED_EDGE('',*,*,#1768,.T.);
#2332=ORIENTED_EDGE('',*,*,#1769,.T.);
#2333=ORIENTED_EDGE('',*,*,#1770,.F.);
#2334=ORIENTED_EDGE('',*,*,#1769,.F.);
#2335=ORIENTED_EDGE('',*,*,#1771,.T.);
#2336=ORIENTED_EDGE('',*,*,#1772,.T.);
#2337=ORIENTED_EDGE('',*,*,#1773,.F.);
#2338=ORIENTED_EDGE('',*,*,#1772,.F.);
#2339=ORIENTED_EDGE('',*,*,#1774,.T.);
#2340=ORIENTED_EDGE('',*,*,#1775,.T.);
#2341=ORIENTED_EDGE('',*,*,#1776,.F.);
#2342=ORIENTED_EDGE('',*,*,#1775,.F.);
#2343=ORIENTED_EDGE('',*,*,#1777,.T.);
#2344=ORIENTED_EDGE('',*,*,#1778,.T.);
#2345=ORIENTED_EDGE('',*,*,#1779,.F.);
#2346=ORIENTED_EDGE('',*,*,#1778,.F.);
#2347=ORIENTED_EDGE('',*,*,#1780,.T.);
#2348=ORIENTED_EDGE('',*,*,#1781,.T.);
#2349=ORIENTED_EDGE('',*,*,#1782,.F.);
#2350=ORIENTED_EDGE('',*,*,#1781,.F.);
#2351=ORIENTED_EDGE('',*,*,#1783,.T.);
#2352=ORIENTED_EDGE('',*,*,#1784,.T.);
#2353=ORIENTED_EDGE('',*,*,#1785,.F.);
#2354=ORIENTED_EDGE('',*,*,#1784,.F.);
#2355=ORIENTED_EDGE('',*,*,#1786,.T.);
#2356=ORIENTED_EDGE('',*,*,#1787,.T.);
#2357=ORIENTED_EDGE('',*,*,#1788,.F.);
#2358=ORIENTED_EDGE('',*,*,#1787,.F.);
#2359=ORIENTED_EDGE('',*,*,#1789,.T.);
#2360=ORIENTED_EDGE('',*,*,#1790,.T.);
#2361=ORIENTED_EDGE('',*,*,#1791,.F.);
#2362=ORIENTED_EDGE('',*,*,#1790,.F.);
#2363=ORIENTED_EDGE('',*,*,#1792,.T.);
#2364=ORIENTED_EDGE('',*,*,#1793,.T.);
#2365=ORIENTED_EDGE('',*,*,#1794,.F.);
#2366=ORIENTED_EDGE('',*,*,#1793,.F.);
#2367=ORIENTED_EDGE('',*,*,#1795,.T.);
#2368=ORIENTED_EDGE('',*,*,#1796,.T.);
#2369=ORIENTED_EDGE('',*,*,#1797,.F.);
#2370=ORIENTED_EDGE('',*,*,#1796,.F.);
#2371=ORIENTED_EDGE('',*,*,#1798,.T.);
#2372=ORIENTED_EDGE('',*,*,#1799,.T.);
#2373=ORIENTED_EDGE('',*,*,#1800,.F.);
#2374=ORIENTED_EDGE('',*,*,#1799,.F.);
#2375=ORIENTED_EDGE('',*,*,#1801,.T.);
#2376=ORIENTED_EDGE('',*,*,#1717,.T.);
#2377=ORIENTED_EDGE('',*,*,#1751,.F.);
#2378=ORIENTED_EDGE('',*,*,#1748,.F.);
#2379=ORIENTED_EDGE('',*,*,#1745,.F.);
#2380=ORIENTED_EDGE('',*,*,#1742,.F.);
#2381=ORIENTED_EDGE('',*,*,#1739,.F.);
#2382=ORIENTED_EDGE('',*,*,#1736,.F.);
#2383=ORIENTED_EDGE('',*,*,#1733,.F.);
#2384=ORIENTED_EDGE('',*,*,#1730,.F.);
#2385=ORIENTED_EDGE('',*,*,#1727,.F.);
#2386=ORIENTED_EDGE('',*,*,#1724,.F.);
#2387=ORIENTED_EDGE('',*,*,#1721,.F.);
#2388=ORIENTED_EDGE('',*,*,#1718,.F.);
#2389=ORIENTED_EDGE('',*,*,#1801,.F.);
#2390=ORIENTED_EDGE('',*,*,#1798,.F.);
#2391=ORIENTED_EDGE('',*,*,#1795,.F.);
#2392=ORIENTED_EDGE('',*,*,#1792,.F.);
#2393=ORIENTED_EDGE('',*,*,#1789,.F.);
#2394=ORIENTED_EDGE('',*,*,#1786,.F.);
#2395=ORIENTED_EDGE('',*,*,#1783,.F.);
#2396=ORIENTED_EDGE('',*,*,#1780,.F.);
#2397=ORIENTED_EDGE('',*,*,#1777,.F.);
#2398=ORIENTED_EDGE('',*,*,#1774,.F.);
#2399=ORIENTED_EDGE('',*,*,#1771,.F.);
#2400=ORIENTED_EDGE('',*,*,#1768,.F.);
#2401=ORIENTED_EDGE('',*,*,#1765,.F.);
#2402=ORIENTED_EDGE('',*,*,#1714,.F.);
#2403=ORIENTED_EDGE('',*,*,#1711,.F.);
#2404=ORIENTED_EDGE('',*,*,#1708,.F.);
#2405=ORIENTED_EDGE('',*,*,#1763,.F.);
#2406=ORIENTED_EDGE('',*,*,#1760,.F.);
#2407=ORIENTED_EDGE('',*,*,#1757,.F.);
#2408=ORIENTED_EDGE('',*,*,#1754,.F.);
#2409=ORIENTED_EDGE('',*,*,#1802,.F.);
#2410=ORIENTED_EDGE('',*,*,#1803,.F.);
#2411=ORIENTED_EDGE('',*,*,#1804,.T.);
#2412=ORIENTED_EDGE('',*,*,#1805,.T.);
#2413=ORIENTED_EDGE('',*,*,#1806,.F.);
#2414=ORIENTED_EDGE('',*,*,#1805,.F.);
#2415=ORIENTED_EDGE('',*,*,#1807,.T.);
#2416=ORIENTED_EDGE('',*,*,#1808,.T.);
#2417=ORIENTED_EDGE('',*,*,#1809,.F.);
#2418=ORIENTED_EDGE('',*,*,#1808,.F.);
#2419=ORIENTED_EDGE('',*,*,#1810,.T.);
#2420=ORIENTED_EDGE('',*,*,#1811,.T.);
#2421=ORIENTED_EDGE('',*,*,#1812,.F.);
#2422=ORIENTED_EDGE('',*,*,#1811,.F.);
#2423=ORIENTED_EDGE('',*,*,#1813,.T.);
#2424=ORIENTED_EDGE('',*,*,#1814,.T.);
#2425=ORIENTED_EDGE('',*,*,#1815,.F.);
#2426=ORIENTED_EDGE('',*,*,#1814,.F.);
#2427=ORIENTED_EDGE('',*,*,#1816,.T.);
#2428=ORIENTED_EDGE('',*,*,#1817,.T.);
#2429=ORIENTED_EDGE('',*,*,#1818,.F.);
#2430=ORIENTED_EDGE('',*,*,#1817,.F.);
#2431=ORIENTED_EDGE('',*,*,#1819,.T.);
#2432=ORIENTED_EDGE('',*,*,#1820,.T.);
#2433=ORIENTED_EDGE('',*,*,#1821,.F.);
#2434=ORIENTED_EDGE('',*,*,#1820,.F.);
#2435=ORIENTED_EDGE('',*,*,#1822,.T.);
#2436=ORIENTED_EDGE('',*,*,#1823,.T.);
#2437=ORIENTED_EDGE('',*,*,#1824,.F.);
#2438=ORIENTED_EDGE('',*,*,#1823,.F.);
#2439=ORIENTED_EDGE('',*,*,#1825,.T.);
#2440=ORIENTED_EDGE('',*,*,#1826,.T.);
#2441=ORIENTED_EDGE('',*,*,#1827,.F.);
#2442=ORIENTED_EDGE('',*,*,#1826,.F.);
#2443=ORIENTED_EDGE('',*,*,#1828,.T.);
#2444=ORIENTED_EDGE('',*,*,#1829,.T.);
#2445=ORIENTED_EDGE('',*,*,#1830,.F.);
#2446=ORIENTED_EDGE('',*,*,#1829,.F.);
#2447=ORIENTED_EDGE('',*,*,#1831,.T.);
#2448=ORIENTED_EDGE('',*,*,#1832,.T.);
#2449=ORIENTED_EDGE('',*,*,#1833,.F.);
#2450=ORIENTED_EDGE('',*,*,#1832,.F.);
#2451=ORIENTED_EDGE('',*,*,#1834,.T.);
#2452=ORIENTED_EDGE('',*,*,#1835,.T.);
#2453=ORIENTED_EDGE('',*,*,#1836,.F.);
#2454=ORIENTED_EDGE('',*,*,#1835,.F.);
#2455=ORIENTED_EDGE('',*,*,#1837,.T.);
#2456=ORIENTED_EDGE('',*,*,#1838,.T.);
#2457=ORIENTED_EDGE('',*,*,#1839,.F.);
#2458=ORIENTED_EDGE('',*,*,#1838,.F.);
#2459=ORIENTED_EDGE('',*,*,#1840,.T.);
#2460=ORIENTED_EDGE('',*,*,#1841,.T.);
#2461=ORIENTED_EDGE('',*,*,#1842,.F.);
#2462=ORIENTED_EDGE('',*,*,#1841,.F.);
#2463=ORIENTED_EDGE('',*,*,#1843,.T.);
#2464=ORIENTED_EDGE('',*,*,#1844,.T.);
#2465=ORIENTED_EDGE('',*,*,#1845,.F.);
#2466=ORIENTED_EDGE('',*,*,#1844,.F.);
#2467=ORIENTED_EDGE('',*,*,#1846,.T.);
#2468=ORIENTED_EDGE('',*,*,#1847,.T.);
#2469=ORIENTED_EDGE('',*,*,#1848,.F.);
#2470=ORIENTED_EDGE('',*,*,#1847,.F.);
#2471=ORIENTED_EDGE('',*,*,#1849,.T.);
#2472=ORIENTED_EDGE('',*,*,#1850,.T.);
#2473=ORIENTED_EDGE('',*,*,#1851,.F.);
#2474=ORIENTED_EDGE('',*,*,#1850,.F.);
#2475=ORIENTED_EDGE('',*,*,#1852,.T.);
#2476=ORIENTED_EDGE('',*,*,#1803,.T.);
#2477=ORIENTED_EDGE('',*,*,#1825,.F.);
#2478=ORIENTED_EDGE('',*,*,#1822,.F.);
#2479=ORIENTED_EDGE('',*,*,#1819,.F.);
#2480=ORIENTED_EDGE('',*,*,#1816,.F.);
#2481=ORIENTED_EDGE('',*,*,#1813,.F.);
#2482=ORIENTED_EDGE('',*,*,#1810,.F.);
#2483=ORIENTED_EDGE('',*,*,#1807,.F.);
#2484=ORIENTED_EDGE('',*,*,#1804,.F.);
#2485=ORIENTED_EDGE('',*,*,#1852,.F.);
#2486=ORIENTED_EDGE('',*,*,#1849,.F.);
#2487=ORIENTED_EDGE('',*,*,#1846,.F.);
#2488=ORIENTED_EDGE('',*,*,#1843,.F.);
#2489=ORIENTED_EDGE('',*,*,#1840,.F.);
#2490=ORIENTED_EDGE('',*,*,#1837,.F.);
#2491=ORIENTED_EDGE('',*,*,#1834,.F.);
#2492=ORIENTED_EDGE('',*,*,#1831,.F.);
#2493=ORIENTED_EDGE('',*,*,#1828,.F.);
#2494=ORIENTED_EDGE('',*,*,#1853,.F.);
#2495=ORIENTED_EDGE('',*,*,#1854,.F.);
#2496=ORIENTED_EDGE('',*,*,#1855,.T.);
#2497=ORIENTED_EDGE('',*,*,#1856,.T.);
#2498=ORIENTED_EDGE('',*,*,#1857,.F.);
#2499=ORIENTED_EDGE('',*,*,#1856,.F.);
#2500=ORIENTED_EDGE('',*,*,#1858,.T.);
#2501=ORIENTED_EDGE('',*,*,#1859,.T.);
#2502=ORIENTED_EDGE('',*,*,#1860,.F.);
#2503=ORIENTED_EDGE('',*,*,#1859,.F.);
#2504=ORIENTED_EDGE('',*,*,#1861,.T.);
#2505=ORIENTED_EDGE('',*,*,#1862,.T.);
#2506=ORIENTED_EDGE('',*,*,#1863,.F.);
#2507=ORIENTED_EDGE('',*,*,#1862,.F.);
#2508=ORIENTED_EDGE('',*,*,#1864,.T.);
#2509=ORIENTED_EDGE('',*,*,#1865,.T.);
#2510=ORIENTED_EDGE('',*,*,#1866,.F.);
#2511=ORIENTED_EDGE('',*,*,#1865,.F.);
#2512=ORIENTED_EDGE('',*,*,#1867,.T.);
#2513=ORIENTED_EDGE('',*,*,#1868,.T.);
#2514=ORIENTED_EDGE('',*,*,#1869,.F.);
#2515=ORIENTED_EDGE('',*,*,#1868,.F.);
#2516=ORIENTED_EDGE('',*,*,#1870,.T.);
#2517=ORIENTED_EDGE('',*,*,#1871,.T.);
#2518=ORIENTED_EDGE('',*,*,#1872,.F.);
#2519=ORIENTED_EDGE('',*,*,#1871,.F.);
#2520=ORIENTED_EDGE('',*,*,#1873,.T.);
#2521=ORIENTED_EDGE('',*,*,#1874,.T.);
#2522=ORIENTED_EDGE('',*,*,#1875,.F.);
#2523=ORIENTED_EDGE('',*,*,#1874,.F.);
#2524=ORIENTED_EDGE('',*,*,#1876,.T.);
#2525=ORIENTED_EDGE('',*,*,#1877,.T.);
#2526=ORIENTED_EDGE('',*,*,#1878,.F.);
#2527=ORIENTED_EDGE('',*,*,#1877,.F.);
#2528=ORIENTED_EDGE('',*,*,#1879,.T.);
#2529=ORIENTED_EDGE('',*,*,#1880,.T.);
#2530=ORIENTED_EDGE('',*,*,#1881,.F.);
#2531=ORIENTED_EDGE('',*,*,#1880,.F.);
#2532=ORIENTED_EDGE('',*,*,#1882,.T.);
#2533=ORIENTED_EDGE('',*,*,#1883,.T.);
#2534=ORIENTED_EDGE('',*,*,#1884,.F.);
#2535=ORIENTED_EDGE('',*,*,#1883,.F.);
#2536=ORIENTED_EDGE('',*,*,#1885,.T.);
#2537=ORIENTED_EDGE('',*,*,#1886,.T.);
#2538=ORIENTED_EDGE('',*,*,#1887,.F.);
#2539=ORIENTED_EDGE('',*,*,#1886,.F.);
#2540=ORIENTED_EDGE('',*,*,#1888,.T.);
#2541=ORIENTED_EDGE('',*,*,#1889,.T.);
#2542=ORIENTED_EDGE('',*,*,#1890,.F.);
#2543=ORIENTED_EDGE('',*,*,#1889,.F.);
#2544=ORIENTED_EDGE('',*,*,#1891,.T.);
#2545=ORIENTED_EDGE('',*,*,#1892,.T.);
#2546=ORIENTED_EDGE('',*,*,#1893,.F.);
#2547=ORIENTED_EDGE('',*,*,#1892,.F.);
#2548=ORIENTED_EDGE('',*,*,#1894,.T.);
#2549=ORIENTED_EDGE('',*,*,#1895,.T.);
#2550=ORIENTED_EDGE('',*,*,#1896,.F.);
#2551=ORIENTED_EDGE('',*,*,#1895,.F.);
#2552=ORIENTED_EDGE('',*,*,#1897,.T.);
#2553=ORIENTED_EDGE('',*,*,#1898,.T.);
#2554=ORIENTED_EDGE('',*,*,#1899,.F.);
#2555=ORIENTED_EDGE('',*,*,#1898,.F.);
#2556=ORIENTED_EDGE('',*,*,#1900,.T.);
#2557=ORIENTED_EDGE('',*,*,#1901,.T.);
#2558=ORIENTED_EDGE('',*,*,#1902,.F.);
#2559=ORIENTED_EDGE('',*,*,#1901,.F.);
#2560=ORIENTED_EDGE('',*,*,#1903,.T.);
#2561=ORIENTED_EDGE('',*,*,#1904,.T.);
#2562=ORIENTED_EDGE('',*,*,#1905,.F.);
#2563=ORIENTED_EDGE('',*,*,#1904,.F.);
#2564=ORIENTED_EDGE('',*,*,#1906,.T.);
#2565=ORIENTED_EDGE('',*,*,#1907,.T.);
#2566=ORIENTED_EDGE('',*,*,#1908,.F.);
#2567=ORIENTED_EDGE('',*,*,#1907,.F.);
#2568=ORIENTED_EDGE('',*,*,#1909,.T.);
#2569=ORIENTED_EDGE('',*,*,#1910,.T.);
#2570=ORIENTED_EDGE('',*,*,#1911,.F.);
#2571=ORIENTED_EDGE('',*,*,#1910,.F.);
#2572=ORIENTED_EDGE('',*,*,#1912,.T.);
#2573=ORIENTED_EDGE('',*,*,#1913,.T.);
#2574=ORIENTED_EDGE('',*,*,#1914,.F.);
#2575=ORIENTED_EDGE('',*,*,#1913,.F.);
#2576=ORIENTED_EDGE('',*,*,#1915,.T.);
#2577=ORIENTED_EDGE('',*,*,#1916,.T.);
#2578=ORIENTED_EDGE('',*,*,#1917,.F.);
#2579=ORIENTED_EDGE('',*,*,#1916,.F.);
#2580=ORIENTED_EDGE('',*,*,#1918,.T.);
#2581=ORIENTED_EDGE('',*,*,#1919,.T.);
#2582=ORIENTED_EDGE('',*,*,#1920,.F.);
#2583=ORIENTED_EDGE('',*,*,#1919,.F.);
#2584=ORIENTED_EDGE('',*,*,#1921,.T.);
#2585=ORIENTED_EDGE('',*,*,#1922,.T.);
#2586=ORIENTED_EDGE('',*,*,#1923,.F.);
#2587=ORIENTED_EDGE('',*,*,#1922,.F.);
#2588=ORIENTED_EDGE('',*,*,#1924,.T.);
#2589=ORIENTED_EDGE('',*,*,#1925,.T.);
#2590=ORIENTED_EDGE('',*,*,#1926,.F.);
#2591=ORIENTED_EDGE('',*,*,#1925,.F.);
#2592=ORIENTED_EDGE('',*,*,#1927,.T.);
#2593=ORIENTED_EDGE('',*,*,#1928,.T.);
#2594=ORIENTED_EDGE('',*,*,#1929,.F.);
#2595=ORIENTED_EDGE('',*,*,#1928,.F.);
#2596=ORIENTED_EDGE('',*,*,#1930,.T.);
#2597=ORIENTED_EDGE('',*,*,#1931,.T.);
#2598=ORIENTED_EDGE('',*,*,#1932,.F.);
#2599=ORIENTED_EDGE('',*,*,#1931,.F.);
#2600=ORIENTED_EDGE('',*,*,#1933,.T.);
#2601=ORIENTED_EDGE('',*,*,#1934,.T.);
#2602=ORIENTED_EDGE('',*,*,#1935,.F.);
#2603=ORIENTED_EDGE('',*,*,#1934,.F.);
#2604=ORIENTED_EDGE('',*,*,#1936,.T.);
#2605=ORIENTED_EDGE('',*,*,#1937,.T.);
#2606=ORIENTED_EDGE('',*,*,#1938,.F.);
#2607=ORIENTED_EDGE('',*,*,#1937,.F.);
#2608=ORIENTED_EDGE('',*,*,#1939,.T.);
#2609=ORIENTED_EDGE('',*,*,#1940,.T.);
#2610=ORIENTED_EDGE('',*,*,#1941,.F.);
#2611=ORIENTED_EDGE('',*,*,#1940,.F.);
#2612=ORIENTED_EDGE('',*,*,#1942,.T.);
#2613=ORIENTED_EDGE('',*,*,#1943,.T.);
#2614=ORIENTED_EDGE('',*,*,#1944,.F.);
#2615=ORIENTED_EDGE('',*,*,#1943,.F.);
#2616=ORIENTED_EDGE('',*,*,#1945,.T.);
#2617=ORIENTED_EDGE('',*,*,#1946,.T.);
#2618=ORIENTED_EDGE('',*,*,#1947,.F.);
#2619=ORIENTED_EDGE('',*,*,#1946,.F.);
#2620=ORIENTED_EDGE('',*,*,#1948,.T.);
#2621=ORIENTED_EDGE('',*,*,#1949,.T.);
#2622=ORIENTED_EDGE('',*,*,#1950,.F.);
#2623=ORIENTED_EDGE('',*,*,#1949,.F.);
#2624=ORIENTED_EDGE('',*,*,#1951,.T.);
#2625=ORIENTED_EDGE('',*,*,#1952,.T.);
#2626=ORIENTED_EDGE('',*,*,#1953,.F.);
#2627=ORIENTED_EDGE('',*,*,#1952,.F.);
#2628=ORIENTED_EDGE('',*,*,#1954,.T.);
#2629=ORIENTED_EDGE('',*,*,#1955,.T.);
#2630=ORIENTED_EDGE('',*,*,#1956,.F.);
#2631=ORIENTED_EDGE('',*,*,#1955,.F.);
#2632=ORIENTED_EDGE('',*,*,#1957,.T.);
#2633=ORIENTED_EDGE('',*,*,#1958,.T.);
#2634=ORIENTED_EDGE('',*,*,#1959,.F.);
#2635=ORIENTED_EDGE('',*,*,#1958,.F.);
#2636=ORIENTED_EDGE('',*,*,#1960,.T.);
#2637=ORIENTED_EDGE('',*,*,#1854,.T.);
#2638=ORIENTED_EDGE('',*,*,#1906,.F.);
#2639=ORIENTED_EDGE('',*,*,#1903,.F.);
#2640=ORIENTED_EDGE('',*,*,#1900,.F.);
#2641=ORIENTED_EDGE('',*,*,#1897,.F.);
#2642=ORIENTED_EDGE('',*,*,#1894,.F.);
#2643=ORIENTED_EDGE('',*,*,#1891,.F.);
#2644=ORIENTED_EDGE('',*,*,#1888,.F.);
#2645=ORIENTED_EDGE('',*,*,#1885,.F.);
#2646=ORIENTED_EDGE('',*,*,#1882,.F.);
#2647=ORIENTED_EDGE('',*,*,#1879,.F.);
#2648=ORIENTED_EDGE('',*,*,#1876,.F.);
#2649=ORIENTED_EDGE('',*,*,#1873,.F.);
#2650=ORIENTED_EDGE('',*,*,#1870,.F.);
#2651=ORIENTED_EDGE('',*,*,#1867,.F.);
#2652=ORIENTED_EDGE('',*,*,#1864,.F.);
#2653=ORIENTED_EDGE('',*,*,#1861,.F.);
#2654=ORIENTED_EDGE('',*,*,#1858,.F.);
#2655=ORIENTED_EDGE('',*,*,#1855,.F.);
#2656=ORIENTED_EDGE('',*,*,#1960,.F.);
#2657=ORIENTED_EDGE('',*,*,#1957,.F.);
#2658=ORIENTED_EDGE('',*,*,#1954,.F.);
#2659=ORIENTED_EDGE('',*,*,#1951,.F.);
#2660=ORIENTED_EDGE('',*,*,#1948,.F.);
#2661=ORIENTED_EDGE('',*,*,#1945,.F.);
#2662=ORIENTED_EDGE('',*,*,#1942,.F.);
#2663=ORIENTED_EDGE('',*,*,#1939,.F.);
#2664=ORIENTED_EDGE('',*,*,#1936,.F.);
#2665=ORIENTED_EDGE('',*,*,#1933,.F.);
#2666=ORIENTED_EDGE('',*,*,#1930,.F.);
#2667=ORIENTED_EDGE('',*,*,#1927,.F.);
#2668=ORIENTED_EDGE('',*,*,#1924,.F.);
#2669=ORIENTED_EDGE('',*,*,#1921,.F.);
#2670=ORIENTED_EDGE('',*,*,#1918,.F.);
#2671=ORIENTED_EDGE('',*,*,#1915,.F.);
#2672=ORIENTED_EDGE('',*,*,#1912,.F.);
#2673=ORIENTED_EDGE('',*,*,#1909,.F.);
#2674=ORIENTED_EDGE('',*,*,#1961,.F.);
#2675=ORIENTED_EDGE('',*,*,#1962,.F.);
#2676=ORIENTED_EDGE('',*,*,#1963,.T.);
#2677=ORIENTED_EDGE('',*,*,#1964,.T.);
#2678=ORIENTED_EDGE('',*,*,#1965,.F.);
#2679=ORIENTED_EDGE('',*,*,#1964,.F.);
#2680=ORIENTED_EDGE('',*,*,#1966,.T.);
#2681=ORIENTED_EDGE('',*,*,#1967,.T.);
#2682=ORIENTED_EDGE('',*,*,#1968,.F.);
#2683=ORIENTED_EDGE('',*,*,#1967,.F.);
#2684=ORIENTED_EDGE('',*,*,#1969,.T.);
#2685=ORIENTED_EDGE('',*,*,#1970,.T.);
#2686=ORIENTED_EDGE('',*,*,#1971,.F.);
#2687=ORIENTED_EDGE('',*,*,#1972,.F.);
#2688=ORIENTED_EDGE('',*,*,#1973,.T.);
#2689=ORIENTED_EDGE('',*,*,#1974,.T.);
#2690=ORIENTED_EDGE('',*,*,#1975,.F.);
#2691=ORIENTED_EDGE('',*,*,#1974,.F.);
#2692=ORIENTED_EDGE('',*,*,#1976,.T.);
#2693=ORIENTED_EDGE('',*,*,#1977,.T.);
#2694=ORIENTED_EDGE('',*,*,#1978,.F.);
#2695=ORIENTED_EDGE('',*,*,#1977,.F.);
#2696=ORIENTED_EDGE('',*,*,#1979,.T.);
#2697=ORIENTED_EDGE('',*,*,#1980,.T.);
#2698=ORIENTED_EDGE('',*,*,#1981,.F.);
#2699=ORIENTED_EDGE('',*,*,#1980,.F.);
#2700=ORIENTED_EDGE('',*,*,#1982,.T.);
#2701=ORIENTED_EDGE('',*,*,#1983,.T.);
#2702=ORIENTED_EDGE('',*,*,#1984,.F.);
#2703=ORIENTED_EDGE('',*,*,#1983,.F.);
#2704=ORIENTED_EDGE('',*,*,#1985,.T.);
#2705=ORIENTED_EDGE('',*,*,#1986,.T.);
#2706=ORIENTED_EDGE('',*,*,#1987,.F.);
#2707=ORIENTED_EDGE('',*,*,#1986,.F.);
#2708=ORIENTED_EDGE('',*,*,#1988,.T.);
#2709=ORIENTED_EDGE('',*,*,#1989,.T.);
#2710=ORIENTED_EDGE('',*,*,#1990,.F.);
#2711=ORIENTED_EDGE('',*,*,#1989,.F.);
#2712=ORIENTED_EDGE('',*,*,#1991,.T.);
#2713=ORIENTED_EDGE('',*,*,#1992,.T.);
#2714=ORIENTED_EDGE('',*,*,#1993,.F.);
#2715=ORIENTED_EDGE('',*,*,#1992,.F.);
#2716=ORIENTED_EDGE('',*,*,#1994,.T.);
#2717=ORIENTED_EDGE('',*,*,#1995,.T.);
#2718=ORIENTED_EDGE('',*,*,#1996,.F.);
#2719=ORIENTED_EDGE('',*,*,#1995,.F.);
#2720=ORIENTED_EDGE('',*,*,#1997,.T.);
#2721=ORIENTED_EDGE('',*,*,#1998,.T.);
#2722=ORIENTED_EDGE('',*,*,#1999,.F.);
#2723=ORIENTED_EDGE('',*,*,#1998,.F.);
#2724=ORIENTED_EDGE('',*,*,#2000,.T.);
#2725=ORIENTED_EDGE('',*,*,#2001,.T.);
#2726=ORIENTED_EDGE('',*,*,#2002,.F.);
#2727=ORIENTED_EDGE('',*,*,#2001,.F.);
#2728=ORIENTED_EDGE('',*,*,#2003,.T.);
#2729=ORIENTED_EDGE('',*,*,#2004,.T.);
#2730=ORIENTED_EDGE('',*,*,#2005,.F.);
#2731=ORIENTED_EDGE('',*,*,#2004,.F.);
#2732=ORIENTED_EDGE('',*,*,#2006,.T.);
#2733=ORIENTED_EDGE('',*,*,#2007,.T.);
#2734=ORIENTED_EDGE('',*,*,#2008,.F.);
#2735=ORIENTED_EDGE('',*,*,#1970,.F.);
#2736=ORIENTED_EDGE('',*,*,#2009,.T.);
#2737=ORIENTED_EDGE('',*,*,#2010,.T.);
#2738=ORIENTED_EDGE('',*,*,#2011,.F.);
#2739=ORIENTED_EDGE('',*,*,#2010,.F.);
#2740=ORIENTED_EDGE('',*,*,#2012,.T.);
#2741=ORIENTED_EDGE('',*,*,#2013,.T.);
#2742=ORIENTED_EDGE('',*,*,#2014,.F.);
#2743=ORIENTED_EDGE('',*,*,#2013,.F.);
#2744=ORIENTED_EDGE('',*,*,#2015,.T.);
#2745=ORIENTED_EDGE('',*,*,#2016,.T.);
#2746=ORIENTED_EDGE('',*,*,#2017,.F.);
#2747=ORIENTED_EDGE('',*,*,#2016,.F.);
#2748=ORIENTED_EDGE('',*,*,#2018,.T.);
#2749=ORIENTED_EDGE('',*,*,#1962,.T.);
#2750=ORIENTED_EDGE('',*,*,#2019,.F.);
#2751=ORIENTED_EDGE('',*,*,#2007,.F.);
#2752=ORIENTED_EDGE('',*,*,#2020,.T.);
#2753=ORIENTED_EDGE('',*,*,#2021,.T.);
#2754=ORIENTED_EDGE('',*,*,#2022,.F.);
#2755=ORIENTED_EDGE('',*,*,#2021,.F.);
#2756=ORIENTED_EDGE('',*,*,#2023,.T.);
#2757=ORIENTED_EDGE('',*,*,#2024,.T.);
#2758=ORIENTED_EDGE('',*,*,#2025,.F.);
#2759=ORIENTED_EDGE('',*,*,#2024,.F.);
#2760=ORIENTED_EDGE('',*,*,#2026,.T.);
#2761=ORIENTED_EDGE('',*,*,#2027,.T.);
#2762=ORIENTED_EDGE('',*,*,#2028,.F.);
#2763=ORIENTED_EDGE('',*,*,#2027,.F.);
#2764=ORIENTED_EDGE('',*,*,#2029,.T.);
#2765=ORIENTED_EDGE('',*,*,#2030,.T.);
#2766=ORIENTED_EDGE('',*,*,#2031,.F.);
#2767=ORIENTED_EDGE('',*,*,#2030,.F.);
#2768=ORIENTED_EDGE('',*,*,#2032,.T.);
#2769=ORIENTED_EDGE('',*,*,#2033,.T.);
#2770=ORIENTED_EDGE('',*,*,#2034,.F.);
#2771=ORIENTED_EDGE('',*,*,#2033,.F.);
#2772=ORIENTED_EDGE('',*,*,#2035,.T.);
#2773=ORIENTED_EDGE('',*,*,#2036,.T.);
#2774=ORIENTED_EDGE('',*,*,#2037,.F.);
#2775=ORIENTED_EDGE('',*,*,#2036,.F.);
#2776=ORIENTED_EDGE('',*,*,#2038,.T.);
#2777=ORIENTED_EDGE('',*,*,#2039,.T.);
#2778=ORIENTED_EDGE('',*,*,#2040,.F.);
#2779=ORIENTED_EDGE('',*,*,#2039,.F.);
#2780=ORIENTED_EDGE('',*,*,#2041,.T.);
#2781=ORIENTED_EDGE('',*,*,#2042,.T.);
#2782=ORIENTED_EDGE('',*,*,#2043,.F.);
#2783=ORIENTED_EDGE('',*,*,#2042,.F.);
#2784=ORIENTED_EDGE('',*,*,#2044,.T.);
#2785=ORIENTED_EDGE('',*,*,#2045,.T.);
#2786=ORIENTED_EDGE('',*,*,#2046,.F.);
#2787=ORIENTED_EDGE('',*,*,#2045,.F.);
#2788=ORIENTED_EDGE('',*,*,#2047,.T.);
#2789=ORIENTED_EDGE('',*,*,#2048,.T.);
#2790=ORIENTED_EDGE('',*,*,#2049,.F.);
#2791=ORIENTED_EDGE('',*,*,#2048,.F.);
#2792=ORIENTED_EDGE('',*,*,#2050,.T.);
#2793=ORIENTED_EDGE('',*,*,#2051,.T.);
#2794=ORIENTED_EDGE('',*,*,#2052,.F.);
#2795=ORIENTED_EDGE('',*,*,#2051,.F.);
#2796=ORIENTED_EDGE('',*,*,#2053,.T.);
#2797=ORIENTED_EDGE('',*,*,#2054,.T.);
#2798=ORIENTED_EDGE('',*,*,#2055,.F.);
#2799=ORIENTED_EDGE('',*,*,#2054,.F.);
#2800=ORIENTED_EDGE('',*,*,#2056,.T.);
#2801=ORIENTED_EDGE('',*,*,#1972,.T.);
#2802=ORIENTED_EDGE('',*,*,#2006,.F.);
#2803=ORIENTED_EDGE('',*,*,#2003,.F.);
#2804=ORIENTED_EDGE('',*,*,#2000,.F.);
#2805=ORIENTED_EDGE('',*,*,#1997,.F.);
#2806=ORIENTED_EDGE('',*,*,#1994,.F.);
#2807=ORIENTED_EDGE('',*,*,#1991,.F.);
#2808=ORIENTED_EDGE('',*,*,#1988,.F.);
#2809=ORIENTED_EDGE('',*,*,#1985,.F.);
#2810=ORIENTED_EDGE('',*,*,#1982,.F.);
#2811=ORIENTED_EDGE('',*,*,#1979,.F.);
#2812=ORIENTED_EDGE('',*,*,#1976,.F.);
#2813=ORIENTED_EDGE('',*,*,#1973,.F.);
#2814=ORIENTED_EDGE('',*,*,#2056,.F.);
#2815=ORIENTED_EDGE('',*,*,#2053,.F.);
#2816=ORIENTED_EDGE('',*,*,#2050,.F.);
#2817=ORIENTED_EDGE('',*,*,#2047,.F.);
#2818=ORIENTED_EDGE('',*,*,#2044,.F.);
#2819=ORIENTED_EDGE('',*,*,#2041,.F.);
#2820=ORIENTED_EDGE('',*,*,#2038,.F.);
#2821=ORIENTED_EDGE('',*,*,#2035,.F.);
#2822=ORIENTED_EDGE('',*,*,#2032,.F.);
#2823=ORIENTED_EDGE('',*,*,#2029,.F.);
#2824=ORIENTED_EDGE('',*,*,#2026,.F.);
#2825=ORIENTED_EDGE('',*,*,#2023,.F.);
#2826=ORIENTED_EDGE('',*,*,#2020,.F.);
#2827=ORIENTED_EDGE('',*,*,#1969,.F.);
#2828=ORIENTED_EDGE('',*,*,#1966,.F.);
#2829=ORIENTED_EDGE('',*,*,#1963,.F.);
#2830=ORIENTED_EDGE('',*,*,#2018,.F.);
#2831=ORIENTED_EDGE('',*,*,#2015,.F.);
#2832=ORIENTED_EDGE('',*,*,#2012,.F.);
#2833=ORIENTED_EDGE('',*,*,#2009,.F.);
#2834=ORIENTED_EDGE('',*,*,#2057,.F.);
#2835=ORIENTED_EDGE('',*,*,#2058,.F.);
#2836=ORIENTED_EDGE('',*,*,#2059,.T.);
#2837=ORIENTED_EDGE('',*,*,#2060,.T.);
#2838=ORIENTED_EDGE('',*,*,#2061,.F.);
#2839=ORIENTED_EDGE('',*,*,#2060,.F.);
#2840=ORIENTED_EDGE('',*,*,#2062,.T.);
#2841=ORIENTED_EDGE('',*,*,#2063,.T.);
#2842=ORIENTED_EDGE('',*,*,#2064,.F.);
#2843=ORIENTED_EDGE('',*,*,#2063,.F.);
#2844=ORIENTED_EDGE('',*,*,#2065,.T.);
#2845=ORIENTED_EDGE('',*,*,#2066,.T.);
#2846=ORIENTED_EDGE('',*,*,#2067,.F.);
#2847=ORIENTED_EDGE('',*,*,#2066,.F.);
#2848=ORIENTED_EDGE('',*,*,#2068,.T.);
#2849=ORIENTED_EDGE('',*,*,#2069,.T.);
#2850=ORIENTED_EDGE('',*,*,#2070,.F.);
#2851=ORIENTED_EDGE('',*,*,#2069,.F.);
#2852=ORIENTED_EDGE('',*,*,#2071,.T.);
#2853=ORIENTED_EDGE('',*,*,#2072,.T.);
#2854=ORIENTED_EDGE('',*,*,#2073,.F.);
#2855=ORIENTED_EDGE('',*,*,#2072,.F.);
#2856=ORIENTED_EDGE('',*,*,#2074,.T.);
#2857=ORIENTED_EDGE('',*,*,#2075,.T.);
#2858=ORIENTED_EDGE('',*,*,#2076,.F.);
#2859=ORIENTED_EDGE('',*,*,#2075,.F.);
#2860=ORIENTED_EDGE('',*,*,#2077,.T.);
#2861=ORIENTED_EDGE('',*,*,#2078,.T.);
#2862=ORIENTED_EDGE('',*,*,#2079,.F.);
#2863=ORIENTED_EDGE('',*,*,#2078,.F.);
#2864=ORIENTED_EDGE('',*,*,#2080,.T.);
#2865=ORIENTED_EDGE('',*,*,#2081,.T.);
#2866=ORIENTED_EDGE('',*,*,#2082,.F.);
#2867=ORIENTED_EDGE('',*,*,#2081,.F.);
#2868=ORIENTED_EDGE('',*,*,#2083,.T.);
#2869=ORIENTED_EDGE('',*,*,#2084,.T.);
#2870=ORIENTED_EDGE('',*,*,#2085,.F.);
#2871=ORIENTED_EDGE('',*,*,#2084,.F.);
#2872=ORIENTED_EDGE('',*,*,#2086,.T.);
#2873=ORIENTED_EDGE('',*,*,#2087,.T.);
#2874=ORIENTED_EDGE('',*,*,#2088,.F.);
#2875=ORIENTED_EDGE('',*,*,#2087,.F.);
#2876=ORIENTED_EDGE('',*,*,#2089,.T.);
#2877=ORIENTED_EDGE('',*,*,#2090,.T.);
#2878=ORIENTED_EDGE('',*,*,#2091,.F.);
#2879=ORIENTED_EDGE('',*,*,#2090,.F.);
#2880=ORIENTED_EDGE('',*,*,#2092,.T.);
#2881=ORIENTED_EDGE('',*,*,#2093,.T.);
#2882=ORIENTED_EDGE('',*,*,#2094,.F.);
#2883=ORIENTED_EDGE('',*,*,#2093,.F.);
#2884=ORIENTED_EDGE('',*,*,#2095,.T.);
#2885=ORIENTED_EDGE('',*,*,#2096,.T.);
#2886=ORIENTED_EDGE('',*,*,#2097,.F.);
#2887=ORIENTED_EDGE('',*,*,#2096,.F.);
#2888=ORIENTED_EDGE('',*,*,#2098,.T.);
#2889=ORIENTED_EDGE('',*,*,#2099,.T.);
#2890=ORIENTED_EDGE('',*,*,#2100,.F.);
#2891=ORIENTED_EDGE('',*,*,#2099,.F.);
#2892=ORIENTED_EDGE('',*,*,#2101,.T.);
#2893=ORIENTED_EDGE('',*,*,#2058,.T.);
#2894=ORIENTED_EDGE('',*,*,#2077,.F.);
#2895=ORIENTED_EDGE('',*,*,#2074,.F.);
#2896=ORIENTED_EDGE('',*,*,#2071,.F.);
#2897=ORIENTED_EDGE('',*,*,#2068,.F.);
#2898=ORIENTED_EDGE('',*,*,#2065,.F.);
#2899=ORIENTED_EDGE('',*,*,#2062,.F.);
#2900=ORIENTED_EDGE('',*,*,#2059,.F.);
#2901=ORIENTED_EDGE('',*,*,#2101,.F.);
#2902=ORIENTED_EDGE('',*,*,#2098,.F.);
#2903=ORIENTED_EDGE('',*,*,#2095,.F.);
#2904=ORIENTED_EDGE('',*,*,#2092,.F.);
#2905=ORIENTED_EDGE('',*,*,#2089,.F.);
#2906=ORIENTED_EDGE('',*,*,#2086,.F.);
#2907=ORIENTED_EDGE('',*,*,#2083,.F.);
#2908=ORIENTED_EDGE('',*,*,#2080,.F.);
#2909=ORIENTED_EDGE('',*,*,#2102,.F.);
#2910=ORIENTED_EDGE('',*,*,#2103,.F.);
#2911=ORIENTED_EDGE('',*,*,#2104,.T.);
#2912=ORIENTED_EDGE('',*,*,#2105,.T.);
#2913=ORIENTED_EDGE('',*,*,#2106,.F.);
#2914=ORIENTED_EDGE('',*,*,#2105,.F.);
#2915=ORIENTED_EDGE('',*,*,#2107,.T.);
#2916=ORIENTED_EDGE('',*,*,#2108,.T.);
#2917=ORIENTED_EDGE('',*,*,#2109,.F.);
#2918=ORIENTED_EDGE('',*,*,#2108,.F.);
#2919=ORIENTED_EDGE('',*,*,#2110,.T.);
#2920=ORIENTED_EDGE('',*,*,#2111,.T.);
#2921=ORIENTED_EDGE('',*,*,#2112,.F.);
#2922=ORIENTED_EDGE('',*,*,#2111,.F.);
#2923=ORIENTED_EDGE('',*,*,#2113,.T.);
#2924=ORIENTED_EDGE('',*,*,#2114,.T.);
#2925=ORIENTED_EDGE('',*,*,#2115,.F.);
#2926=ORIENTED_EDGE('',*,*,#2114,.F.);
#2927=ORIENTED_EDGE('',*,*,#2116,.T.);
#2928=ORIENTED_EDGE('',*,*,#2117,.T.);
#2929=ORIENTED_EDGE('',*,*,#2118,.F.);
#2930=ORIENTED_EDGE('',*,*,#2117,.F.);
#2931=ORIENTED_EDGE('',*,*,#2119,.T.);
#2932=ORIENTED_EDGE('',*,*,#2120,.T.);
#2933=ORIENTED_EDGE('',*,*,#2121,.F.);
#2934=ORIENTED_EDGE('',*,*,#2120,.F.);
#2935=ORIENTED_EDGE('',*,*,#2122,.T.);
#2936=ORIENTED_EDGE('',*,*,#2123,.T.);
#2937=ORIENTED_EDGE('',*,*,#2124,.F.);
#2938=ORIENTED_EDGE('',*,*,#2123,.F.);
#2939=ORIENTED_EDGE('',*,*,#2125,.T.);
#2940=ORIENTED_EDGE('',*,*,#2126,.T.);
#2941=ORIENTED_EDGE('',*,*,#2127,.F.);
#2942=ORIENTED_EDGE('',*,*,#2126,.F.);
#2943=ORIENTED_EDGE('',*,*,#2128,.T.);
#2944=ORIENTED_EDGE('',*,*,#2129,.T.);
#2945=ORIENTED_EDGE('',*,*,#2130,.F.);
#2946=ORIENTED_EDGE('',*,*,#2129,.F.);
#2947=ORIENTED_EDGE('',*,*,#2131,.T.);
#2948=ORIENTED_EDGE('',*,*,#2132,.T.);
#2949=ORIENTED_EDGE('',*,*,#2133,.F.);
#2950=ORIENTED_EDGE('',*,*,#2132,.F.);
#2951=ORIENTED_EDGE('',*,*,#2134,.T.);
#2952=ORIENTED_EDGE('',*,*,#2135,.T.);
#2953=ORIENTED_EDGE('',*,*,#2136,.F.);
#2954=ORIENTED_EDGE('',*,*,#2135,.F.);
#2955=ORIENTED_EDGE('',*,*,#2137,.T.);
#2956=ORIENTED_EDGE('',*,*,#2138,.T.);
#2957=ORIENTED_EDGE('',*,*,#2139,.F.);
#2958=ORIENTED_EDGE('',*,*,#2138,.F.);
#2959=ORIENTED_EDGE('',*,*,#2140,.T.);
#2960=ORIENTED_EDGE('',*,*,#2103,.T.);
#2961=ORIENTED_EDGE('',*,*,#2119,.F.);
#2962=ORIENTED_EDGE('',*,*,#2116,.F.);
#2963=ORIENTED_EDGE('',*,*,#2113,.F.);
#2964=ORIENTED_EDGE('',*,*,#2110,.F.);
#2965=ORIENTED_EDGE('',*,*,#2107,.F.);
#2966=ORIENTED_EDGE('',*,*,#2104,.F.);
#2967=ORIENTED_EDGE('',*,*,#2140,.F.);
#2968=ORIENTED_EDGE('',*,*,#2137,.F.);
#2969=ORIENTED_EDGE('',*,*,#2134,.F.);
#2970=ORIENTED_EDGE('',*,*,#2131,.F.);
#2971=ORIENTED_EDGE('',*,*,#2128,.F.);
#2972=ORIENTED_EDGE('',*,*,#2125,.F.);
#2973=ORIENTED_EDGE('',*,*,#2122,.F.);
#2974=ORIENTED_EDGE('',*,*,#2008,.T.);
#2975=ORIENTED_EDGE('',*,*,#2011,.T.);
#2976=ORIENTED_EDGE('',*,*,#2014,.T.);
#2977=ORIENTED_EDGE('',*,*,#2017,.T.);
#2978=ORIENTED_EDGE('',*,*,#1961,.T.);
#2979=ORIENTED_EDGE('',*,*,#1965,.T.);
#2980=ORIENTED_EDGE('',*,*,#1968,.T.);
#2981=ORIENTED_EDGE('',*,*,#1753,.T.);
#2982=ORIENTED_EDGE('',*,*,#1756,.T.);
#2983=ORIENTED_EDGE('',*,*,#1759,.T.);
#2984=ORIENTED_EDGE('',*,*,#1762,.T.);
#2985=ORIENTED_EDGE('',*,*,#1706,.T.);
#2986=ORIENTED_EDGE('',*,*,#1710,.T.);
#2987=ORIENTED_EDGE('',*,*,#1713,.T.);
#2988=ORIENTED_EDGE('',*,*,#2141,.T.);
#2989=ORIENTED_EDGE('',*,*,#2142,.T.);
#2990=ORIENTED_EDGE('',*,*,#2143,.T.);
#2991=ORIENTED_EDGE('',*,*,#2144,.T.);
#2992=ORIENTED_EDGE('',*,*,#2145,.T.);
#2993=ORIENTED_EDGE('',*,*,#2146,.T.);
#2994=ORIENTED_EDGE('',*,*,#2143,.F.);
#2995=ORIENTED_EDGE('',*,*,#2147,.T.);
#2996=ORIENTED_EDGE('',*,*,#2148,.T.);
#2997=ORIENTED_EDGE('',*,*,#2149,.T.);
#2998=ORIENTED_EDGE('',*,*,#2145,.F.);
#2999=ORIENTED_EDGE('',*,*,#2150,.T.);
#3000=ORIENTED_EDGE('',*,*,#2151,.T.);
#3001=ORIENTED_EDGE('',*,*,#2152,.T.);
#3002=ORIENTED_EDGE('',*,*,#2148,.F.);
#3003=ORIENTED_EDGE('',*,*,#2153,.T.);
#3004=ORIENTED_EDGE('',*,*,#2154,.T.);
#3005=ORIENTED_EDGE('',*,*,#2155,.T.);
#3006=ORIENTED_EDGE('',*,*,#2151,.F.);
#3007=ORIENTED_EDGE('',*,*,#2156,.T.);
#3008=ORIENTED_EDGE('',*,*,#2157,.T.);
#3009=ORIENTED_EDGE('',*,*,#2158,.T.);
#3010=ORIENTED_EDGE('',*,*,#2154,.F.);
#3011=ORIENTED_EDGE('',*,*,#2159,.T.);
#3012=ORIENTED_EDGE('',*,*,#2160,.T.);
#3013=ORIENTED_EDGE('',*,*,#2161,.T.);
#3014=ORIENTED_EDGE('',*,*,#2157,.F.);
#3015=ORIENTED_EDGE('',*,*,#2162,.T.);
#3016=ORIENTED_EDGE('',*,*,#2160,.F.);
#3017=ORIENTED_EDGE('',*,*,#2163,.T.);
#3018=ORIENTED_EDGE('',*,*,#2141,.F.);
#3019=ORIENTED_EDGE('',*,*,#2164,.T.);
#3020=ORIENTED_EDGE('',*,*,#2158,.F.);
#3021=ORIENTED_EDGE('',*,*,#2165,.F.);
#3022=ORIENTED_EDGE('',*,*,#2166,.F.);
#3023=ORIENTED_EDGE('',*,*,#2167,.F.);
#3024=ORIENTED_EDGE('',*,*,#2161,.F.);
#3025=ORIENTED_EDGE('',*,*,#2168,.T.);
#3026=ORIENTED_EDGE('',*,*,#2169,.F.);
#3027=ORIENTED_EDGE('',*,*,#2170,.F.);
#3028=ORIENTED_EDGE('',*,*,#2171,.T.);
#3029=ORIENTED_EDGE('',*,*,#2165,.T.);
#3030=ORIENTED_EDGE('',*,*,#2164,.F.);
#3031=ORIENTED_EDGE('',*,*,#2172,.T.);
#3032=ORIENTED_EDGE('',*,*,#2173,.F.);
#3033=ORIENTED_EDGE('',*,*,#2168,.F.);
#3034=ORIENTED_EDGE('',*,*,#2144,.F.);
#3035=ORIENTED_EDGE('',*,*,#2174,.T.);
#3036=ORIENTED_EDGE('',*,*,#2175,.F.);
#3037=ORIENTED_EDGE('',*,*,#2172,.F.);
#3038=ORIENTED_EDGE('',*,*,#2142,.F.);
#3039=ORIENTED_EDGE('',*,*,#2163,.F.);
#3040=ORIENTED_EDGE('',*,*,#2162,.F.);
#3041=ORIENTED_EDGE('',*,*,#2159,.F.);
#3042=ORIENTED_EDGE('',*,*,#2156,.F.);
#3043=ORIENTED_EDGE('',*,*,#2153,.F.);
#3044=ORIENTED_EDGE('',*,*,#2150,.F.);
#3045=ORIENTED_EDGE('',*,*,#2147,.F.);
#3046=ORIENTED_EDGE('',*,*,#2176,.F.);
#3047=ORIENTED_EDGE('',*,*,#2177,.F.);
#3048=ORIENTED_EDGE('',*,*,#2178,.T.);
#3049=ORIENTED_EDGE('',*,*,#2179,.T.);
#3050=ORIENTED_EDGE('',*,*,#2180,.T.);
#3051=ORIENTED_EDGE('',*,*,#2169,.T.);
#3052=ORIENTED_EDGE('',*,*,#2181,.T.);
#3053=ORIENTED_EDGE('',*,*,#2182,.T.);
#3054=ORIENTED_EDGE('',*,*,#2178,.F.);
#3055=ORIENTED_EDGE('',*,*,#2173,.T.);
#3056=ORIENTED_EDGE('',*,*,#2183,.T.);
#3057=ORIENTED_EDGE('',*,*,#2184,.T.);
#3058=ORIENTED_EDGE('',*,*,#2181,.F.);
#3059=ORIENTED_EDGE('',*,*,#2175,.T.);
#3060=ORIENTED_EDGE('',*,*,#2185,.T.);
#3061=ORIENTED_EDGE('',*,*,#2186,.T.);
#3062=ORIENTED_EDGE('',*,*,#2183,.F.);
#3063=ORIENTED_EDGE('',*,*,#2187,.T.);
#3064=ORIENTED_EDGE('',*,*,#2188,.T.);
#3065=ORIENTED_EDGE('',*,*,#2189,.T.);
#3066=ORIENTED_EDGE('',*,*,#2185,.F.);
#3067=ORIENTED_EDGE('',*,*,#2190,.T.);
#3068=ORIENTED_EDGE('',*,*,#2191,.T.);
#3069=ORIENTED_EDGE('',*,*,#2192,.T.);
#3070=ORIENTED_EDGE('',*,*,#2188,.F.);
#3071=ORIENTED_EDGE('',*,*,#2193,.T.);
#3072=ORIENTED_EDGE('',*,*,#2194,.T.);
#3073=ORIENTED_EDGE('',*,*,#2195,.T.);
#3074=ORIENTED_EDGE('',*,*,#2191,.F.);
#3075=ORIENTED_EDGE('',*,*,#2196,.T.);
#3076=ORIENTED_EDGE('',*,*,#2155,.F.);
#3077=ORIENTED_EDGE('',*,*,#2167,.T.);
#3078=ORIENTED_EDGE('',*,*,#2197,.T.);
#3079=ORIENTED_EDGE('',*,*,#2198,.F.);
#3080=ORIENTED_EDGE('',*,*,#2196,.F.);
#3081=ORIENTED_EDGE('',*,*,#2199,.T.);
#3082=ORIENTED_EDGE('',*,*,#2152,.F.);
#3083=ORIENTED_EDGE('',*,*,#2199,.F.);
#3084=ORIENTED_EDGE('',*,*,#2193,.F.);
#3085=ORIENTED_EDGE('',*,*,#2200,.F.);
#3086=ORIENTED_EDGE('',*,*,#2149,.F.);
#3087=ORIENTED_EDGE('',*,*,#2200,.T.);
#3088=ORIENTED_EDGE('',*,*,#2190,.F.);
#3089=ORIENTED_EDGE('',*,*,#2201,.F.);
#3090=ORIENTED_EDGE('',*,*,#2146,.F.);
#3091=ORIENTED_EDGE('',*,*,#2201,.T.);
#3092=ORIENTED_EDGE('',*,*,#2187,.F.);
#3093=ORIENTED_EDGE('',*,*,#2174,.F.);
#3094=ORIENTED_EDGE('',*,*,#2202,.T.);
#3095=ORIENTED_EDGE('',*,*,#2203,.T.);
#3096=ORIENTED_EDGE('',*,*,#2204,.T.);
#3097=ORIENTED_EDGE('',*,*,#2205,.T.);
#3098=ORIENTED_EDGE('',*,*,#2206,.T.);
#3099=ORIENTED_EDGE('',*,*,#2207,.T.);
#3100=ORIENTED_EDGE('',*,*,#2208,.F.);
#3101=ORIENTED_EDGE('',*,*,#2209,.T.);
#3102=ORIENTED_EDGE('',*,*,#2205,.F.);
#3103=ORIENTED_EDGE('',*,*,#2210,.F.);
#3104=ORIENTED_EDGE('',*,*,#2211,.T.);
#3105=ORIENTED_EDGE('',*,*,#2212,.F.);
#3106=ORIENTED_EDGE('',*,*,#2213,.F.);
#3107=ORIENTED_EDGE('',*,*,#2214,.F.);
#3108=ORIENTED_EDGE('',*,*,#2215,.T.);
#3109=ORIENTED_EDGE('',*,*,#2209,.F.);
#3110=ORIENTED_EDGE('',*,*,#2216,.F.);
#3111=ORIENTED_EDGE('',*,*,#2217,.F.);
#3112=ORIENTED_EDGE('',*,*,#2218,.F.);
#3113=ORIENTED_EDGE('',*,*,#2219,.T.);
#3114=ORIENTED_EDGE('',*,*,#2220,.T.);
#3115=ORIENTED_EDGE('',*,*,#2218,.T.);
#3116=ORIENTED_EDGE('',*,*,#2221,.T.);
#3117=ORIENTED_EDGE('',*,*,#2170,.T.);
#3118=ORIENTED_EDGE('',*,*,#2180,.F.);
#3119=ORIENTED_EDGE('',*,*,#2222,.T.);
#3120=ORIENTED_EDGE('',*,*,#2223,.T.);
#3121=ORIENTED_EDGE('',*,*,#2221,.F.);
#3122=ORIENTED_EDGE('',*,*,#2217,.T.);
#3123=ORIENTED_EDGE('',*,*,#2224,.T.);
#3124=ORIENTED_EDGE('',*,*,#2225,.T.);
#3125=ORIENTED_EDGE('',*,*,#2222,.F.);
#3126=ORIENTED_EDGE('',*,*,#2216,.T.);
#3127=ORIENTED_EDGE('',*,*,#2208,.T.);
#3128=ORIENTED_EDGE('',*,*,#2226,.T.);
#3129=ORIENTED_EDGE('',*,*,#2202,.F.);
#3130=ORIENTED_EDGE('',*,*,#2214,.T.);
#3131=ORIENTED_EDGE('',*,*,#2227,.T.);
#3132=ORIENTED_EDGE('',*,*,#2228,.T.);
#3133=ORIENTED_EDGE('',*,*,#2224,.F.);
#3134=ORIENTED_EDGE('',*,*,#2213,.T.);
#3135=ORIENTED_EDGE('',*,*,#2198,.T.);
#3136=ORIENTED_EDGE('',*,*,#2227,.F.);
#3137=ORIENTED_EDGE('',*,*,#2212,.T.);
#3138=ORIENTED_EDGE('',*,*,#2229,.F.);
#3139=ORIENTED_EDGE('',*,*,#2194,.F.);
#3140=ORIENTED_EDGE('',*,*,#2225,.F.);
#3141=ORIENTED_EDGE('',*,*,#2230,.T.);
#3142=ORIENTED_EDGE('',*,*,#2166,.T.);
#3143=ORIENTED_EDGE('',*,*,#2231,.T.);
#3144=ORIENTED_EDGE('',*,*,#2228,.F.);
#3145=ORIENTED_EDGE('',*,*,#2197,.F.);
#3146=ORIENTED_EDGE('',*,*,#2230,.F.);
#3147=ORIENTED_EDGE('',*,*,#2223,.F.);
#3148=ORIENTED_EDGE('',*,*,#2231,.F.);
#3149=ORIENTED_EDGE('',*,*,#2171,.F.);
#3150=ORIENTED_EDGE('',*,*,#2215,.F.);
#3151=ORIENTED_EDGE('',*,*,#2232,.T.);
#3152=ORIENTED_EDGE('',*,*,#2233,.T.);
#3153=ORIENTED_EDGE('',*,*,#2234,.T.);
#3154=ORIENTED_EDGE('',*,*,#2206,.F.);
#3155=ORIENTED_EDGE('',*,*,#2203,.F.);
#3156=ORIENTED_EDGE('',*,*,#2235,.T.);
#3157=ORIENTED_EDGE('',*,*,#2236,.T.);
#3158=ORIENTED_EDGE('',*,*,#2237,.T.);
#3159=ORIENTED_EDGE('',*,*,#2238,.T.);
#3160=ORIENTED_EDGE('',*,*,#2239,.T.);
#3161=ORIENTED_EDGE('',*,*,#2210,.T.);
#3162=ORIENTED_EDGE('',*,*,#2204,.F.);
#3163=ORIENTED_EDGE('',*,*,#2237,.F.);
#3164=ORIENTED_EDGE('',*,*,#2226,.F.);
#3165=ORIENTED_EDGE('',*,*,#2240,.T.);
#3166=ORIENTED_EDGE('',*,*,#2241,.T.);
#3167=ORIENTED_EDGE('',*,*,#2235,.F.);
#3168=ORIENTED_EDGE('',*,*,#2207,.F.);
#3169=ORIENTED_EDGE('',*,*,#2234,.F.);
#3170=ORIENTED_EDGE('',*,*,#2242,.T.);
#3171=ORIENTED_EDGE('',*,*,#2240,.F.);
#3172=ORIENTED_EDGE('',*,*,#2239,.F.);
#3173=ORIENTED_EDGE('',*,*,#2243,.T.);
#3174=ORIENTED_EDGE('',*,*,#2232,.F.);
#3175=ORIENTED_EDGE('',*,*,#2244,.T.);
#3176=ORIENTED_EDGE('',*,*,#2236,.F.);
#3177=ORIENTED_EDGE('',*,*,#2241,.F.);
#3178=ORIENTED_EDGE('',*,*,#2242,.F.);
#3179=ORIENTED_EDGE('',*,*,#2233,.F.);
#3180=ORIENTED_EDGE('',*,*,#2243,.F.);
#3181=ORIENTED_EDGE('',*,*,#2238,.F.);
#3182=ORIENTED_EDGE('',*,*,#2195,.F.);
#3183=ORIENTED_EDGE('',*,*,#2229,.T.);
#3184=ORIENTED_EDGE('',*,*,#2211,.F.);
#3185=ORIENTED_EDGE('',*,*,#2244,.F.);
#3186=ORIENTED_EDGE('',*,*,#2219,.F.);
#3187=ORIENTED_EDGE('',*,*,#2220,.F.);
#3188=ORIENTED_EDGE('',*,*,#2179,.F.);
#3189=ORIENTED_EDGE('',*,*,#2182,.F.);
#3190=ORIENTED_EDGE('',*,*,#2184,.F.);
#3191=ORIENTED_EDGE('',*,*,#2186,.F.);
#3192=ORIENTED_EDGE('',*,*,#2189,.F.);
#3193=ORIENTED_EDGE('',*,*,#2192,.F.);
#3194=ORIENTED_EDGE('',*,*,#2245,.T.);
#3195=ORIENTED_EDGE('',*,*,#2246,.T.);
#3196=ORIENTED_EDGE('',*,*,#2121,.T.);
#3197=ORIENTED_EDGE('',*,*,#2124,.T.);
#3198=ORIENTED_EDGE('',*,*,#2127,.T.);
#3199=ORIENTED_EDGE('',*,*,#2130,.T.);
#3200=ORIENTED_EDGE('',*,*,#2133,.T.);
#3201=ORIENTED_EDGE('',*,*,#2136,.T.);
#3202=ORIENTED_EDGE('',*,*,#2139,.T.);
#3203=ORIENTED_EDGE('',*,*,#2102,.T.);
#3204=ORIENTED_EDGE('',*,*,#2106,.T.);
#3205=ORIENTED_EDGE('',*,*,#2109,.T.);
#3206=ORIENTED_EDGE('',*,*,#2112,.T.);
#3207=ORIENTED_EDGE('',*,*,#2115,.T.);
#3208=ORIENTED_EDGE('',*,*,#2118,.T.);
#3209=ORIENTED_EDGE('',*,*,#2079,.T.);
#3210=ORIENTED_EDGE('',*,*,#2082,.T.);
#3211=ORIENTED_EDGE('',*,*,#2085,.T.);
#3212=ORIENTED_EDGE('',*,*,#2088,.T.);
#3213=ORIENTED_EDGE('',*,*,#2091,.T.);
#3214=ORIENTED_EDGE('',*,*,#2094,.T.);
#3215=ORIENTED_EDGE('',*,*,#2097,.T.);
#3216=ORIENTED_EDGE('',*,*,#2100,.T.);
#3217=ORIENTED_EDGE('',*,*,#2057,.T.);
#3218=ORIENTED_EDGE('',*,*,#2061,.T.);
#3219=ORIENTED_EDGE('',*,*,#2064,.T.);
#3220=ORIENTED_EDGE('',*,*,#2067,.T.);
#3221=ORIENTED_EDGE('',*,*,#2070,.T.);
#3222=ORIENTED_EDGE('',*,*,#2073,.T.);
#3223=ORIENTED_EDGE('',*,*,#2076,.T.);
#3224=ORIENTED_EDGE('',*,*,#2019,.T.);
#3225=ORIENTED_EDGE('',*,*,#2022,.T.);
#3226=ORIENTED_EDGE('',*,*,#2025,.T.);
#3227=ORIENTED_EDGE('',*,*,#2028,.T.);
#3228=ORIENTED_EDGE('',*,*,#2031,.T.);
#3229=ORIENTED_EDGE('',*,*,#2034,.T.);
#3230=ORIENTED_EDGE('',*,*,#2037,.T.);
#3231=ORIENTED_EDGE('',*,*,#2040,.T.);
#3232=ORIENTED_EDGE('',*,*,#2043,.T.);
#3233=ORIENTED_EDGE('',*,*,#2046,.T.);
#3234=ORIENTED_EDGE('',*,*,#2049,.T.);
#3235=ORIENTED_EDGE('',*,*,#2052,.T.);
#3236=ORIENTED_EDGE('',*,*,#2055,.T.);
#3237=ORIENTED_EDGE('',*,*,#1971,.T.);
#3238=ORIENTED_EDGE('',*,*,#1975,.T.);
#3239=ORIENTED_EDGE('',*,*,#1978,.T.);
#3240=ORIENTED_EDGE('',*,*,#1981,.T.);
#3241=ORIENTED_EDGE('',*,*,#1984,.T.);
#3242=ORIENTED_EDGE('',*,*,#1987,.T.);
#3243=ORIENTED_EDGE('',*,*,#1990,.T.);
#3244=ORIENTED_EDGE('',*,*,#1993,.T.);
#3245=ORIENTED_EDGE('',*,*,#1996,.T.);
#3246=ORIENTED_EDGE('',*,*,#1999,.T.);
#3247=ORIENTED_EDGE('',*,*,#2002,.T.);
#3248=ORIENTED_EDGE('',*,*,#2005,.T.);
#3249=ORIENTED_EDGE('',*,*,#1908,.T.);
#3250=ORIENTED_EDGE('',*,*,#1911,.T.);
#3251=ORIENTED_EDGE('',*,*,#1914,.T.);
#3252=ORIENTED_EDGE('',*,*,#1917,.T.);
#3253=ORIENTED_EDGE('',*,*,#1920,.T.);
#3254=ORIENTED_EDGE('',*,*,#1923,.T.);
#3255=ORIENTED_EDGE('',*,*,#1926,.T.);
#3256=ORIENTED_EDGE('',*,*,#1929,.T.);
#3257=ORIENTED_EDGE('',*,*,#1932,.T.);
#3258=ORIENTED_EDGE('',*,*,#1935,.T.);
#3259=ORIENTED_EDGE('',*,*,#1938,.T.);
#3260=ORIENTED_EDGE('',*,*,#1941,.T.);
#3261=ORIENTED_EDGE('',*,*,#1944,.T.);
#3262=ORIENTED_EDGE('',*,*,#1947,.T.);
#3263=ORIENTED_EDGE('',*,*,#1950,.T.);
#3264=ORIENTED_EDGE('',*,*,#1953,.T.);
#3265=ORIENTED_EDGE('',*,*,#1956,.T.);
#3266=ORIENTED_EDGE('',*,*,#1959,.T.);
#3267=ORIENTED_EDGE('',*,*,#1853,.T.);
#3268=ORIENTED_EDGE('',*,*,#1857,.T.);
#3269=ORIENTED_EDGE('',*,*,#1860,.T.);
#3270=ORIENTED_EDGE('',*,*,#1863,.T.);
#3271=ORIENTED_EDGE('',*,*,#1866,.T.);
#3272=ORIENTED_EDGE('',*,*,#1869,.T.);
#3273=ORIENTED_EDGE('',*,*,#1872,.T.);
#3274=ORIENTED_EDGE('',*,*,#1875,.T.);
#3275=ORIENTED_EDGE('',*,*,#1878,.T.);
#3276=ORIENTED_EDGE('',*,*,#1881,.T.);
#3277=ORIENTED_EDGE('',*,*,#1884,.T.);
#3278=ORIENTED_EDGE('',*,*,#1887,.T.);
#3279=ORIENTED_EDGE('',*,*,#1890,.T.);
#3280=ORIENTED_EDGE('',*,*,#1893,.T.);
#3281=ORIENTED_EDGE('',*,*,#1896,.T.);
#3282=ORIENTED_EDGE('',*,*,#1899,.T.);
#3283=ORIENTED_EDGE('',*,*,#1902,.T.);
#3284=ORIENTED_EDGE('',*,*,#1905,.T.);
#3285=ORIENTED_EDGE('',*,*,#1827,.T.);
#3286=ORIENTED_EDGE('',*,*,#1830,.T.);
#3287=ORIENTED_EDGE('',*,*,#1833,.T.);
#3288=ORIENTED_EDGE('',*,*,#1836,.T.);
#3289=ORIENTED_EDGE('',*,*,#1839,.T.);
#3290=ORIENTED_EDGE('',*,*,#1842,.T.);
#3291=ORIENTED_EDGE('',*,*,#1845,.T.);
#3292=ORIENTED_EDGE('',*,*,#1848,.T.);
#3293=ORIENTED_EDGE('',*,*,#1851,.T.);
#3294=ORIENTED_EDGE('',*,*,#1802,.T.);
#3295=ORIENTED_EDGE('',*,*,#1806,.T.);
#3296=ORIENTED_EDGE('',*,*,#1809,.T.);
#3297=ORIENTED_EDGE('',*,*,#1812,.T.);
#3298=ORIENTED_EDGE('',*,*,#1815,.T.);
#3299=ORIENTED_EDGE('',*,*,#1818,.T.);
#3300=ORIENTED_EDGE('',*,*,#1821,.T.);
#3301=ORIENTED_EDGE('',*,*,#1824,.T.);
#3302=ORIENTED_EDGE('',*,*,#1764,.T.);
#3303=ORIENTED_EDGE('',*,*,#1767,.T.);
#3304=ORIENTED_EDGE('',*,*,#1770,.T.);
#3305=ORIENTED_EDGE('',*,*,#1773,.T.);
#3306=ORIENTED_EDGE('',*,*,#1776,.T.);
#3307=ORIENTED_EDGE('',*,*,#1779,.T.);
#3308=ORIENTED_EDGE('',*,*,#1782,.T.);
#3309=ORIENTED_EDGE('',*,*,#1785,.T.);
#3310=ORIENTED_EDGE('',*,*,#1788,.T.);
#3311=ORIENTED_EDGE('',*,*,#1791,.T.);
#3312=ORIENTED_EDGE('',*,*,#1794,.T.);
#3313=ORIENTED_EDGE('',*,*,#1797,.T.);
#3314=ORIENTED_EDGE('',*,*,#1800,.T.);
#3315=ORIENTED_EDGE('',*,*,#1716,.T.);
#3316=ORIENTED_EDGE('',*,*,#1720,.T.);
#3317=ORIENTED_EDGE('',*,*,#1723,.T.);
#3318=ORIENTED_EDGE('',*,*,#1726,.T.);
#3319=ORIENTED_EDGE('',*,*,#1729,.T.);
#3320=ORIENTED_EDGE('',*,*,#1732,.T.);
#3321=ORIENTED_EDGE('',*,*,#1735,.T.);
#3322=ORIENTED_EDGE('',*,*,#1738,.T.);
#3323=ORIENTED_EDGE('',*,*,#1741,.T.);
#3324=ORIENTED_EDGE('',*,*,#1744,.T.);
#3325=ORIENTED_EDGE('',*,*,#1747,.T.);
#3326=ORIENTED_EDGE('',*,*,#1750,.T.);
#3327=ORIENTED_EDGE('',*,*,#2246,.F.);
#3328=ORIENTED_EDGE('',*,*,#2247,.T.);
#3329=ORIENTED_EDGE('',*,*,#2177,.T.);
#3330=ORIENTED_EDGE('',*,*,#2247,.F.);
#3331=ORIENTED_EDGE('',*,*,#2245,.F.);
#3332=ORIENTED_EDGE('',*,*,#2248,.T.);
#3333=ORIENTED_EDGE('',*,*,#2176,.T.);
#3334=ORIENTED_EDGE('',*,*,#2248,.F.);
#3335=B_SPLINE_SURFACE_WITH_KNOTS('',2,1,((#4401,#4402),(#4403,#4404),(#4405,
#4406)),.UNSPECIFIED.,.F.,.F.,.F.,(3,3),(2,2),(-1.,0.),(0.,0.3),
 .UNSPECIFIED.);
#3336=B_SPLINE_SURFACE_WITH_KNOTS('',2,1,((#4420,#4421),(#4422,#4423),(#4424,
#4425)),.UNSPECIFIED.,.F.,.F.,.F.,(3,3),(2,2),(-1.,0.),(0.,0.3),
 .UNSPECIFIED.);
#3337=B_SPLINE_SURFACE_WITH_KNOTS('',2,1,((#4442,#4443),(#4444,#4445),(#4446,
#4447)),.UNSPECIFIED.,.F.,.F.,.F.,(3,3),(2,2),(-1.,0.),(0.,0.3),
 .UNSPECIFIED.);
#3338=B_SPLINE_SURFACE_WITH_KNOTS('',2,1,((#4461,#4462),(#4463,#4464),(#4465,
#4466)),.UNSPECIFIED.,.F.,.F.,.F.,(3,3),(2,2),(-1.,0.),(0.,0.3),
 .UNSPECIFIED.);
#3339=B_SPLINE_SURFACE_WITH_KNOTS('',2,1,((#4483,#4484),(#4485,#4486),(#4487,
#4488)),.UNSPECIFIED.,.F.,.F.,.F.,(3,3),(2,2),(-1.,0.),(0.,0.3),
 .UNSPECIFIED.);
#3340=B_SPLINE_SURFACE_WITH_KNOTS('',2,1,((#4499,#4500),(#4501,#4502),(#4503,
#4504)),.UNSPECIFIED.,.F.,.F.,.F.,(3,3),(2,2),(-1.,0.),(0.,0.3),
 .UNSPECIFIED.);
#3341=B_SPLINE_SURFACE_WITH_KNOTS('',2,1,((#4515,#4516),(#4517,#4518),(#4519,
#4520)),.UNSPECIFIED.,.F.,.F.,.F.,(3,3),(2,2),(-1.,0.),(0.,0.3),
 .UNSPECIFIED.);
#3342=B_SPLINE_SURFACE_WITH_KNOTS('',2,1,((#4531,#4532),(#4533,#4534),(#4535,
#4536)),.UNSPECIFIED.,.F.,.F.,.F.,(3,3),(2,2),(-1.,0.),(0.,0.3),
 .UNSPECIFIED.);
#3343=B_SPLINE_SURFACE_WITH_KNOTS('',2,1,((#4547,#4548),(#4549,#4550),(#4551,
#4552)),.UNSPECIFIED.,.F.,.F.,.F.,(3,3),(2,2),(-1.,0.),(0.,0.3),
 .UNSPECIFIED.);
#3344=B_SPLINE_SURFACE_WITH_KNOTS('',2,1,((#4563,#4564),(#4565,#4566),(#4567,
#4568)),.UNSPECIFIED.,.F.,.F.,.F.,(3,3),(2,2),(-1.,0.),(0.,0.3),
 .UNSPECIFIED.);
#3345=B_SPLINE_SURFACE_WITH_KNOTS('',2,1,((#4579,#4580),(#4581,#4582),(#4583,
#4584)),.UNSPECIFIED.,.F.,.F.,.F.,(3,3),(2,2),(-1.,0.),(0.,0.3),
 .UNSPECIFIED.);
#3346=B_SPLINE_SURFACE_WITH_KNOTS('',2,1,((#4595,#4596),(#4597,#4598),(#4599,
#4600)),.UNSPECIFIED.,.F.,.F.,.F.,(3,3),(2,2),(-1.,0.),(0.,0.3),
 .UNSPECIFIED.);
#3347=B_SPLINE_SURFACE_WITH_KNOTS('',2,1,((#4617,#4618),(#4619,#4620),(#4621,
#4622)),.UNSPECIFIED.,.F.,.F.,.F.,(3,3),(2,2),(-1.,0.),(0.,0.3),
 .UNSPECIFIED.);
#3348=B_SPLINE_SURFACE_WITH_KNOTS('',2,1,((#4633,#4634),(#4635,#4636),(#4637,
#4638)),.UNSPECIFIED.,.F.,.F.,.F.,(3,3),(2,2),(-1.,0.),(0.,0.3),
 .UNSPECIFIED.);
#3349=B_SPLINE_SURFACE_WITH_KNOTS('',2,1,((#4649,#4650),(#4651,#4652),(#4653,
#4654)),.UNSPECIFIED.,.F.,.F.,.F.,(3,3),(2,2),(-1.,0.),(0.,0.3),
 .UNSPECIFIED.);
#3350=B_SPLINE_SURFACE_WITH_KNOTS('',2,1,((#4665,#4666),(#4667,#4668),(#4669,
#4670)),.UNSPECIFIED.,.F.,.F.,.F.,(3,3),(2,2),(-1.,0.),(0.,0.3),
 .UNSPECIFIED.);
#3351=B_SPLINE_SURFACE_WITH_KNOTS('',2,1,((#4690,#4691),(#4692,#4693),(#4694,
#4695)),.UNSPECIFIED.,.F.,.F.,.F.,(3,3),(2,2),(-1.,0.),(0.,0.3),
 .UNSPECIFIED.);
#3352=B_SPLINE_SURFACE_WITH_KNOTS('',2,1,((#4706,#4707),(#4708,#4709),(#4710,
#4711)),.UNSPECIFIED.,.F.,.F.,.F.,(3,3),(2,2),(-1.,0.),(0.,0.3),
 .UNSPECIFIED.);
#3353=B_SPLINE_SURFACE_WITH_KNOTS('',2,1,((#4722,#4723),(#4724,#4725),(#4726,
#4727)),.UNSPECIFIED.,.F.,.F.,.F.,(3,3),(2,2),(-1.,0.),(0.,0.3),
 .UNSPECIFIED.);
#3354=B_SPLINE_SURFACE_WITH_KNOTS('',2,1,((#4738,#4739),(#4740,#4741),(#4742,
#4743)),.UNSPECIFIED.,.F.,.F.,.F.,(3,3),(2,2),(-1.,0.),(0.,0.3),
 .UNSPECIFIED.);
#3355=B_SPLINE_SURFACE_WITH_KNOTS('',2,1,((#4754,#4755),(#4756,#4757),(#4758,
#4759)),.UNSPECIFIED.,.F.,.F.,.F.,(3,3),(2,2),(-1.,0.),(0.,0.3),
 .UNSPECIFIED.);
#3356=B_SPLINE_SURFACE_WITH_KNOTS('',2,1,((#4770,#4771),(#4772,#4773),(#4774,
#4775)),.UNSPECIFIED.,.F.,.F.,.F.,(3,3),(2,2),(-1.,0.),(0.,0.3),
 .UNSPECIFIED.);
#3357=B_SPLINE_SURFACE_WITH_KNOTS('',2,1,((#4804,#4805),(#4806,#4807),(#4808,
#4809)),.UNSPECIFIED.,.F.,.F.,.F.,(3,3),(2,2),(-1.,0.),(0.,0.3),
 .UNSPECIFIED.);
#3358=B_SPLINE_SURFACE_WITH_KNOTS('',2,1,((#4820,#4821),(#4822,#4823),(#4824,
#4825)),.UNSPECIFIED.,.F.,.F.,.F.,(3,3),(2,2),(-1.,0.),(0.,0.3),
 .UNSPECIFIED.);
#3359=B_SPLINE_SURFACE_WITH_KNOTS('',2,1,((#4834,#4835),(#4836,#4837),(#4838,
#4839)),.UNSPECIFIED.,.F.,.F.,.F.,(3,3),(2,2),(-1.,0.),(0.,0.3),
 .UNSPECIFIED.);
#3360=B_SPLINE_SURFACE_WITH_KNOTS('',2,1,((#4855,#4856),(#4857,#4858),(#4859,
#4860)),.UNSPECIFIED.,.F.,.F.,.F.,(3,3),(2,2),(-1.,0.),(0.,0.3),
 .UNSPECIFIED.);
#3361=B_SPLINE_SURFACE_WITH_KNOTS('',2,1,((#4871,#4872),(#4873,#4874),(#4875,
#4876)),.UNSPECIFIED.,.F.,.F.,.F.,(3,3),(2,2),(-1.,0.),(0.,0.3),
 .UNSPECIFIED.);
#3362=B_SPLINE_SURFACE_WITH_KNOTS('',2,1,((#4887,#4888),(#4889,#4890),(#4891,
#4892)),.UNSPECIFIED.,.F.,.F.,.F.,(3,3),(2,2),(-1.,0.),(0.,0.3),
 .UNSPECIFIED.);
#3363=B_SPLINE_SURFACE_WITH_KNOTS('',2,1,((#4933,#4934),(#4935,#4936),(#4937,
#4938)),.UNSPECIFIED.,.F.,.F.,.F.,(3,3),(2,2),(-1.,0.),(0.,0.3),
 .UNSPECIFIED.);
#3364=B_SPLINE_SURFACE_WITH_KNOTS('',2,1,((#4949,#4950),(#4951,#4952),(#4953,
#4954)),.UNSPECIFIED.,.F.,.F.,.F.,(3,3),(2,2),(-1.,0.),(0.,0.3),
 .UNSPECIFIED.);
#3365=B_SPLINE_SURFACE_WITH_KNOTS('',2,1,((#4965,#4966),(#4967,#4968),(#4969,
#4970)),.UNSPECIFIED.,.F.,.F.,.F.,(3,3),(2,2),(-1.,0.),(0.,0.3),
 .UNSPECIFIED.);
#3366=B_SPLINE_SURFACE_WITH_KNOTS('',2,1,((#4981,#4982),(#4983,#4984),(#4985,
#4986)),.UNSPECIFIED.,.F.,.F.,.F.,(3,3),(2,2),(-1.,0.),(0.,0.3),
 .UNSPECIFIED.);
#3367=B_SPLINE_SURFACE_WITH_KNOTS('',2,1,((#4997,#4998),(#4999,#5000),(#5001,
#5002)),.UNSPECIFIED.,.F.,.F.,.F.,(3,3),(2,2),(-1.,0.),(0.,0.3),
 .UNSPECIFIED.);
#3368=B_SPLINE_SURFACE_WITH_KNOTS('',2,1,((#5044,#5045),(#5046,#5047),(#5048,
#5049)),.UNSPECIFIED.,.F.,.F.,.F.,(3,3),(2,2),(-1.,0.),(0.,0.3),
 .UNSPECIFIED.);
#3369=B_SPLINE_SURFACE_WITH_KNOTS('',2,1,((#5060,#5061),(#5062,#5063),(#5064,
#5065)),.UNSPECIFIED.,.F.,.F.,.F.,(3,3),(2,2),(-1.,0.),(0.,0.3),
 .UNSPECIFIED.);
#3370=B_SPLINE_SURFACE_WITH_KNOTS('',2,1,((#5076,#5077),(#5078,#5079),(#5080,
#5081)),.UNSPECIFIED.,.F.,.F.,.F.,(3,3),(2,2),(-1.,0.),(0.,0.3),
 .UNSPECIFIED.);
#3371=B_SPLINE_SURFACE_WITH_KNOTS('',2,1,((#5092,#5093),(#5094,#5095),(#5096,
#5097)),.UNSPECIFIED.,.F.,.F.,.F.,(3,3),(2,2),(-1.,0.),(0.,0.3),
 .UNSPECIFIED.);
#3372=B_SPLINE_SURFACE_WITH_KNOTS('',2,1,((#5108,#5109),(#5110,#5111),(#5112,
#5113)),.UNSPECIFIED.,.F.,.F.,.F.,(3,3),(2,2),(-1.,0.),(0.,0.3),
 .UNSPECIFIED.);
#3373=B_SPLINE_SURFACE_WITH_KNOTS('',2,1,((#5128,#5129),(#5130,#5131),(#5132,
#5133)),.UNSPECIFIED.,.F.,.F.,.F.,(3,3),(2,2),(-1.,0.),(0.,0.3),
 .UNSPECIFIED.);
#3374=B_SPLINE_SURFACE_WITH_KNOTS('',2,1,((#5144,#5145),(#5146,#5147),(#5148,
#5149)),.UNSPECIFIED.,.F.,.F.,.F.,(3,3),(2,2),(-1.,0.),(0.,0.3),
 .UNSPECIFIED.);
#3375=B_SPLINE_SURFACE_WITH_KNOTS('',2,1,((#5160,#5161),(#5162,#5163),(#5164,
#5165)),.UNSPECIFIED.,.F.,.F.,.F.,(3,3),(2,2),(-1.,0.),(0.,0.3),
 .UNSPECIFIED.);
#3376=B_SPLINE_SURFACE_WITH_KNOTS('',2,1,((#5176,#5177),(#5178,#5179),(#5180,
#5181)),.UNSPECIFIED.,.F.,.F.,.F.,(3,3),(2,2),(-1.,0.),(0.,0.3),
 .UNSPECIFIED.);
#3377=B_SPLINE_SURFACE_WITH_KNOTS('',2,1,((#5192,#5193),(#5194,#5195),(#5196,
#5197)),.UNSPECIFIED.,.F.,.F.,.F.,(3,3),(2,2),(-1.,0.),(0.,0.3),
 .UNSPECIFIED.);
#3378=B_SPLINE_SURFACE_WITH_KNOTS('',2,1,((#5208,#5209),(#5210,#5211),(#5212,
#5213)),.UNSPECIFIED.,.F.,.F.,.F.,(3,3),(2,2),(-1.,0.),(0.,0.3),
 .UNSPECIFIED.);
#3379=B_SPLINE_SURFACE_WITH_KNOTS('',2,1,((#5224,#5225),(#5226,#5227),(#5228,
#5229)),.UNSPECIFIED.,.F.,.F.,.F.,(3,3),(2,2),(-1.,0.),(0.,0.3),
 .UNSPECIFIED.);
#3380=B_SPLINE_SURFACE_WITH_KNOTS('',2,1,((#5240,#5241),(#5242,#5243),(#5244,
#5245)),.UNSPECIFIED.,.F.,.F.,.F.,(3,3),(2,2),(-1.,0.),(0.,0.3),
 .UNSPECIFIED.);
#3381=B_SPLINE_SURFACE_WITH_KNOTS('',2,1,((#5256,#5257),(#5258,#5259),(#5260,
#5261)),.UNSPECIFIED.,.F.,.F.,.F.,(3,3),(2,2),(-1.,0.),(0.,0.3),
 .UNSPECIFIED.);
#3382=B_SPLINE_SURFACE_WITH_KNOTS('',2,1,((#5272,#5273),(#5274,#5275),(#5276,
#5277)),.UNSPECIFIED.,.F.,.F.,.F.,(3,3),(2,2),(-1.,0.),(0.,0.3),
 .UNSPECIFIED.);
#3383=B_SPLINE_SURFACE_WITH_KNOTS('',2,1,((#5306,#5307),(#5308,#5309),(#5310,
#5311)),.UNSPECIFIED.,.F.,.F.,.F.,(3,3),(2,2),(-1.,0.),(0.,0.3),
 .UNSPECIFIED.);
#3384=B_SPLINE_SURFACE_WITH_KNOTS('',2,1,((#5322,#5323),(#5324,#5325),(#5326,
#5327)),.UNSPECIFIED.,.F.,.F.,.F.,(3,3),(2,2),(-1.,0.),(0.,0.3),
 .UNSPECIFIED.);
#3385=B_SPLINE_SURFACE_WITH_KNOTS('',2,1,((#5338,#5339),(#5340,#5341),(#5342,
#5343)),.UNSPECIFIED.,.F.,.F.,.F.,(3,3),(2,2),(-1.,0.),(0.,0.3),
 .UNSPECIFIED.);
#3386=B_SPLINE_SURFACE_WITH_KNOTS('',2,1,((#5358,#5359),(#5360,#5361),(#5362,
#5363)),.UNSPECIFIED.,.F.,.F.,.F.,(3,3),(2,2),(-1.,0.),(0.,0.3),
 .UNSPECIFIED.);
#3387=B_SPLINE_SURFACE_WITH_KNOTS('',2,1,((#5374,#5375),(#5376,#5377),(#5378,
#5379)),.UNSPECIFIED.,.F.,.F.,.F.,(3,3),(2,2),(-1.,0.),(0.,0.3),
 .UNSPECIFIED.);
#3388=B_SPLINE_SURFACE_WITH_KNOTS('',2,1,((#5390,#5391),(#5392,#5393),(#5394,
#5395)),.UNSPECIFIED.,.F.,.F.,.F.,(3,3),(2,2),(-1.,0.),(0.,0.3),
 .UNSPECIFIED.);
#3389=B_SPLINE_SURFACE_WITH_KNOTS('',2,1,((#5406,#5407),(#5408,#5409),(#5410,
#5411)),.UNSPECIFIED.,.F.,.F.,.F.,(3,3),(2,2),(-1.,0.),(0.,0.3),
 .UNSPECIFIED.);
#3390=B_SPLINE_SURFACE_WITH_KNOTS('',2,1,((#5422,#5423),(#5424,#5425),(#5426,
#5427)),.UNSPECIFIED.,.F.,.F.,.F.,(3,3),(2,2),(-1.,0.),(0.,0.3),
 .UNSPECIFIED.);
#3391=B_SPLINE_SURFACE_WITH_KNOTS('',2,1,((#5438,#5439),(#5440,#5441),(#5442,
#5443)),.UNSPECIFIED.,.F.,.F.,.F.,(3,3),(2,2),(-1.,0.),(0.,0.3),
 .UNSPECIFIED.);
#3392=B_SPLINE_SURFACE_WITH_KNOTS('',2,1,((#5454,#5455),(#5456,#5457),(#5458,
#5459)),.UNSPECIFIED.,.F.,.F.,.F.,(3,3),(2,2),(-1.,0.),(0.,0.3),
 .UNSPECIFIED.);
#3393=B_SPLINE_SURFACE_WITH_KNOTS('',2,1,((#5470,#5471),(#5472,#5473),(#5474,
#5475)),.UNSPECIFIED.,.F.,.F.,.F.,(3,3),(2,2),(-1.,0.),(0.,0.3),
 .UNSPECIFIED.);
#3394=B_SPLINE_SURFACE_WITH_KNOTS('',2,1,((#5486,#5487),(#5488,#5489),(#5490,
#5491)),.UNSPECIFIED.,.F.,.F.,.F.,(3,3),(2,2),(-1.,0.),(0.,0.3),
 .UNSPECIFIED.);
#3395=B_SPLINE_SURFACE_WITH_KNOTS('',2,1,((#5502,#5503),(#5504,#5505),(#5506,
#5507)),.UNSPECIFIED.,.F.,.F.,.F.,(3,3),(2,2),(-1.,0.),(0.,0.3),
 .UNSPECIFIED.);
#3396=B_SPLINE_SURFACE_WITH_KNOTS('',2,1,((#5518,#5519),(#5520,#5521),(#5522,
#5523)),.UNSPECIFIED.,.F.,.F.,.F.,(3,3),(2,2),(-1.,0.),(0.,0.3),
 .UNSPECIFIED.);
#3397=B_SPLINE_SURFACE_WITH_KNOTS('',2,1,((#5534,#5535),(#5536,#5537),(#5538,
#5539)),.UNSPECIFIED.,.F.,.F.,.F.,(3,3),(2,2),(-1.,0.),(0.,0.3),
 .UNSPECIFIED.);
#3398=B_SPLINE_SURFACE_WITH_KNOTS('',2,1,((#5556,#5557),(#5558,#5559),(#5560,
#5561)),.UNSPECIFIED.,.F.,.F.,.F.,(3,3),(2,2),(-1.,0.),(0.,0.3),
 .UNSPECIFIED.);
#3399=B_SPLINE_SURFACE_WITH_KNOTS('',2,1,((#5587,#5588),(#5589,#5590),(#5591,
#5592)),.UNSPECIFIED.,.F.,.F.,.F.,(3,3),(2,2),(-1.,0.),(0.,0.3),
 .UNSPECIFIED.);
#3400=B_SPLINE_SURFACE_WITH_KNOTS('',2,1,((#5606,#5607),(#5608,#5609),(#5610,
#5611)),.UNSPECIFIED.,.F.,.F.,.F.,(3,3),(2,2),(-1.,0.),(0.,0.3),
 .UNSPECIFIED.);
#3401=B_SPLINE_SURFACE_WITH_KNOTS('',2,1,((#5622,#5623),(#5624,#5625),(#5626,
#5627)),.UNSPECIFIED.,.F.,.F.,.F.,(3,3),(2,2),(-1.,0.),(0.,0.3),
 .UNSPECIFIED.);
#3402=B_SPLINE_SURFACE_WITH_KNOTS('',2,1,((#5638,#5639),(#5640,#5641),(#5642,
#5643)),.UNSPECIFIED.,.F.,.F.,.F.,(3,3),(2,2),(-1.,0.),(0.,0.3),
 .UNSPECIFIED.);
#3403=B_SPLINE_SURFACE_WITH_KNOTS('',2,1,((#5660,#5661),(#5662,#5663),(#5664,
#5665)),.UNSPECIFIED.,.F.,.F.,.F.,(3,3),(2,2),(-1.,0.),(0.,0.3),
 .UNSPECIFIED.);
#3404=B_SPLINE_SURFACE_WITH_KNOTS('',2,1,((#5676,#5677),(#5678,#5679),(#5680,
#5681)),.UNSPECIFIED.,.F.,.F.,.F.,(3,3),(2,2),(-1.,0.),(0.,0.3),
 .UNSPECIFIED.);
#3405=B_SPLINE_SURFACE_WITH_KNOTS('',2,1,((#5692,#5693),(#5694,#5695),(#5696,
#5697)),.UNSPECIFIED.,.F.,.F.,.F.,(3,3),(2,2),(-1.,0.),(0.,0.3),
 .UNSPECIFIED.);
#3406=B_SPLINE_SURFACE_WITH_KNOTS('',2,1,((#5708,#5709),(#5710,#5711),(#5712,
#5713)),.UNSPECIFIED.,.F.,.F.,.F.,(3,3),(2,2),(-1.,0.),(0.,0.3),
 .UNSPECIFIED.);
#3407=B_SPLINE_SURFACE_WITH_KNOTS('',2,1,((#5724,#5725),(#5726,#5727),(#5728,
#5729)),.UNSPECIFIED.,.F.,.F.,.F.,(3,3),(2,2),(-1.,0.),(0.,0.3),
 .UNSPECIFIED.);
#3408=B_SPLINE_SURFACE_WITH_KNOTS('',2,1,((#5740,#5741),(#5742,#5743),(#5744,
#5745)),.UNSPECIFIED.,.F.,.F.,.F.,(3,3),(2,2),(-1.,0.),(0.,0.3),
 .UNSPECIFIED.);
#3409=B_SPLINE_SURFACE_WITH_KNOTS('',2,1,((#5768,#5769),(#5770,#5771),(#5772,
#5773)),.UNSPECIFIED.,.F.,.F.,.F.,(3,3),(2,2),(-1.,0.),(0.,0.3),
 .UNSPECIFIED.);
#3410=B_SPLINE_SURFACE_WITH_KNOTS('',2,1,((#5784,#5785),(#5786,#5787),(#5788,
#5789)),.UNSPECIFIED.,.F.,.F.,.F.,(3,3),(2,2),(-1.,0.),(0.,0.3),
 .UNSPECIFIED.);
#3411=B_SPLINE_SURFACE_WITH_KNOTS('',2,1,((#5800,#5801),(#5802,#5803),(#5804,
#5805)),.UNSPECIFIED.,.F.,.F.,.F.,(3,3),(2,2),(-1.,0.),(0.,0.3),
 .UNSPECIFIED.);
#3412=B_SPLINE_SURFACE_WITH_KNOTS('',2,1,((#5825,#5826),(#5827,#5828),(#5829,
#5830)),.UNSPECIFIED.,.F.,.F.,.F.,(3,3),(2,2),(-1.,0.),(0.,0.3),
 .UNSPECIFIED.);
#3413=B_SPLINE_SURFACE_WITH_KNOTS('',2,1,((#5841,#5842),(#5843,#5844),(#5845,
#5846)),.UNSPECIFIED.,.F.,.F.,.F.,(3,3),(2,2),(-1.,0.),(0.,0.3),
 .UNSPECIFIED.);
#3414=B_SPLINE_SURFACE_WITH_KNOTS('',2,1,((#5857,#5858),(#5859,#5860),(#5861,
#5862)),.UNSPECIFIED.,.F.,.F.,.F.,(3,3),(2,2),(-1.,0.),(0.,0.3),
 .UNSPECIFIED.);
#3415=B_SPLINE_SURFACE_WITH_KNOTS('',2,1,((#5873,#5874),(#5875,#5876),(#5877,
#5878)),.UNSPECIFIED.,.F.,.F.,.F.,(3,3),(2,2),(-1.,0.),(0.,0.3),
 .UNSPECIFIED.);
#3416=B_SPLINE_SURFACE_WITH_KNOTS('',2,1,((#5907,#5908),(#5909,#5910),(#5911,
#5912)),.UNSPECIFIED.,.F.,.F.,.F.,(3,3),(2,2),(-1.,0.),(0.,0.3),
 .UNSPECIFIED.);
#3417=B_SPLINE_SURFACE_WITH_KNOTS('',2,1,((#5923,#5924),(#5925,#5926),(#5927,
#5928)),.UNSPECIFIED.,.F.,.F.,.F.,(3,3),(2,2),(-1.,0.),(0.,0.3),
 .UNSPECIFIED.);
#3418=B_SPLINE_SURFACE_WITH_KNOTS('',2,1,((#5939,#5940),(#5941,#5942),(#5943,
#5944)),.UNSPECIFIED.,.F.,.F.,.F.,(3,3),(2,2),(-1.,0.),(0.,0.3),
 .UNSPECIFIED.);
#3419=B_SPLINE_SURFACE_WITH_KNOTS('',2,1,((#5955,#5956),(#5957,#5958),(#5959,
#5960)),.UNSPECIFIED.,.F.,.F.,.F.,(3,3),(2,2),(-1.,0.),(0.,0.3),
 .UNSPECIFIED.);
#3420=B_SPLINE_SURFACE_WITH_KNOTS('',2,1,((#5969,#5970),(#5971,#5972),(#5973,
#5974)),.UNSPECIFIED.,.F.,.F.,.F.,(3,3),(2,2),(-1.,0.),(0.,0.3),
 .UNSPECIFIED.);
#3421=B_SPLINE_SURFACE_WITH_KNOTS('',2,1,((#5988,#5989),(#5990,#5991),(#5992,
#5993)),.UNSPECIFIED.,.F.,.F.,.F.,(3,3),(2,2),(-1.,0.),(0.,0.3),
 .UNSPECIFIED.);
#3422=B_SPLINE_SURFACE_WITH_KNOTS('',2,1,((#6040,#6041),(#6042,#6043),(#6044,
#6045)),.UNSPECIFIED.,.F.,.F.,.F.,(3,3),(2,2),(-1.,0.),(0.,0.3),
 .UNSPECIFIED.);
#3423=B_SPLINE_SURFACE_WITH_KNOTS('',2,1,((#6056,#6057),(#6058,#6059),(#6060,
#6061)),.UNSPECIFIED.,.F.,.F.,.F.,(3,3),(2,2),(-1.,0.),(0.,0.3),
 .UNSPECIFIED.);
#3424=B_SPLINE_SURFACE_WITH_KNOTS('',2,1,((#6072,#6073),(#6074,#6075),(#6076,
#6077)),.UNSPECIFIED.,.F.,.F.,.F.,(3,3),(2,2),(-1.,0.),(0.,0.3),
 .UNSPECIFIED.);
#3425=B_SPLINE_SURFACE_WITH_KNOTS('',2,1,((#6088,#6089),(#6090,#6091),(#6092,
#6093)),.UNSPECIFIED.,.F.,.F.,.F.,(3,3),(2,2),(-1.,0.),(0.,0.3),
 .UNSPECIFIED.);
#3426=B_SPLINE_SURFACE_WITH_KNOTS('',2,1,((#6116,#6117),(#6118,#6119),(#6120,
#6121)),.UNSPECIFIED.,.F.,.F.,.F.,(3,3),(2,2),(-1.,0.),(0.,0.3),
 .UNSPECIFIED.);
#3427=B_SPLINE_SURFACE_WITH_KNOTS('',2,1,((#6130,#6131),(#6132,#6133),(#6134,
#6135)),.UNSPECIFIED.,.F.,.F.,.F.,(3,3),(2,2),(-1.,0.),(0.,0.3),
 .UNSPECIFIED.);
#3428=B_SPLINE_SURFACE_WITH_KNOTS('',2,1,((#6149,#6150),(#6151,#6152),(#6153,
#6154)),.UNSPECIFIED.,.F.,.F.,.F.,(3,3),(2,2),(-1.,0.),(0.,0.3),
 .UNSPECIFIED.);
#3429=B_SPLINE_SURFACE_WITH_KNOTS('',2,1,((#6169,#6170),(#6171,#6172),(#6173,
#6174)),.UNSPECIFIED.,.F.,.F.,.F.,(3,3),(2,2),(-1.,0.),(0.,0.3),
 .UNSPECIFIED.);
#3430=B_SPLINE_SURFACE_WITH_KNOTS('',2,1,((#6185,#6186),(#6187,#6188),(#6189,
#6190)),.UNSPECIFIED.,.F.,.F.,.F.,(3,3),(2,2),(-1.,0.),(0.,0.3),
 .UNSPECIFIED.);
#3431=B_SPLINE_SURFACE_WITH_KNOTS('',2,1,((#6219,#6220),(#6221,#6222),(#6223,
#6224)),.UNSPECIFIED.,.F.,.F.,.F.,(3,3),(2,2),(-1.,0.),(0.,0.3),
 .UNSPECIFIED.);
#3432=B_SPLINE_SURFACE_WITH_KNOTS('',2,1,((#6235,#6236),(#6237,#6238),(#6239,
#6240)),.UNSPECIFIED.,.F.,.F.,.F.,(3,3),(2,2),(-1.,0.),(0.,0.3),
 .UNSPECIFIED.);
#3433=B_SPLINE_SURFACE_WITH_KNOTS('',2,1,((#6251,#6252),(#6253,#6254),(#6255,
#6256)),.UNSPECIFIED.,.F.,.F.,.F.,(3,3),(2,2),(-1.,0.),(0.,0.3),
 .UNSPECIFIED.);
#3434=B_SPLINE_SURFACE_WITH_KNOTS('',2,1,((#6267,#6268),(#6269,#6270),(#6271,
#6272)),.UNSPECIFIED.,.F.,.F.,.F.,(3,3),(2,2),(-1.,0.),(0.,0.3),
 .UNSPECIFIED.);
#3435=ADVANCED_FACE('',(#190),#3335,.F.);
#3436=ADVANCED_FACE('',(#191),#3336,.F.);
#3437=ADVANCED_FACE('',(#192),#128,.F.);
#3438=ADVANCED_FACE('',(#193),#3337,.F.);
#3439=ADVANCED_FACE('',(#194),#3338,.F.);
#3440=ADVANCED_FACE('',(#195),#129,.F.);
#3441=ADVANCED_FACE('',(#196),#3339,.F.);
#3442=ADVANCED_FACE('',(#197),#3340,.F.);
#3443=ADVANCED_FACE('',(#198),#3341,.F.);
#3444=ADVANCED_FACE('',(#199),#3342,.F.);
#3445=ADVANCED_FACE('',(#200),#3343,.F.);
#3446=ADVANCED_FACE('',(#201),#3344,.F.);
#3447=ADVANCED_FACE('',(#202),#3345,.F.);
#3448=ADVANCED_FACE('',(#203),#3346,.F.);
#3449=ADVANCED_FACE('',(#204),#130,.F.);
#3450=ADVANCED_FACE('',(#205),#3347,.F.);
#3451=ADVANCED_FACE('',(#206),#3348,.F.);
#3452=ADVANCED_FACE('',(#207),#3349,.F.);
#3453=ADVANCED_FACE('',(#208),#3350,.F.);
#3454=ADVANCED_FACE('',(#209),#131,.F.);
#3455=ADVANCED_FACE('',(#210),#132,.F.);
#3456=ADVANCED_FACE('',(#211),#3351,.F.);
#3457=ADVANCED_FACE('',(#212),#3352,.F.);
#3458=ADVANCED_FACE('',(#213),#3353,.F.);
#3459=ADVANCED_FACE('',(#214),#3354,.F.);
#3460=ADVANCED_FACE('',(#215),#3355,.F.);
#3461=ADVANCED_FACE('',(#216),#3356,.F.);
#3462=ADVANCED_FACE('',(#217),#133,.F.);
#3463=ADVANCED_FACE('',(#218),#134,.F.);
#3464=ADVANCED_FACE('',(#219),#135,.F.);
#3465=ADVANCED_FACE('',(#220),#3357,.F.);
#3466=ADVANCED_FACE('',(#221),#3358,.F.);
#3467=ADVANCED_FACE('',(#222,#116),#136,.T.);
#3468=ADVANCED_FACE('',(#223),#3359,.F.);
#3469=ADVANCED_FACE('',(#224),#3360,.F.);
#3470=ADVANCED_FACE('',(#225),#3361,.F.);
#3471=ADVANCED_FACE('',(#226),#3362,.F.);
#3472=ADVANCED_FACE('',(#227),#137,.F.);
#3473=ADVANCED_FACE('',(#228),#138,.F.);
#3474=ADVANCED_FACE('',(#229),#139,.F.);
#3475=ADVANCED_FACE('',(#230),#140,.F.);
#3476=ADVANCED_FACE('',(#231),#141,.F.);
#3477=ADVANCED_FACE('',(#232),#3363,.F.);
#3478=ADVANCED_FACE('',(#233),#3364,.F.);
#3479=ADVANCED_FACE('',(#234),#3365,.F.);
#3480=ADVANCED_FACE('',(#235),#3366,.F.);
#3481=ADVANCED_FACE('',(#236),#3367,.F.);
#3482=ADVANCED_FACE('',(#237),#142,.F.);
#3483=ADVANCED_FACE('',(#238),#143,.F.);
#3484=ADVANCED_FACE('',(#239),#144,.F.);
#3485=ADVANCED_FACE('',(#240),#145,.T.);
#3486=ADVANCED_FACE('',(#241),#146,.F.);
#3487=ADVANCED_FACE('',(#242),#147,.F.);
#3488=ADVANCED_FACE('',(#243),#3368,.F.);
#3489=ADVANCED_FACE('',(#244),#3369,.F.);
#3490=ADVANCED_FACE('',(#245),#3370,.F.);
#3491=ADVANCED_FACE('',(#246),#3371,.F.);
#3492=ADVANCED_FACE('',(#247),#3372,.F.);
#3493=ADVANCED_FACE('',(#248),#3373,.F.);
#3494=ADVANCED_FACE('',(#249),#3374,.F.);
#3495=ADVANCED_FACE('',(#250),#3375,.F.);
#3496=ADVANCED_FACE('',(#251),#3376,.F.);
#3497=ADVANCED_FACE('',(#252),#3377,.F.);
#3498=ADVANCED_FACE('',(#253),#3378,.F.);
#3499=ADVANCED_FACE('',(#254),#3379,.F.);
#3500=ADVANCED_FACE('',(#255),#3380,.F.);
#3501=ADVANCED_FACE('',(#256),#3381,.F.);
#3502=ADVANCED_FACE('',(#257),#3382,.F.);
#3503=ADVANCED_FACE('',(#258),#148,.F.);
#3504=ADVANCED_FACE('',(#259),#149,.F.);
#3505=ADVANCED_FACE('',(#260),#150,.F.);
#3506=ADVANCED_FACE('',(#261),#3383,.F.);
#3507=ADVANCED_FACE('',(#262),#3384,.F.);
#3508=ADVANCED_FACE('',(#263),#3385,.F.);
#3509=ADVANCED_FACE('',(#264),#3386,.F.);
#3510=ADVANCED_FACE('',(#265),#3387,.F.);
#3511=ADVANCED_FACE('',(#266),#3388,.F.);
#3512=ADVANCED_FACE('',(#267),#3389,.F.);
#3513=ADVANCED_FACE('',(#268),#3390,.F.);
#3514=ADVANCED_FACE('',(#269),#3391,.F.);
#3515=ADVANCED_FACE('',(#270),#3392,.F.);
#3516=ADVANCED_FACE('',(#271),#3393,.F.);
#3517=ADVANCED_FACE('',(#272),#3394,.F.);
#3518=ADVANCED_FACE('',(#273),#3395,.F.);
#3519=ADVANCED_FACE('',(#274),#3396,.F.);
#3520=ADVANCED_FACE('',(#275),#3397,.F.);
#3521=ADVANCED_FACE('',(#276),#151,.F.);
#3522=ADVANCED_FACE('',(#277),#152,.T.);
#3523=ADVANCED_FACE('',(#278),#3398,.F.);
#3524=ADVANCED_FACE('',(#279),#153,.F.);
#3525=ADVANCED_FACE('',(#280),#154,.F.);
#3526=ADVANCED_FACE('',(#281),#3399,.F.);
#3527=ADVANCED_FACE('',(#282),#3400,.F.);
#3528=ADVANCED_FACE('',(#283),#3401,.F.);
#3529=ADVANCED_FACE('',(#284),#3402,.F.);
#3530=ADVANCED_FACE('',(#285),#155,.F.);
#3531=ADVANCED_FACE('',(#286),#3403,.F.);
#3532=ADVANCED_FACE('',(#287),#3404,.F.);
#3533=ADVANCED_FACE('',(#288),#3405,.F.);
#3534=ADVANCED_FACE('',(#289),#3406,.F.);
#3535=ADVANCED_FACE('',(#290),#3407,.F.);
#3536=ADVANCED_FACE('',(#291),#3408,.F.);
#3537=ADVANCED_FACE('',(#292),#156,.F.);
#3538=ADVANCED_FACE('',(#293),#157,.F.);
#3539=ADVANCED_FACE('',(#294),#3409,.F.);
#3540=ADVANCED_FACE('',(#295),#3410,.F.);
#3541=ADVANCED_FACE('',(#296),#3411,.F.);
#3542=ADVANCED_FACE('',(#297),#158,.F.);
#3543=ADVANCED_FACE('',(#298),#159,.F.);
#3544=ADVANCED_FACE('',(#299),#3412,.F.);
#3545=ADVANCED_FACE('',(#300),#3413,.F.);
#3546=ADVANCED_FACE('',(#301),#3414,.F.);
#3547=ADVANCED_FACE('',(#302),#3415,.F.);
#3548=ADVANCED_FACE('',(#303),#160,.F.);
#3549=ADVANCED_FACE('',(#304),#161,.F.);
#3550=ADVANCED_FACE('',(#305),#162,.F.);
#3551=ADVANCED_FACE('',(#306),#3416,.F.);
#3552=ADVANCED_FACE('',(#307),#3417,.F.);
#3553=ADVANCED_FACE('',(#308),#3418,.F.);
#3554=ADVANCED_FACE('',(#309),#3419,.F.);
#3555=ADVANCED_FACE('',(#310,#117),#163,.T.);
#3556=ADVANCED_FACE('',(#311),#3420,.F.);
#3557=ADVANCED_FACE('',(#312),#3421,.F.);
#3558=ADVANCED_FACE('',(#313),#164,.F.);
#3559=ADVANCED_FACE('',(#314),#165,.F.);
#3560=ADVANCED_FACE('',(#315),#166,.F.);
#3561=ADVANCED_FACE('',(#316),#167,.F.);
#3562=ADVANCED_FACE('',(#317),#168,.F.);
#3563=ADVANCED_FACE('',(#318),#169,.F.);
#3564=ADVANCED_FACE('',(#319),#3422,.F.);
#3565=ADVANCED_FACE('',(#320),#3423,.F.);
#3566=ADVANCED_FACE('',(#321),#3424,.F.);
#3567=ADVANCED_FACE('',(#322),#3425,.F.);
#3568=ADVANCED_FACE('',(#323),#170,.F.);
#3569=ADVANCED_FACE('',(#324),#171,.F.);
#3570=ADVANCED_FACE('',(#325),#3426,.F.);
#3571=ADVANCED_FACE('',(#326),#172,.T.);
#3572=ADVANCED_FACE('',(#327),#3427,.F.);
#3573=ADVANCED_FACE('',(#328),#3428,.F.);
#3574=ADVANCED_FACE('',(#329),#3429,.F.);
#3575=ADVANCED_FACE('',(#330),#3430,.F.);
#3576=ADVANCED_FACE('',(#331),#173,.F.);
#3577=ADVANCED_FACE('',(#332),#174,.F.);
#3578=ADVANCED_FACE('',(#333),#175,.F.);
#3579=ADVANCED_FACE('',(#334),#3431,.F.);
#3580=ADVANCED_FACE('',(#335),#3432,.F.);
#3581=ADVANCED_FACE('',(#336),#3433,.F.);
#3582=ADVANCED_FACE('',(#337),#3434,.F.);
#3583=ADVANCED_FACE('',(#338),#176,.F.);
#3584=ADVANCED_FACE('',(#339),#177,.F.);
#3585=ADVANCED_FACE('',(#340),#178,.T.);
#3586=ADVANCED_FACE('',(#341),#179,.T.);
#3587=ADVANCED_FACE('',(#342),#180,.T.);
#3588=ADVANCED_FACE('',(#343),#104,.T.);
#3589=ADVANCED_FACE('',(#344),#21,.T.);
#3590=ADVANCED_FACE('',(#345),#105,.T.);
#3591=ADVANCED_FACE('',(#346),#22,.T.);
#3592=ADVANCED_FACE('',(#347),#106,.T.);
#3593=ADVANCED_FACE('',(#348),#23,.T.);
#3594=ADVANCED_FACE('',(#349),#107,.T.);
#3595=ADVANCED_FACE('',(#350),#24,.T.);
#3596=ADVANCED_FACE('',(#351),#181,.T.);
#3597=ADVANCED_FACE('',(#352),#25,.T.);
#3598=ADVANCED_FACE('',(#353),#182,.T.);
#3599=ADVANCED_FACE('',(#354),#26,.T.);
#3600=ADVANCED_FACE('',(#355,#118,#119),#183,.F.);
#3601=ADVANCED_FACE('',(#356),#108,.T.);
#3602=ADVANCED_FACE('',(#357),#27,.T.);
#3603=ADVANCED_FACE('',(#358),#109,.T.);
#3604=ADVANCED_FACE('',(#359),#28,.T.);
#3605=ADVANCED_FACE('',(#360),#110,.T.);
#3606=ADVANCED_FACE('',(#361),#29,.T.);
#3607=ADVANCED_FACE('',(#362),#111,.T.);
#3608=ADVANCED_FACE('',(#363),#30,.T.);
#3609=ADVANCED_FACE('',(#364),#184,.T.);
#3610=ADVANCED_FACE('',(#365),#31,.T.);
#3611=ADVANCED_FACE('',(#366),#185,.T.);
#3612=ADVANCED_FACE('',(#367),#112,.T.);
#3613=ADVANCED_FACE('',(#368),#113,.T.);
#3614=ADVANCED_FACE('',(#369),#186,.T.);
#3615=ADVANCED_FACE('',(#370),#187,.T.);
#3616=ADVANCED_FACE('',(#371),#32,.T.);
#3617=ADVANCED_FACE('',(#372),#114,.T.);
#3618=ADVANCED_FACE('',(#373),#33,.T.);
#3619=ADVANCED_FACE('',(#374),#115,.T.);
#3620=ADVANCED_FACE('',(#375),#34,.T.);
#3621=ADVANCED_FACE('',(#376),#35,.T.);
#3622=ADVANCED_FACE('',(#377),#19,.T.);
#3623=ADVANCED_FACE('',(#378),#20,.T.);
#3624=ADVANCED_FACE('',(#379),#15,.T.);
#3625=ADVANCED_FACE('',(#380),#16,.T.);
#3626=ADVANCED_FACE('',(#381),#17,.T.);
#3627=ADVANCED_FACE('',(#382),#36,.F.);
#3628=ADVANCED_FACE('',(#383),#18,.T.);
#3629=ADVANCED_FACE('',(#384),#37,.F.);
#3630=ADVANCED_FACE('',(#385),#188,.F.);
#3631=ADVANCED_FACE('',(#386,#120,#121,#122,#123,#124,#125,#126,#127),#189,
 .T.);
#3632=ADVANCED_FACE('',(#387),#38,.F.);
#3633=ADVANCED_FACE('',(#388),#39,.F.);
#3634=CLOSED_SHELL('',(#3435,#3436,#3437,#3438,#3439,#3440,#3441,#3442,
#3443,#3444,#3445,#3446,#3447,#3448,#3449,#3450,#3451,#3452,#3453,#3454,
#3455,#3456,#3457,#3458,#3459,#3460,#3461,#3462,#3463,#3464,#3465,#3466,
#3467,#3468,#3469,#3470,#3471,#3472,#3473,#3474,#3475,#3476,#3477,#3478,
#3479,#3480,#3481,#3482,#3483,#3484,#3485,#3486,#3487,#3488,#3489,#3490,
#3491,#3492,#3493,#3494,#3495,#3496,#3497,#3498,#3499,#3500,#3501,#3502,
#3503,#3504,#3505,#3506,#3507,#3508,#3509,#3510,#3511,#3512,#3513,#3514,
#3515,#3516,#3517,#3518,#3519,#3520,#3521,#3522,#3523,#3524,#3525,#3526,
#3527,#3528,#3529,#3530,#3531,#3532,#3533,#3534,#3535,#3536,#3537,#3538,
#3539,#3540,#3541,#3542,#3543,#3544,#3545,#3546,#3547,#3548,#3549,#3550,
#3551,#3552,#3553,#3554,#3555,#3556,#3557,#3558,#3559,#3560,#3561,#3562,
#3563,#3564,#3565,#3566,#3567,#3568,#3569,#3570,#3571,#3572,#3573,#3574,
#3575,#3576,#3577,#3578,#3579,#3580,#3581,#3582,#3583,#3584,#3585,#3586,
#3587,#3588,#3589,#3590,#3591,#3592,#3593,#3594,#3595,#3596,#3597,#3598,
#3599,#3600,#3601,#3602,#3603,#3604,#3605,#3606,#3607,#3608,#3609,#3610,
#3611,#3612,#3613,#3614,#3615,#3616,#3617,#3618,#3619,#3620,#3621,#3622,
#3623,#3624,#3625,#3626,#3627,#3628,#3629,#3630,#3631,#3632,#3633));
#3635=DERIVED_UNIT_ELEMENT(#3637,1.);
#3636=DERIVED_UNIT_ELEMENT(#6640,-3.);
#3637=(
MASS_UNIT()
NAMED_UNIT(*)
SI_UNIT(.KILO.,.GRAM.)
);
#3638=DERIVED_UNIT((#3635,#3636));
#3639=MEASURE_REPRESENTATION_ITEM('density measure',
POSITIVE_RATIO_MEASURE(7850.),#3638);
#3640=PROPERTY_DEFINITION_REPRESENTATION(#3645,#3642);
#3641=PROPERTY_DEFINITION_REPRESENTATION(#3646,#3643);
#3642=REPRESENTATION('material name',(#3644),#6637);
#3643=REPRESENTATION('density',(#3639),#6637);
#3644=DESCRIPTIVE_REPRESENTATION_ITEM('Steel','Steel');
#3645=PROPERTY_DEFINITION('material property','material name',#6647);
#3646=PROPERTY_DEFINITION('material property','density of part',#6647);
#3647=AXIS2_PLACEMENT_3D('',#4400,#3807,#3808);
#3648=AXIS2_PLACEMENT_3D('',#4436,#3812,#3813);
#3649=AXIS2_PLACEMENT_3D('',#4477,#3820,#3821);
#3650=AXIS2_PLACEMENT_3D('',#4611,#3833,#3834);
#3651=AXIS2_PLACEMENT_3D('',#4678,#3841,#3842);
#3652=AXIS2_PLACEMENT_3D('',#4684,#3846,#3847);
#3653=AXIS2_PLACEMENT_3D('',#4786,#3857,#3858);
#3654=AXIS2_PLACEMENT_3D('',#4792,#3862,#3863);
#3655=AXIS2_PLACEMENT_3D('',#4798,#3867,#3868);
#3656=AXIS2_PLACEMENT_3D('',#4833,#3873,#3874);
#3657=AXIS2_PLACEMENT_3D('',#4903,#3880,#3881);
#3658=AXIS2_PLACEMENT_3D('',#4909,#3885,#3886);
#3659=AXIS2_PLACEMENT_3D('',#4915,#3890,#3891);
#3660=AXIS2_PLACEMENT_3D('',#4921,#3895,#3896);
#3661=AXIS2_PLACEMENT_3D('',#4927,#3900,#3901);
#3662=AXIS2_PLACEMENT_3D('',#5013,#3910,#3911);
#3663=AXIS2_PLACEMENT_3D('',#5019,#3915,#3916);
#3664=AXIS2_PLACEMENT_3D('',#5025,#3920,#3921);
#3665=AXIS2_PLACEMENT_3D('',#5028,#3924,#3925);
#3666=AXIS2_PLACEMENT_3D('',#5029,#3926,#3927);
#3667=AXIS2_PLACEMENT_3D('',#5038,#3932,#3933);
#3668=AXIS2_PLACEMENT_3D('',#5288,#3952,#3953);
#3669=AXIS2_PLACEMENT_3D('',#5294,#3957,#3958);
#3670=AXIS2_PLACEMENT_3D('',#5300,#3962,#3963);
#3671=AXIS2_PLACEMENT_3D('',#5552,#3982,#3983);
#3672=AXIS2_PLACEMENT_3D('',#5555,#3986,#3987);
#3673=AXIS2_PLACEMENT_3D('',#5575,#3990,#3991);
#3674=AXIS2_PLACEMENT_3D('',#5581,#3995,#3996);
#3675=AXIS2_PLACEMENT_3D('',#5654,#4005,#4006);
#3676=AXIS2_PLACEMENT_3D('',#5756,#4016,#4017);
#3677=AXIS2_PLACEMENT_3D('',#5762,#4021,#4022);
#3678=AXIS2_PLACEMENT_3D('',#5813,#4028,#4029);
#3679=AXIS2_PLACEMENT_3D('',#5819,#4033,#4034);
#3680=AXIS2_PLACEMENT_3D('',#5889,#4042,#4043);
#3681=AXIS2_PLACEMENT_3D('',#5895,#4047,#4048);
#3682=AXIS2_PLACEMENT_3D('',#5901,#4052,#4053);
#3683=AXIS2_PLACEMENT_3D('',#5968,#4060,#4061);
#3684=AXIS2_PLACEMENT_3D('',#6004,#4065,#4066);
#3685=AXIS2_PLACEMENT_3D('',#6010,#4070,#4071);
#3686=AXIS2_PLACEMENT_3D('',#6016,#4075,#4076);
#3687=AXIS2_PLACEMENT_3D('',#6022,#4080,#4081);
#3688=AXIS2_PLACEMENT_3D('',#6028,#4085,#4086);
#3689=AXIS2_PLACEMENT_3D('',#6034,#4090,#4091);
#3690=AXIS2_PLACEMENT_3D('',#6104,#4099,#4100);
#3691=AXIS2_PLACEMENT_3D('',#6110,#4104,#4105);
#3692=AXIS2_PLACEMENT_3D('',#6129,#4109,#4110);
#3693=AXIS2_PLACEMENT_3D('',#6201,#4116,#4117);
#3694=AXIS2_PLACEMENT_3D('',#6207,#4121,#4122);
#3695=AXIS2_PLACEMENT_3D('',#6213,#4126,#4127);
#3696=AXIS2_PLACEMENT_3D('',#6283,#4135,#4136);
#3697=AXIS2_PLACEMENT_3D('',#6289,#4140,#4141);
#3698=AXIS2_PLACEMENT_3D('',#6292,#4144,#4145);
#3699=AXIS2_PLACEMENT_3D('',#6293,#4146,#4147);
#3700=AXIS2_PLACEMENT_3D('',#6294,#4148,#4149);
#3701=AXIS2_PLACEMENT_3D('',#6295,#4150,#4151);
#3702=AXIS2_PLACEMENT_3D('',#6298,#4152,#4153);
#3703=AXIS2_PLACEMENT_3D('',#6300,#4154,#4155);
#3704=AXIS2_PLACEMENT_3D('',#6302,#4156,#4157);
#3705=AXIS2_PLACEMENT_3D('',#6303,#4158,#4159);
#3706=AXIS2_PLACEMENT_3D('',#6304,#4160,#4161);
#3707=AXIS2_PLACEMENT_3D('',#6307,#4162,#4163);
#3708=AXIS2_PLACEMENT_3D('',#6310,#4166,#4167);
#3709=AXIS2_PLACEMENT_3D('',#6313,#4168,#4169);
#3710=AXIS2_PLACEMENT_3D('',#6314,#4170,#4171);
#3711=AXIS2_PLACEMENT_3D('',#6315,#4172,#4173);
#3712=AXIS2_PLACEMENT_3D('',#6316,#4174,#4175);
#3713=AXIS2_PLACEMENT_3D('',#6319,#4176,#4177);
#3714=AXIS2_PLACEMENT_3D('',#6322,#4180,#4181);
#3715=AXIS2_PLACEMENT_3D('',#6325,#4182,#4183);
#3716=AXIS2_PLACEMENT_3D('',#6326,#4184,#4185);
#3717=AXIS2_PLACEMENT_3D('',#6327,#4186,#4187);
#3718=AXIS2_PLACEMENT_3D('',#6328,#4188,#4189);
#3719=AXIS2_PLACEMENT_3D('',#6331,#4190,#4191);
#3720=AXIS2_PLACEMENT_3D('',#6334,#4194,#4195);
#3721=AXIS2_PLACEMENT_3D('',#6337,#4196,#4197);
#3722=AXIS2_PLACEMENT_3D('',#6338,#4198,#4199);
#3723=AXIS2_PLACEMENT_3D('',#6339,#4200,#4201);
#3724=AXIS2_PLACEMENT_3D('',#6340,#4202,#4203);
#3725=AXIS2_PLACEMENT_3D('',#6343,#4206,#4207);
#3726=AXIS2_PLACEMENT_3D('',#6349,#4211,#4212);
#3727=AXIS2_PLACEMENT_3D('',#6353,#4214,#4215);
#3728=AXIS2_PLACEMENT_3D('',#6356,#4217,#4218);
#3729=AXIS2_PLACEMENT_3D('',#6357,#4219,#4220);
#3730=AXIS2_PLACEMENT_3D('',#6361,#4223,#4224);
#3731=AXIS2_PLACEMENT_3D('',#6364,#4226,#4227);
#3732=AXIS2_PLACEMENT_3D('',#6365,#4228,#4229);
#3733=AXIS2_PLACEMENT_3D('',#6367,#4230,#4231);
#3734=AXIS2_PLACEMENT_3D('',#6369,#4232,#4233);
#3735=AXIS2_PLACEMENT_3D('',#6370,#4234,#4235);
#3736=AXIS2_PLACEMENT_3D('',#6372,#4236,#4237);
#3737=AXIS2_PLACEMENT_3D('',#6374,#4238,#4239);
#3738=AXIS2_PLACEMENT_3D('',#6389,#4240,#4241);
#3739=AXIS2_PLACEMENT_3D('',#6391,#4242,#4243);
#3740=AXIS2_PLACEMENT_3D('',#6393,#4245,#4246);
#3741=AXIS2_PLACEMENT_3D('',#6395,#4247,#4248);
#3742=AXIS2_PLACEMENT_3D('',#6396,#4249,#4250);
#3743=AXIS2_PLACEMENT_3D('',#6397,#4251,#4252);
#3744=AXIS2_PLACEMENT_3D('',#6400,#4253,#4254);
#3745=AXIS2_PLACEMENT_3D('',#6403,#4257,#4258);
#3746=AXIS2_PLACEMENT_3D('',#6406,#4259,#4260);
#3747=AXIS2_PLACEMENT_3D('',#6407,#4261,#4262);
#3748=AXIS2_PLACEMENT_3D('',#6408,#4263,#4264);
#3749=AXIS2_PLACEMENT_3D('',#6409,#4265,#4266);
#3750=AXIS2_PLACEMENT_3D('',#6412,#4267,#4268);
#3751=AXIS2_PLACEMENT_3D('',#6415,#4271,#4272);
#3752=AXIS2_PLACEMENT_3D('',#6432,#4273,#4274);
#3753=AXIS2_PLACEMENT_3D('',#6433,#4275,#4276);
#3754=AXIS2_PLACEMENT_3D('',#6434,#4277,#4278);
#3755=AXIS2_PLACEMENT_3D('',#6436,#4279,#4280);
#3756=AXIS2_PLACEMENT_3D('',#6439,#4283,#4284);
#3757=AXIS2_PLACEMENT_3D('',#6441,#4286,#4287);
#3758=AXIS2_PLACEMENT_3D('',#6443,#4289,#4290);
#3759=AXIS2_PLACEMENT_3D('',#6444,#4291,#4292);
#3760=AXIS2_PLACEMENT_3D('',#6447,#4293,#4294);
#3761=AXIS2_PLACEMENT_3D('',#6449,#4295,#4296);
#3762=AXIS2_PLACEMENT_3D('',#6465,#4297,#4298);
#3763=AXIS2_PLACEMENT_3D('',#6466,#4299,#4300);
#3764=AXIS2_PLACEMENT_3D('',#6484,#4301,#4302);
#3765=AXIS2_PLACEMENT_3D('',#6486,#4303,#4304);
#3766=AXIS2_PLACEMENT_3D('',#6487,#4305,#4306);
#3767=AXIS2_PLACEMENT_3D('',#6488,#4307,#4308);
#3768=AXIS2_PLACEMENT_3D('',#6490,#4309,#4310);
#3769=AXIS2_PLACEMENT_3D('',#6496,#4313,#4314);
#3770=AXIS2_PLACEMENT_3D('',#6498,#4316,#4317);
#3771=AXIS2_PLACEMENT_3D('',#6500,#4318,#4319);
#3772=AXIS2_PLACEMENT_3D('',#6504,#4321,#4322);
#3773=AXIS2_PLACEMENT_3D('',#6508,#4325,#4326);
#3774=AXIS2_PLACEMENT_3D('',#6509,#4327,#4328);
#3775=AXIS2_PLACEMENT_3D('',#6510,#4329,#4330);
#3776=AXIS2_PLACEMENT_3D('',#6511,#4331,#4332);
#3777=AXIS2_PLACEMENT_3D('',#6513,#4333,#4334);
#3778=AXIS2_PLACEMENT_3D('',#6514,#4335,#4336);
#3779=AXIS2_PLACEMENT_3D('',#6515,#4337,#4338);
#3780=AXIS2_PLACEMENT_3D('',#6517,#4339,#4340);
#3781=AXIS2_PLACEMENT_3D('',#6520,#4343,#4344);
#3782=AXIS2_PLACEMENT_3D('',#6521,#4345,#4346);
#3783=AXIS2_PLACEMENT_3D('',#6522,#4347,#4348);
#3784=AXIS2_PLACEMENT_3D('',#6523,#4349,#4350);
#3785=AXIS2_PLACEMENT_3D('',#6524,#4351,#4352);
#3786=AXIS2_PLACEMENT_3D('',#6525,#4353,#4354);
#3787=AXIS2_PLACEMENT_3D('',#6526,#4355,#4356);
#3788=AXIS2_PLACEMENT_3D('',#6527,#4357,#4358);
#3789=AXIS2_PLACEMENT_3D('',#6528,#4359,#4360);
#3790=AXIS2_PLACEMENT_3D('',#6529,#4361,#4362);
#3791=AXIS2_PLACEMENT_3D('',#6546,#4363,#4364);
#3792=AXIS2_PLACEMENT_3D('',#6548,#4365,#4366);
#3793=AXIS2_PLACEMENT_3D('',#6573,#4367,#4368);
#3794=AXIS2_PLACEMENT_3D('',#6575,#4369,#4370);
#3795=AXIS2_PLACEMENT_3D('',#6606,#4371,#4372);
#3796=AXIS2_PLACEMENT_3D('',#6607,#4373,#4374);
#3797=AXIS2_PLACEMENT_3D('',#6608,#4375,#4376);
#3798=AXIS2_PLACEMENT_3D('',#6610,#4377,#4378);
#3799=AXIS2_PLACEMENT_3D('',#6621,#4380,#4381);
#3800=AXIS2_PLACEMENT_3D('',#6622,#4382,#4383);
#3801=AXIS2_PLACEMENT_3D('',#6625,#4386,#4387);
#3802=AXIS2_PLACEMENT_3D('',#6626,#4388,#4389);
#3803=AXIS2_PLACEMENT_3D('',#6628,#4390,#4391);
#3804=AXIS2_PLACEMENT_3D('',#6630,#4392,#4393);
#3805=AXIS2_PLACEMENT_3D('',#6631,#4394,#4395);
#3806=AXIS2_PLACEMENT_3D('',#6633,#4397,#4398);
#3807=DIRECTION('axis',(0.,0.,1.));
#3808=DIRECTION('refdir',(1.,0.,0.));
#3809=DIRECTION('',(0.,1.,0.));
#3810=DIRECTION('',(0.,1.,0.));
#3811=DIRECTION('',(0.,1.,0.));
#3812=DIRECTION('center_axis',(1.,0.,0.));
#3813=DIRECTION('ref_axis',(0.,0.,-1.));
#3814=DIRECTION('',(0.,2.22044604925031E-16,1.));
#3815=DIRECTION('',(0.,0.,1.));
#3816=DIRECTION('',(0.,1.,0.));
#3817=DIRECTION('',(0.,1.,0.));
#3818=DIRECTION('',(0.,1.,0.));
#3819=DIRECTION('',(0.,1.,0.));
#3820=DIRECTION('center_axis',(1.,0.,0.));
#3821=DIRECTION('ref_axis',(0.,0.,-1.));
#3822=DIRECTION('',(0.,2.22044604925031E-16,1.));
#3823=DIRECTION('',(0.,0.,1.));
#3824=DIRECTION('',(0.,1.,0.));
#3825=DIRECTION('',(0.,1.,0.));
#3826=DIRECTION('',(0.,1.,0.));
#3827=DIRECTION('',(0.,1.,0.));
#3828=DIRECTION('',(0.,1.,0.));
#3829=DIRECTION('',(0.,1.,0.));
#3830=DIRECTION('',(0.,1.,0.));
#3831=DIRECTION('',(0.,1.,0.));
#3832=DIRECTION('',(0.,1.,0.));
#3833=DIRECTION('center_axis',(-1.,0.,0.));
#3834=DIRECTION('ref_axis',(0.,0.,1.));
#3835=DIRECTION('',(0.,-2.22044604925031E-16,-1.));
#3836=DIRECTION('',(0.,0.,-1.));
#3837=DIRECTION('',(0.,1.,0.));
#3838=DIRECTION('',(0.,1.,0.));
#3839=DIRECTION('',(0.,1.,0.));
#3840=DIRECTION('',(0.,1.,0.));
#3841=DIRECTION('center_axis',(0.,0.,-1.));
#3842=DIRECTION('ref_axis',(-1.,0.,0.));
#3843=DIRECTION('',(1.,0.,0.));
#3844=DIRECTION('',(1.,0.,0.));
#3845=DIRECTION('',(0.,1.,0.));
#3846=DIRECTION('center_axis',(1.,0.,0.));
#3847=DIRECTION('ref_axis',(0.,0.,-1.));
#3848=DIRECTION('',(0.,2.22044604925031E-16,1.));
#3849=DIRECTION('',(0.,0.,1.));
#3850=DIRECTION('',(0.,1.,0.));
#3851=DIRECTION('',(0.,1.,0.));
#3852=DIRECTION('',(0.,1.,0.));
#3853=DIRECTION('',(0.,1.,0.));
#3854=DIRECTION('',(0.,1.,0.));
#3855=DIRECTION('',(0.,1.,0.));
#3856=DIRECTION('',(0.,1.,0.));
#3857=DIRECTION('center_axis',(-1.,0.,0.));
#3858=DIRECTION('ref_axis',(0.,0.,1.));
#3859=DIRECTION('',(0.,-2.22044604925031E-16,-1.));
#3860=DIRECTION('',(0.,0.,-1.));
#3861=DIRECTION('',(0.,1.,0.));
#3862=DIRECTION('center_axis',(0.,0.,-1.));
#3863=DIRECTION('ref_axis',(-1.,0.,0.));
#3864=DIRECTION('',(1.,0.,0.));
#3865=DIRECTION('',(1.,0.,0.));
#3866=DIRECTION('',(0.,1.,0.));
#3867=DIRECTION('center_axis',(1.,0.,0.));
#3868=DIRECTION('ref_axis',(0.,0.,-1.));
#3869=DIRECTION('',(0.,2.22044604925031E-16,1.));
#3870=DIRECTION('',(0.,0.,1.));
#3871=DIRECTION('',(0.,1.,0.));
#3872=DIRECTION('',(0.,1.,0.));
#3873=DIRECTION('center_axis',(0.,1.,0.));
#3874=DIRECTION('ref_axis',(0.,0.,1.));
#3875=DIRECTION('',(0.,1.,0.));
#3876=DIRECTION('',(0.,1.,0.));
#3877=DIRECTION('',(0.,1.,0.));
#3878=DIRECTION('',(0.,1.,0.));
#3879=DIRECTION('',(0.,1.,0.));
#3880=DIRECTION('center_axis',(-1.,0.,0.));
#3881=DIRECTION('ref_axis',(0.,0.,1.));
#3882=DIRECTION('',(0.,-2.22044604925031E-16,-1.));
#3883=DIRECTION('',(0.,0.,-1.));
#3884=DIRECTION('',(0.,1.,0.));
#3885=DIRECTION('center_axis',(0.,0.,-1.));
#3886=DIRECTION('ref_axis',(-1.,0.,0.));
#3887=DIRECTION('',(1.,0.,0.));
#3888=DIRECTION('',(1.,0.,0.));
#3889=DIRECTION('',(0.,1.,0.));
#3890=DIRECTION('center_axis',(1.,0.,0.));
#3891=DIRECTION('ref_axis',(0.,-2.53765262771464E-16,-1.));
#3892=DIRECTION('',(0.,2.22044604925031E-16,1.));
#3893=DIRECTION('',(0.,2.53765262771464E-16,1.));
#3894=DIRECTION('',(0.,1.,0.));
#3895=DIRECTION('center_axis',(0.,0.,1.));
#3896=DIRECTION('ref_axis',(1.,0.,0.));
#3897=DIRECTION('',(-1.,0.,0.));
#3898=DIRECTION('',(-1.,0.,0.));
#3899=DIRECTION('',(0.,1.,0.));
#3900=DIRECTION('center_axis',(-1.,0.,0.));
#3901=DIRECTION('ref_axis',(0.,0.,1.));
#3902=DIRECTION('',(0.,-2.22044604925031E-16,-1.));
#3903=DIRECTION('',(0.,0.,-1.));
#3904=DIRECTION('',(0.,1.,0.));
#3905=DIRECTION('',(0.,1.,0.));
#3906=DIRECTION('',(0.,1.,0.));
#3907=DIRECTION('',(0.,1.,0.));
#3908=DIRECTION('',(0.,1.,0.));
#3909=DIRECTION('',(0.,1.,0.));
#3910=DIRECTION('center_axis',(-1.,0.,0.));
#3911=DIRECTION('ref_axis',(0.,0.,1.));
#3912=DIRECTION('',(0.,-2.22044604925031E-16,-1.));
#3913=DIRECTION('',(0.,0.,-1.));
#3914=DIRECTION('',(0.,1.,0.));
#3915=DIRECTION('center_axis',(0.,0.,-1.));
#3916=DIRECTION('ref_axis',(-1.,0.,0.));
#3917=DIRECTION('',(1.,0.,0.));
#3918=DIRECTION('',(1.,0.,0.));
#3919=DIRECTION('',(0.,1.,0.));
#3920=DIRECTION('center_axis',(1.,0.,0.));
#3921=DIRECTION('ref_axis',(0.,0.,-1.));
#3922=DIRECTION('',(0.,2.22044604925031E-16,1.));
#3923=DIRECTION('',(0.,0.,1.));
#3924=DIRECTION('center_axis',(0.,1.,0.));
#3925=DIRECTION('ref_axis',(0.,0.,1.));
#3926=DIRECTION('center_axis',(0.,0.,1.));
#3927=DIRECTION('ref_axis',(1.,0.,0.));
#3928=DIRECTION('',(-1.,0.,0.));
#3929=DIRECTION('',(0.,1.,0.));
#3930=DIRECTION('',(-1.,0.,0.));
#3931=DIRECTION('',(0.,1.,0.));
#3932=DIRECTION('center_axis',(-1.,0.,0.));
#3933=DIRECTION('ref_axis',(0.,0.,1.));
#3934=DIRECTION('',(0.,-2.22044604925031E-16,-1.));
#3935=DIRECTION('',(0.,0.,-1.));
#3936=DIRECTION('',(0.,1.,0.));
#3937=DIRECTION('',(0.,1.,0.));
#3938=DIRECTION('',(0.,1.,0.));
#3939=DIRECTION('',(0.,1.,0.));
#3940=DIRECTION('',(0.,1.,0.));
#3941=DIRECTION('',(0.,1.,0.));
#3942=DIRECTION('',(0.,1.,0.));
#3943=DIRECTION('',(0.,1.,0.));
#3944=DIRECTION('',(0.,1.,0.));
#3945=DIRECTION('',(0.,1.,0.));
#3946=DIRECTION('',(0.,1.,0.));
#3947=DIRECTION('',(0.,1.,0.));
#3948=DIRECTION('',(0.,1.,0.));
#3949=DIRECTION('',(0.,1.,0.));
#3950=DIRECTION('',(0.,1.,0.));
#3951=DIRECTION('',(0.,1.,0.));
#3952=DIRECTION('center_axis',(-1.,0.,0.));
#3953=DIRECTION('ref_axis',(0.,0.,1.));
#3954=DIRECTION('',(0.,-2.22044604925031E-16,-1.));
#3955=DIRECTION('',(0.,0.,-1.));
#3956=DIRECTION('',(0.,1.,0.));
#3957=DIRECTION('center_axis',(0.,0.,-1.));
#3958=DIRECTION('ref_axis',(-1.,0.,0.));
#3959=DIRECTION('',(1.,0.,0.));
#3960=DIRECTION('',(1.,0.,0.));
#3961=DIRECTION('',(0.,1.,0.));
#3962=DIRECTION('center_axis',(1.,0.,0.));
#3963=DIRECTION('ref_axis',(0.,0.,-1.));
#3964=DIRECTION('',(0.,2.22044604925031E-16,1.));
#3965=DIRECTION('',(0.,0.,1.));
#3966=DIRECTION('',(0.,1.,0.));
#3967=DIRECTION('',(0.,1.,0.));
#3968=DIRECTION('',(0.,1.,0.));
#3969=DIRECTION('',(0.,1.,0.));
#3970=DIRECTION('',(0.,1.,0.));
#3971=DIRECTION('',(0.,1.,0.));
#3972=DIRECTION('',(0.,1.,0.));
#3973=DIRECTION('',(0.,1.,0.));
#3974=DIRECTION('',(0.,1.,0.));
#3975=DIRECTION('',(0.,1.,0.));
#3976=DIRECTION('',(0.,1.,0.));
#3977=DIRECTION('',(0.,1.,0.));
#3978=DIRECTION('',(0.,1.,0.));
#3979=DIRECTION('',(0.,1.,0.));
#3980=DIRECTION('',(0.,1.,0.));
#3981=DIRECTION('',(0.,1.,0.));
#3982=DIRECTION('center_axis',(1.,0.,0.));
#3983=DIRECTION('ref_axis',(0.,0.,-1.));
#3984=DIRECTION('',(0.,2.22044604925031E-16,1.));
#3985=DIRECTION('',(0.,0.,1.));
#3986=DIRECTION('center_axis',(0.,1.,0.));
#3987=DIRECTION('ref_axis',(0.,0.,1.));
#3988=DIRECTION('',(0.,1.,0.));
#3989=DIRECTION('',(0.,1.,0.));
#3990=DIRECTION('center_axis',(-1.,0.,0.));
#3991=DIRECTION('ref_axis',(0.,0.,1.));
#3992=DIRECTION('',(0.,-2.22044604925031E-16,-1.));
#3993=DIRECTION('',(0.,0.,-1.));
#3994=DIRECTION('',(0.,1.,0.));
#3995=DIRECTION('center_axis',(0.,0.,1.));
#3996=DIRECTION('ref_axis',(1.,0.,0.));
#3997=DIRECTION('',(-1.,0.,0.));
#3998=DIRECTION('',(-1.,0.,0.));
#3999=DIRECTION('',(0.,1.,0.));
#4000=DIRECTION('',(0.,1.,0.));
#4001=DIRECTION('',(0.,1.,0.));
#4002=DIRECTION('',(0.,1.,0.));
#4003=DIRECTION('',(0.,1.,0.));
#4004=DIRECTION('',(0.,1.,0.));
#4005=DIRECTION('center_axis',(1.,0.,0.));
#4006=DIRECTION('ref_axis',(0.,0.,-1.));
#4007=DIRECTION('',(0.,2.22044604925031E-16,1.));
#4008=DIRECTION('',(0.,0.,1.));
#4009=DIRECTION('',(0.,1.,0.));
#4010=DIRECTION('',(0.,1.,0.));
#4011=DIRECTION('',(0.,1.,0.));
#4012=DIRECTION('',(0.,1.,0.));
#4013=DIRECTION('',(0.,1.,0.));
#4014=DIRECTION('',(0.,1.,0.));
#4015=DIRECTION('',(0.,1.,0.));
#4016=DIRECTION('center_axis',(-1.,0.,0.));
#4017=DIRECTION('ref_axis',(0.,0.,1.));
#4018=DIRECTION('',(0.,-2.22044604925031E-16,-1.));
#4019=DIRECTION('',(0.,0.,-1.));
#4020=DIRECTION('',(0.,1.,0.));
#4021=DIRECTION('center_axis',(1.,0.,0.));
#4022=DIRECTION('ref_axis',(0.,0.,-1.));
#4023=DIRECTION('',(0.,2.22044604925031E-16,1.));
#4024=DIRECTION('',(0.,0.,1.));
#4025=DIRECTION('',(0.,1.,0.));
#4026=DIRECTION('',(0.,1.,0.));
#4027=DIRECTION('',(0.,1.,0.));
#4028=DIRECTION('center_axis',(0.,0.,-1.));
#4029=DIRECTION('ref_axis',(-1.,0.,0.));
#4030=DIRECTION('',(1.,0.,0.));
#4031=DIRECTION('',(1.,0.,0.));
#4032=DIRECTION('',(0.,1.,0.));
#4033=DIRECTION('center_axis',(-1.,0.,0.));
#4034=DIRECTION('ref_axis',(0.,0.,1.));
#4035=DIRECTION('',(0.,-2.22044604925031E-16,-1.));
#4036=DIRECTION('',(0.,0.,-1.));
#4037=DIRECTION('',(0.,1.,0.));
#4038=DIRECTION('',(0.,1.,0.));
#4039=DIRECTION('',(0.,1.,0.));
#4040=DIRECTION('',(0.,1.,0.));
#4041=DIRECTION('',(0.,1.,0.));
#4042=DIRECTION('center_axis',(1.,0.,0.));
#4043=DIRECTION('ref_axis',(0.,0.,-1.));
#4044=DIRECTION('',(0.,2.22044604925031E-16,1.));
#4045=DIRECTION('',(0.,0.,1.));
#4046=DIRECTION('',(0.,1.,0.));
#4047=DIRECTION('center_axis',(0.,0.,1.));
#4048=DIRECTION('ref_axis',(1.,0.,0.));
#4049=DIRECTION('',(-1.,0.,0.));
#4050=DIRECTION('',(-1.,0.,0.));
#4051=DIRECTION('',(0.,1.,0.));
#4052=DIRECTION('center_axis',(-1.,0.,0.));
#4053=DIRECTION('ref_axis',(0.,0.,1.));
#4054=DIRECTION('',(0.,-2.22044604925031E-16,-1.));
#4055=DIRECTION('',(0.,0.,-1.));
#4056=DIRECTION('',(0.,1.,0.));
#4057=DIRECTION('',(0.,1.,0.));
#4058=DIRECTION('',(0.,1.,0.));
#4059=DIRECTION('',(0.,1.,0.));
#4060=DIRECTION('center_axis',(0.,1.,0.));
#4061=DIRECTION('ref_axis',(0.,0.,1.));
#4062=DIRECTION('',(0.,1.,0.));
#4063=DIRECTION('',(0.,1.,0.));
#4064=DIRECTION('',(0.,1.,0.));
#4065=DIRECTION('center_axis',(0.980713179580386,0.,-0.19545244791849));
#4066=DIRECTION('ref_axis',(-0.19545244791849,0.,-0.980713179580386));
#4067=DIRECTION('',(0.19545244791849,2.17762070504698E-16,0.980713179580386));
#4068=DIRECTION('',(0.19545244791849,0.,0.980713179580386));
#4069=DIRECTION('',(0.,1.,0.));
#4070=DIRECTION('center_axis',(0.,0.,1.));
#4071=DIRECTION('ref_axis',(1.,0.,0.));
#4072=DIRECTION('',(-1.,0.,0.));
#4073=DIRECTION('',(-1.,0.,0.));
#4074=DIRECTION('',(0.,1.,0.));
#4075=DIRECTION('center_axis',(-0.989201995330381,0.,0.14655856315614));
#4076=DIRECTION('ref_axis',(0.14655856315614,0.,0.989201995330381));
#4077=DIRECTION('',(-0.14655856315614,-2.19646966244187E-16,-0.989201995330381));
#4078=DIRECTION('',(-0.14655856315614,0.,-0.989201995330381));
#4079=DIRECTION('',(0.,1.,0.));
#4080=DIRECTION('center_axis',(0.997399022239145,0.,0.0720776694711792));
#4081=DIRECTION('ref_axis',(0.0720776694711792,0.,-0.997399022239146));
#4082=DIRECTION('',(-0.0720776694711792,2.21467071845703E-16,0.997399022239146));
#4083=DIRECTION('',(-0.0720776694711792,0.,0.997399022239146));
#4084=DIRECTION('',(0.,1.,0.));
#4085=DIRECTION('center_axis',(0.,0.,1.));
#4086=DIRECTION('ref_axis',(1.,0.,0.));
#4087=DIRECTION('',(-1.,0.,0.));
#4088=DIRECTION('',(-1.,0.,0.));
#4089=DIRECTION('',(0.,1.,0.));
#4090=DIRECTION('center_axis',(-0.992848212529714,0.,-0.119383528497661));
#4091=DIRECTION('ref_axis',(-0.119383528497661,0.,0.992848212529714));
#4092=DIRECTION('',(0.119383528497661,-2.20456589101684E-16,-0.992848212529714));
#4093=DIRECTION('',(0.119383528497661,0.,-0.992848212529714));
#4094=DIRECTION('',(0.,1.,0.));
#4095=DIRECTION('',(0.,1.,0.));
#4096=DIRECTION('',(0.,1.,0.));
#4097=DIRECTION('',(0.,1.,0.));
#4098=DIRECTION('',(0.,1.,0.));
#4099=DIRECTION('center_axis',(0.,0.,-1.));
#4100=DIRECTION('ref_axis',(-1.,0.,0.));
#4101=DIRECTION('',(1.,0.,0.));
#4102=DIRECTION('',(1.,0.,0.));
#4103=DIRECTION('',(0.,1.,0.));
#4104=DIRECTION('center_axis',(1.,0.,0.));
#4105=DIRECTION('ref_axis',(0.,0.,-1.));
#4106=DIRECTION('',(0.,2.22044604925031E-16,1.));
#4107=DIRECTION('',(0.,0.,1.));
#4108=DIRECTION('',(0.,1.,0.));
#4109=DIRECTION('center_axis',(0.,1.,0.));
#4110=DIRECTION('ref_axis',(0.,0.,1.));
#4111=DIRECTION('',(0.,1.,0.));
#4112=DIRECTION('',(0.,1.,0.));
#4113=DIRECTION('',(0.,1.,0.));
#4114=DIRECTION('',(0.,1.,0.));
#4115=DIRECTION('',(0.,1.,0.));
#4116=DIRECTION('center_axis',(1.,0.,0.));
#4117=DIRECTION('ref_axis',(0.,-3.60707630803398E-16,-1.));
#4118=DIRECTION('',(0.,2.22044604925031E-16,1.));
#4119=DIRECTION('',(0.,3.60707630803398E-16,1.));
#4120=DIRECTION('',(0.,1.,0.));
#4121=DIRECTION('center_axis',(0.,0.,1.));
#4122=DIRECTION('ref_axis',(1.,0.,0.));
#4123=DIRECTION('',(-1.,0.,0.));
#4124=DIRECTION('',(-1.,0.,0.));
#4125=DIRECTION('',(0.,1.,0.));
#4126=DIRECTION('center_axis',(-1.,0.,0.));
#4127=DIRECTION('ref_axis',(0.,0.,1.));
#4128=DIRECTION('',(0.,-2.22044604925031E-16,-1.));
#4129=DIRECTION('',(0.,0.,-1.));
#4130=DIRECTION('',(0.,1.,0.));
#4131=DIRECTION('',(0.,1.,0.));
#4132=DIRECTION('',(0.,1.,0.));
#4133=DIRECTION('',(0.,1.,0.));
#4134=DIRECTION('',(0.,1.,0.));
#4135=DIRECTION('center_axis',(0.,0.,-1.));
#4136=DIRECTION('ref_axis',(-1.,0.,0.));
#4137=DIRECTION('',(1.,0.,0.));
#4138=DIRECTION('',(1.,0.,0.));
#4139=DIRECTION('',(0.,1.,0.));
#4140=DIRECTION('center_axis',(1.,0.,0.));
#4141=DIRECTION('ref_axis',(0.,0.,-1.));
#4142=DIRECTION('',(0.,2.22044604925031E-16,1.));
#4143=DIRECTION('',(0.,0.,1.));
#4144=DIRECTION('center_axis',(0.,1.,0.));
#4145=DIRECTION('ref_axis',(0.,0.,1.));
#4146=DIRECTION('center_axis',(0.,1.,-2.22044604925031E-16));
#4147=DIRECTION('ref_axis',(1.,0.,0.));
#4148=DIRECTION('center_axis',(0.,1.,-2.22044604925031E-16));
#4149=DIRECTION('ref_axis',(1.,0.,0.));
#4150=DIRECTION('center_axis',(0.,1.,-2.22044604925031E-16));
#4151=DIRECTION('ref_axis',(0.,0.,1.));
#4152=DIRECTION('center_axis',(0.,0.,1.));
#4153=DIRECTION('ref_axis',(-1.,0.,0.));
#4154=DIRECTION('center_axis',(0.,1.,-2.22044604925031E-16));
#4155=DIRECTION('ref_axis',(-0.707106781186548,1.57009245868377E-16,0.707106781186548));
#4156=DIRECTION('center_axis',(-1.,0.,0.));
#4157=DIRECTION('ref_axis',(0.,-1.,0.));
#4158=DIRECTION('center_axis',(0.,-1.,2.22044604925031E-16));
#4159=DIRECTION('ref_axis',(-0.707106781186547,1.48029736616688E-16,0.707106781186547));
#4160=DIRECTION('center_axis',(-1.,0.,0.));
#4161=DIRECTION('ref_axis',(0.,-0.707106781186548,0.707106781186548));
#4162=DIRECTION('center_axis',(-1.,0.,1.11022302462516E-15));
#4163=DIRECTION('ref_axis',(0.,-1.,0.));
#4164=DIRECTION('',(-1.,0.,0.));
#4165=DIRECTION('',(1.,0.,0.));
#4166=DIRECTION('center_axis',(0.,1.,-2.22044604925031E-16));
#4167=DIRECTION('ref_axis',(0.,0.,1.));
#4168=DIRECTION('center_axis',(0.,0.,1.));
#4169=DIRECTION('ref_axis',(0.,-1.,0.));
#4170=DIRECTION('center_axis',(0.,-1.,2.22044604925031E-16));
#4171=DIRECTION('ref_axis',(0.707106781186548,1.48029736616688E-16,0.707106781186547));
#4172=DIRECTION('center_axis',(0.,1.,-2.22044604925031E-16));
#4173=DIRECTION('ref_axis',(0.707106781186548,1.57009245868377E-16,0.707106781186547));
#4174=DIRECTION('center_axis',(0.,2.22044604925031E-16,1.));
#4175=DIRECTION('ref_axis',(0.707106781186546,-0.707106781186549,0.));
#4176=DIRECTION('center_axis',(0.,0.,1.));
#4177=DIRECTION('ref_axis',(0.,-1.,0.));
#4178=DIRECTION('',(0.,2.22044604925031E-16,1.));
#4179=DIRECTION('',(0.,-2.22044604925031E-16,-1.));
#4180=DIRECTION('center_axis',(0.,1.,-2.22044604925031E-16));
#4181=DIRECTION('ref_axis',(0.,0.,1.));
#4182=DIRECTION('center_axis',(1.,0.,0.));
#4183=DIRECTION('ref_axis',(0.,-1.,0.));
#4184=DIRECTION('center_axis',(0.,-1.,2.22044604925031E-16));
#4185=DIRECTION('ref_axis',(0.707106781186547,-1.48029736616688E-16,-0.707106781186547));
#4186=DIRECTION('center_axis',(0.,1.,-2.22044604925031E-16));
#4187=DIRECTION('ref_axis',(0.707106781186547,-1.57009245868377E-16,-0.707106781186547));
#4188=DIRECTION('center_axis',(1.,0.,0.));
#4189=DIRECTION('ref_axis',(0.,-0.707106781186546,-0.707106781186549));
#4190=DIRECTION('center_axis',(1.,0.,0.));
#4191=DIRECTION('ref_axis',(0.,-1.,2.7755575615629E-16));
#4192=DIRECTION('',(1.,0.,0.));
#4193=DIRECTION('',(-1.,0.,0.));
#4194=DIRECTION('center_axis',(0.,1.,-2.22044604925031E-16));
#4195=DIRECTION('ref_axis',(0.,0.,1.));
#4196=DIRECTION('center_axis',(0.,0.,-1.));
#4197=DIRECTION('ref_axis',(0.,-1.,0.));
#4198=DIRECTION('center_axis',(0.,-1.,2.22044604925031E-16));
#4199=DIRECTION('ref_axis',(-0.707106781186547,-1.48029736616688E-16,-0.707106781186548));
#4200=DIRECTION('center_axis',(0.,1.,-2.22044604925031E-16));
#4201=DIRECTION('ref_axis',(-0.707106781186547,-1.57009245868377E-16,-0.707106781186548));
#4202=DIRECTION('center_axis',(0.,-2.22044604925031E-16,-1.));
#4203=DIRECTION('ref_axis',(-0.707106781186548,-0.707106781186548,0.));
#4204=DIRECTION('',(0.,2.22044604925031E-16,1.));
#4205=DIRECTION('',(0.,-2.22044604925031E-16,-1.));
#4206=DIRECTION('center_axis',(0.,-2.22044604925031E-16,-1.));
#4207=DIRECTION('ref_axis',(-1.,0.,0.));
#4208=DIRECTION('',(0.,-1.,2.22044604925031E-16));
#4209=DIRECTION('',(-1.,0.,0.));
#4210=DIRECTION('',(0.,1.,-2.22044604925031E-16));
#4211=DIRECTION('center_axis',(0.,1.,-2.22044604925031E-16));
#4212=DIRECTION('ref_axis',(-0.707106781186547,0.,-0.707106781186547));
#4213=DIRECTION('',(0.,1.,-2.22044604925031E-16));
#4214=DIRECTION('center_axis',(0.,1.,-2.22044604925031E-16));
#4215=DIRECTION('ref_axis',(-0.994936153005124,-1.85037170770859E-17,-0.100508962005208));
#4216=DIRECTION('',(0.,-1.,2.22044604925031E-16));
#4217=DIRECTION('center_axis',(0.,-1.,0.));
#4218=DIRECTION('ref_axis',(-1.,0.,2.96059473233375E-16));
#4219=DIRECTION('center_axis',(-1.,0.,0.));
#4220=DIRECTION('ref_axis',(0.,2.22044604925031E-16,1.));
#4221=DIRECTION('',(0.,1.,-2.22044604925031E-16));
#4222=DIRECTION('',(0.,2.22044604925031E-16,1.));
#4223=DIRECTION('center_axis',(0.,1.,-2.22044604925031E-16));
#4224=DIRECTION('ref_axis',(-1.,0.,0.));
#4225=DIRECTION('',(0.,1.,-2.22044604925031E-16));
#4226=DIRECTION('center_axis',(0.,1.,-2.22044604925031E-16));
#4227=DIRECTION('ref_axis',(-0.707106781186547,1.48029736616688E-16,0.707106781186547));
#4228=DIRECTION('center_axis',(0.,1.,-2.22044604925031E-16));
#4229=DIRECTION('ref_axis',(1.,0.,0.));
#4230=DIRECTION('center_axis',(0.,-1.,2.22044604925031E-16));
#4231=DIRECTION('ref_axis',(1.,0.,0.));
#4232=DIRECTION('center_axis',(0.,-1.,2.22044604925031E-16));
#4233=DIRECTION('ref_axis',(1.,0.,0.));
#4234=DIRECTION('center_axis',(0.,1.,-2.22044604925031E-16));
#4235=DIRECTION('ref_axis',(0.,0.,1.));
#4236=DIRECTION('center_axis',(0.,0.,-1.));
#4237=DIRECTION('ref_axis',(-1.,0.,0.));
#4238=DIRECTION('center_axis',(0.,-1.,2.22044604925031E-16));
#4239=DIRECTION('ref_axis',(-0.994936153005124,-2.23174727598714E-17,-0.100508962005208));
#4240=DIRECTION('center_axis',(0.,2.22044604925031E-16,1.));
#4241=DIRECTION('ref_axis',(-0.707106781186544,0.707106781186551,0.));
#4242=DIRECTION('center_axis',(0.,0.,-1.));
#4243=DIRECTION('ref_axis',(-1.,0.,0.));
#4244=DIRECTION('',(0.,-2.22044604925031E-16,-1.));
#4245=DIRECTION('center_axis',(0.,1.,-2.22044604925031E-16));
#4246=DIRECTION('ref_axis',(0.,0.,1.));
#4247=DIRECTION('center_axis',(-1.,0.,0.));
#4248=DIRECTION('ref_axis',(0.,0.,1.));
#4249=DIRECTION('center_axis',(0.,-1.,2.22044604925031E-16));
#4250=DIRECTION('ref_axis',(-0.707106781186548,1.57009245868377E-16,0.707106781186548));
#4251=DIRECTION('center_axis',(1.,0.,0.));
#4252=DIRECTION('ref_axis',(0.,0.707106781186548,0.707106781186548));
#4253=DIRECTION('center_axis',(-1.,0.,1.11022302462516E-15));
#4254=DIRECTION('ref_axis',(1.11022302462516E-15,0.,1.));
#4255=DIRECTION('',(-1.,0.,0.));
#4256=DIRECTION('',(1.,0.,0.));
#4257=DIRECTION('center_axis',(0.,1.,-2.22044604925031E-16));
#4258=DIRECTION('ref_axis',(0.,0.,1.));
#4259=DIRECTION('center_axis',(0.,0.,1.));
#4260=DIRECTION('ref_axis',(1.,0.,0.));
#4261=DIRECTION('center_axis',(0.,-1.,2.22044604925031E-16));
#4262=DIRECTION('ref_axis',(0.707106781186548,1.57009245868377E-16,0.707106781186547));
#4263=DIRECTION('center_axis',(0.,1.,-2.22044604925031E-16));
#4264=DIRECTION('ref_axis',(0.707106781186548,1.48029736616688E-16,0.707106781186547));
#4265=DIRECTION('center_axis',(0.,-2.22044604925031E-16,-1.));
#4266=DIRECTION('ref_axis',(0.707106781186549,0.707106781186546,0.));
#4267=DIRECTION('center_axis',(0.,0.,1.));
#4268=DIRECTION('ref_axis',(1.,0.,0.));
#4269=DIRECTION('',(0.,2.22044604925031E-16,1.));
#4270=DIRECTION('',(0.,-2.22044604925031E-16,-1.));
#4271=DIRECTION('center_axis',(0.,1.,-2.22044604925031E-16));
#4272=DIRECTION('ref_axis',(0.,0.,1.));
#4273=DIRECTION('center_axis',(0.,-1.,2.22044604925031E-16));
#4274=DIRECTION('ref_axis',(0.994936153005124,-2.23174727598714E-17,-0.100508962005208));
#4275=DIRECTION('center_axis',(0.,1.,-2.22044604925031E-16));
#4276=DIRECTION('ref_axis',(0.994936153005124,-1.85037170770859E-17,-0.100508962005208));
#4277=DIRECTION('center_axis',(0.,1.,-2.22044604925031E-16));
#4278=DIRECTION('ref_axis',(0.707106781186547,0.,-0.707106781186547));
#4279=DIRECTION('center_axis',(0.,-1.,0.));
#4280=DIRECTION('ref_axis',(0.,0.,-1.));
#4281=DIRECTION('',(0.,1.,-2.22044604925031E-16));
#4282=DIRECTION('',(0.,-1.,2.22044604925031E-16));
#4283=DIRECTION('center_axis',(1.,0.,0.));
#4284=DIRECTION('ref_axis',(0.,-2.22044604925031E-16,-1.));
#4285=DIRECTION('',(0.,1.,-2.22044604925031E-16));
#4286=DIRECTION('center_axis',(0.,1.,-2.22044604925031E-16));
#4287=DIRECTION('ref_axis',(1.48029736616688E-16,2.22044604925031E-16,1.));
#4288=DIRECTION('',(0.,1.,-2.22044604925031E-16));
#4289=DIRECTION('center_axis',(0.,2.22044604925031E-16,1.));
#4290=DIRECTION('ref_axis',(1.,0.,0.));
#4291=DIRECTION('center_axis',(0.,-2.22044604925031E-16,-1.));
#4292=DIRECTION('ref_axis',(-1.,0.,0.));
#4293=DIRECTION('center_axis',(1.,-2.26623325918418E-15,-8.05127789925629E-30));
#4294=DIRECTION('ref_axis',(0.,-3.5527136788005E-15,1.));
#4295=DIRECTION('center_axis',(0.,-2.22044604925031E-16,-1.));
#4296=DIRECTION('ref_axis',(0.577350269189626,0.816496580927726,-1.50050831576292E-16));
#4297=DIRECTION('center_axis',(0.,2.22044604925031E-16,1.));
#4298=DIRECTION('ref_axis',(0.577350269189626,0.816496580927726,-1.81298660734736E-16));
#4299=DIRECTION('center_axis',(0.,2.22044604925031E-16,1.));
#4300=DIRECTION('ref_axis',(1.,0.,0.));
#4301=DIRECTION('center_axis',(0.,-2.22044604925031E-16,-1.));
#4302=DIRECTION('ref_axis',(-0.707106781186547,0.707106781186548,-1.50050831576292E-16));
#4303=DIRECTION('center_axis',(1.,0.,0.));
#4304=DIRECTION('ref_axis',(0.,0.,1.));
#4305=DIRECTION('center_axis',(0.,2.22044604925031E-16,1.));
#4306=DIRECTION('ref_axis',(-0.707106781186547,0.707106781186547,-1.57009245868377E-16));
#4307=DIRECTION('center_axis',(0.,2.22044604925031E-16,1.));
#4308=DIRECTION('ref_axis',(1.,0.,0.));
#4309=DIRECTION('center_axis',(0.,2.22044604925031E-16,1.));
#4310=DIRECTION('ref_axis',(0.707106781186547,-0.707106781186547,1.57009245868377E-16));
#4311=DIRECTION('',(1.,0.,0.));
#4312=DIRECTION('',(-6.29006085879401E-33,-1.,2.22044604925031E-16));
#4313=DIRECTION('center_axis',(0.,-2.22044604925031E-16,-1.));
#4314=DIRECTION('ref_axis',(0.707106781186548,0.707106781186547,-1.57009245868377E-16));
#4315=DIRECTION('',(1.,0.,0.));
#4316=DIRECTION('center_axis',(0.,2.22044604925031E-16,1.));
#4317=DIRECTION('ref_axis',(1.,0.,0.));
#4318=DIRECTION('center_axis',(0.,-2.22044604925031E-16,-1.));
#4319=DIRECTION('ref_axis',(-0.942809041582063,-0.333333333333333,7.40148683083437E-17));
#4320=DIRECTION('',(1.,0.,0.));
#4321=DIRECTION('center_axis',(0.,-2.22044604925031E-16,-1.));
#4322=DIRECTION('ref_axis',(-0.707106781186548,0.707106781186548,-1.57009245868377E-16));
#4323=DIRECTION('',(-6.29006085879401E-33,1.,-2.22044604925031E-16));
#4324=DIRECTION('',(1.,0.,0.));
#4325=DIRECTION('center_axis',(-6.29006085879401E-33,1.,-2.22044604925031E-16));
#4326=DIRECTION('ref_axis',(-0.77459666924148,0.,0.632455532033679));
#4327=DIRECTION('center_axis',(0.,-1.,2.22044604925031E-16));
#4328=DIRECTION('ref_axis',(-0.77459666924148,0.,0.632455532033679));
#4329=DIRECTION('center_axis',(0.,-1.,0.));
#4330=DIRECTION('ref_axis',(0.,0.,1.));
#4331=DIRECTION('center_axis',(0.,-2.22044604925031E-16,-1.));
#4332=DIRECTION('ref_axis',(-1.,0.,0.));
#4333=DIRECTION('center_axis',(-1.,0.,0.));
#4334=DIRECTION('ref_axis',(0.,0.,1.));
#4335=DIRECTION('center_axis',(0.,2.22044604925031E-16,1.));
#4336=DIRECTION('ref_axis',(-0.707106781186547,0.707106781186547,-1.48029736616688E-16));
#4337=DIRECTION('center_axis',(1.,0.,0.));
#4338=DIRECTION('ref_axis',(0.,0.774596669241483,0.632455532033677));
#4339=DIRECTION('center_axis',(-1.,0.,0.));
#4340=DIRECTION('ref_axis',(0.,0.,1.));
#4341=DIRECTION('',(-1.,0.,0.));
#4342=DIRECTION('',(1.,0.,0.));
#4343=DIRECTION('center_axis',(0.,-2.22044604925031E-16,-1.));
#4344=DIRECTION('ref_axis',(-1.,0.,0.));
#4345=DIRECTION('center_axis',(0.,1.,0.));
#4346=DIRECTION('ref_axis',(0.,0.,1.));
#4347=DIRECTION('center_axis',(0.,2.22044604925031E-16,1.));
#4348=DIRECTION('ref_axis',(0.707106781186548,0.707106781186547,-1.48029736616688E-16));
#4349=DIRECTION('center_axis',(6.29006085879401E-33,1.,-2.22044604925031E-16));
#4350=DIRECTION('ref_axis',(0.774596669241483,0.,0.632455532033677));
#4351=DIRECTION('center_axis',(0.,-1.,2.22044604925031E-16));
#4352=DIRECTION('ref_axis',(0.774596669241483,0.,0.632455532033677));
#4353=DIRECTION('center_axis',(-1.,0.,0.));
#4354=DIRECTION('ref_axis',(0.,0.707106781186547,-0.707106781186548));
#4355=DIRECTION('center_axis',(-1.,0.,0.));
#4356=DIRECTION('ref_axis',(0.,1.,-2.96059473233375E-16));
#4357=DIRECTION('center_axis',(1.,0.,0.));
#4358=DIRECTION('ref_axis',(0.,0.,-1.));
#4359=DIRECTION('center_axis',(0.408248290463863,-0.816496580927726,-0.408248290463863));
#4360=DIRECTION('ref_axis',(0.577350269189626,0.577350269189626,-0.577350269189626));
#4361=DIRECTION('center_axis',(-0.408248290463863,-0.816496580927726,-0.408248290463863));
#4362=DIRECTION('ref_axis',(-0.577350269189626,0.577350269189625,-0.577350269189626));
#4363=DIRECTION('center_axis',(1.,0.,0.));
#4364=DIRECTION('ref_axis',(0.,-1.,4.44089209850063E-16));
#4365=DIRECTION('center_axis',(0.,-2.22044604925031E-16,-1.));
#4366=DIRECTION('ref_axis',(-0.577350269189626,-0.816496580927726,1.81298660734736E-16));
#4367=DIRECTION('center_axis',(-1.,-5.55111512312579E-16,0.));
#4368=DIRECTION('ref_axis',(-5.55111512312579E-16,1.,-4.44089209850063E-16));
#4369=DIRECTION('center_axis',(0.,-2.22044604925031E-16,-1.));
#4370=DIRECTION('ref_axis',(0.577350269189626,0.816496580927726,-1.81298660734736E-16));
#4371=DIRECTION('center_axis',(0.,-2.22044604925031E-16,-1.));
#4372=DIRECTION('ref_axis',(0.707106781186547,-0.707106781186548,1.57009245868378E-16));
#4373=DIRECTION('center_axis',(-1.,0.,0.));
#4374=DIRECTION('ref_axis',(0.,0.,-1.));
#4375=DIRECTION('center_axis',(-1.,0.,0.));
#4376=DIRECTION('ref_axis',(0.,0.707106781186547,-0.707106781186548));
#4377=DIRECTION('center_axis',(-1.,0.,0.));
#4378=DIRECTION('ref_axis',(0.,1.,-6.66133814775094E-16));
#4379=DIRECTION('',(1.,0.,0.));
#4380=DIRECTION('center_axis',(0.,-2.22044604925031E-16,-1.));
#4381=DIRECTION('ref_axis',(-0.707106781186547,0.707106781186548,-1.57009245868377E-16));
#4382=DIRECTION('center_axis',(1.,0.,0.));
#4383=DIRECTION('ref_axis',(0.,-0.707106781186548,-0.707106781186547));
#4384=DIRECTION('',(-1.,0.,0.));
#4385=DIRECTION('',(1.,0.,0.));
#4386=DIRECTION('center_axis',(0.,-2.22044604925031E-16,-1.));
#4387=DIRECTION('ref_axis',(-1.,0.,0.));
#4388=DIRECTION('center_axis',(0.,1.,-2.22044604925031E-16));
#4389=DIRECTION('ref_axis',(1.,0.,0.));
#4390=DIRECTION('center_axis',(0.,-1.,2.22044604925031E-16));
#4391=DIRECTION('ref_axis',(1.,0.,0.));
#4392=DIRECTION('center_axis',(0.,-1.,2.22044604925031E-16));
#4393=DIRECTION('ref_axis',(1.,0.,0.));
#4394=DIRECTION('center_axis',(0.,1.,-2.22044604925031E-16));
#4395=DIRECTION('ref_axis',(1.,0.,0.));
#4396=DIRECTION('',(0.,-1.,2.22044604925031E-16));
#4397=DIRECTION('center_axis',(0.,1.,-2.22044604925031E-16));
#4398=DIRECTION('ref_axis',(1.,0.,0.));
#4399=DIRECTION('',(0.,-1.,2.22044604925031E-16));
#4400=CARTESIAN_POINT('',(0.,0.,0.));
#4401=CARTESIAN_POINT('Ctrl Pts',(-26.4069861071142,-72.0041389179803,39.5799899101258));
#4402=CARTESIAN_POINT('Ctrl Pts',(-26.4069861071142,-69.0041389179803,39.5799899101258));
#4403=CARTESIAN_POINT('Ctrl Pts',(-26.1583775179418,-72.0041389179803,39.071958065033));
#4404=CARTESIAN_POINT('Ctrl Pts',(-26.1583775179418,-69.0041389179803,39.071958065033));
#4405=CARTESIAN_POINT('Ctrl Pts',(-25.3368824617895,-72.0041389179803,39.071958065033));
#4406=CARTESIAN_POINT('Ctrl Pts',(-25.3368824617895,-69.0041389179803,39.071958065033));
#4407=CARTESIAN_POINT('',(-25.3368824617895,-70.,39.071958065033));
#4408=CARTESIAN_POINT('',(-26.4069861071142,-70.,39.5799899101258));
#4409=CARTESIAN_POINT('Ctrl Pts',(-25.3368824617895,-70.,39.071958065033));
#4410=CARTESIAN_POINT('Ctrl Pts',(-25.8845458325577,-70.,39.071958065033));
#4411=CARTESIAN_POINT('Ctrl Pts',(-26.2412470476659,-70.,39.2413020133973));
#4412=CARTESIAN_POINT('Ctrl Pts',(-26.4069861071142,-70.,39.5799899101258));
#4413=CARTESIAN_POINT('',(-25.3368824617895,-72.0041389179803,39.071958065033));
#4414=CARTESIAN_POINT('',(-25.3368824617895,-72.0041389179803,39.071958065033));
#4415=CARTESIAN_POINT('',(-26.4069861071142,-72.0041389179803,39.5799899101258));
#4416=CARTESIAN_POINT('Ctrl Pts',(-25.3368824617895,-72.0041389179803,39.071958065033));
#4417=CARTESIAN_POINT('Ctrl Pts',(-26.1583775179418,-72.0041389179803,39.071958065033));
#4418=CARTESIAN_POINT('Ctrl Pts',(-26.4069861071142,-72.0041389179803,39.5799899101258));
#4419=CARTESIAN_POINT('',(-26.4069861071142,-72.0041389179803,39.5799899101258));
#4420=CARTESIAN_POINT('Ctrl Pts',(-26.6555994646581,-72.0041389179803,42.2498440742493));
#4421=CARTESIAN_POINT('Ctrl Pts',(-26.6555994646581,-69.0041389179803,42.2498440742493));
#4422=CARTESIAN_POINT('Ctrl Pts',(-26.6555994646581,-72.0041389179803,40.088016986847));
#4423=CARTESIAN_POINT('Ctrl Pts',(-26.6555994646581,-69.0041389179803,40.088016986847));
#4424=CARTESIAN_POINT('Ctrl Pts',(-26.4069861071142,-72.0041389179803,39.5799899101258));
#4425=CARTESIAN_POINT('Ctrl Pts',(-26.4069861071142,-69.0041389179803,39.5799899101258));
#4426=CARTESIAN_POINT('',(-26.6555994646581,-70.,42.2498440742493));
#4427=CARTESIAN_POINT('Ctrl Pts',(-26.4069861071142,-70.,39.5799899101258));
#4428=CARTESIAN_POINT('Ctrl Pts',(-26.5727283454768,-70.,39.9186746279399));
#4429=CARTESIAN_POINT('Ctrl Pts',(-26.6555994646581,-70.,40.8086260159811));
#4430=CARTESIAN_POINT('Ctrl Pts',(-26.6555994646581,-70.,42.2498440742493));
#4431=CARTESIAN_POINT('',(-26.6555994646581,-72.0041389179803,42.2498440742493));
#4432=CARTESIAN_POINT('Ctrl Pts',(-26.4069861071142,-72.0041389179803,39.5799899101258));
#4433=CARTESIAN_POINT('Ctrl Pts',(-26.6555994646581,-72.0041389179803,40.088016986847));
#4434=CARTESIAN_POINT('Ctrl Pts',(-26.6555994646581,-72.0041389179803,42.2498440742493));
#4435=CARTESIAN_POINT('',(-26.6555994646581,-72.0041389179803,42.2498440742493));
#4436=CARTESIAN_POINT('Origin',(-26.6555994646581,-72.0041389179803,48.1516361236573));
#4437=CARTESIAN_POINT('',(-26.6555994646581,-70.,48.1516361236573));
#4438=CARTESIAN_POINT('',(-26.6555994646581,-70.,46.5758180618286));
#4439=CARTESIAN_POINT('',(-26.6555994646581,-72.0041389179803,48.1516361236573));
#4440=CARTESIAN_POINT('',(-26.6555994646581,-72.0041389179803,42.2498440742493));
#4441=CARTESIAN_POINT('',(-26.6555994646581,-72.0041389179803,48.1516361236573));
#4442=CARTESIAN_POINT('Ctrl Pts',(-17.6083463327917,-72.0041389179803,35.2779507637024));
#4443=CARTESIAN_POINT('Ctrl Pts',(-17.6083463327917,-69.0041389179803,35.2779507637024));
#4444=CARTESIAN_POINT('Ctrl Pts',(-19.5215624468358,-72.0041389179803,33.9916634559632));
#4445=CARTESIAN_POINT('Ctrl Pts',(-19.5215624468358,-69.0041389179803,33.9916634559632));
#4446=CARTESIAN_POINT('Ctrl Pts',(-21.8130987780126,-72.0041389179803,33.9916634559632));
#4447=CARTESIAN_POINT('Ctrl Pts',(-21.8130987780126,-69.0041389179803,33.9916634559632));
#4448=CARTESIAN_POINT('',(-21.8130987780126,-70.,33.9916634559632));
#4449=CARTESIAN_POINT('',(-17.6083463327917,-70.,35.2779507637024));
#4450=CARTESIAN_POINT('Ctrl Pts',(-21.8130987780126,-70.,33.9916634559632));
#4451=CARTESIAN_POINT('Ctrl Pts',(-20.2854078905614,-70.,33.9916634559632));
#4452=CARTESIAN_POINT('Ctrl Pts',(-18.8838237421544,-70.,34.4204258918763));
#4453=CARTESIAN_POINT('Ctrl Pts',(-17.6083463327917,-70.,35.2779507637024));
#4454=CARTESIAN_POINT('',(-21.8130987780126,-72.0041389179803,33.9916634559632));
#4455=CARTESIAN_POINT('',(-21.8130987780126,-72.0041389179803,33.9916634559632));
#4456=CARTESIAN_POINT('',(-17.6083463327917,-72.0041389179803,35.2779507637024));
#4457=CARTESIAN_POINT('Ctrl Pts',(-21.8130987780126,-72.0041389179803,33.9916634559632));
#4458=CARTESIAN_POINT('Ctrl Pts',(-19.5215624468358,-72.0041389179803,33.9916634559632));
#4459=CARTESIAN_POINT('Ctrl Pts',(-17.6083463327917,-72.0041389179803,35.2779507637024));
#4460=CARTESIAN_POINT('',(-17.6083463327917,-72.0041389179803,35.2779507637024));
#4461=CARTESIAN_POINT('Ctrl Pts',(-15.6951278345617,-72.0041389179803,40.9095120429993));
#4462=CARTESIAN_POINT('Ctrl Pts',(-15.6951278345617,-69.0041389179803,40.9095120429993));
#4463=CARTESIAN_POINT('Ctrl Pts',(-15.6951278345617,-72.0041389179803,36.5642380714417));
#4464=CARTESIAN_POINT('Ctrl Pts',(-15.6951278345617,-69.0041389179803,36.5642380714417));
#4465=CARTESIAN_POINT('Ctrl Pts',(-17.6083463327917,-72.0041389179803,35.2779507637024));
#4466=CARTESIAN_POINT('Ctrl Pts',(-17.6083463327917,-69.0041389179803,35.2779507637024));
#4467=CARTESIAN_POINT('',(-15.6951278345617,-70.,40.9095120429993));
#4468=CARTESIAN_POINT('Ctrl Pts',(-17.6083463327917,-70.,35.2779507637024));
#4469=CARTESIAN_POINT('Ctrl Pts',(-16.3328673339717,-70.,36.1354756355286));
#4470=CARTESIAN_POINT('Ctrl Pts',(-15.6951278345617,-70.,38.0126627286276));
#4471=CARTESIAN_POINT('Ctrl Pts',(-15.6951278345617,-70.,40.9095120429993));
#4472=CARTESIAN_POINT('',(-15.6951278345617,-72.0041389179803,40.9095120429993));
#4473=CARTESIAN_POINT('Ctrl Pts',(-17.6083463327917,-72.0041389179803,35.2779507637024));
#4474=CARTESIAN_POINT('Ctrl Pts',(-15.6951278345617,-72.0041389179803,36.5642380714417));
#4475=CARTESIAN_POINT('Ctrl Pts',(-15.6951278345617,-72.0041389179803,40.9095120429993));
#4476=CARTESIAN_POINT('',(-15.6951278345617,-72.0041389179803,40.9095120429993));
#4477=CARTESIAN_POINT('Origin',(-15.6951278345617,-72.0041389179803,43.2659077644348));
#4478=CARTESIAN_POINT('',(-15.6951278345617,-70.,43.2659077644348));
#4479=CARTESIAN_POINT('',(-15.6951278345617,-70.,44.1329538822174));
#4480=CARTESIAN_POINT('',(-15.6951278345617,-72.0041389179803,43.2659077644348));
#4481=CARTESIAN_POINT('',(-15.6951278345617,-72.0041389179803,40.9095120429993));
#4482=CARTESIAN_POINT('',(-15.6951278345617,-72.0041389179803,43.2659077644348));
#4483=CARTESIAN_POINT('Ctrl Pts',(-16.7111867563756,-72.0041389179803,47.6544165611267));
#4484=CARTESIAN_POINT('Ctrl Pts',(-16.7111867563756,-69.0041389179803,47.6544165611267));
#4485=CARTESIAN_POINT('Ctrl Pts',(-15.6951278345617,-72.0041389179803,46.4870285987854));
#4486=CARTESIAN_POINT('Ctrl Pts',(-15.6951278345617,-69.0041389179803,46.4870285987854));
#4487=CARTESIAN_POINT('Ctrl Pts',(-15.6951278345617,-72.0041389179803,43.2659077644348));
#4488=CARTESIAN_POINT('Ctrl Pts',(-15.6951278345617,-69.0041389179803,43.2659077644348));
#4489=CARTESIAN_POINT('',(-16.7111867563756,-70.,47.6544165611267));
#4490=CARTESIAN_POINT('Ctrl Pts',(-15.6951278345617,-70.,43.2659077644348));
#4491=CARTESIAN_POINT('Ctrl Pts',(-15.6951278345617,-70.,45.4133216540019));
#4492=CARTESIAN_POINT('Ctrl Pts',(-16.033814141833,-70.,46.8761579195659));
#4493=CARTESIAN_POINT('Ctrl Pts',(-16.7111867563756,-70.,47.6544165611267));
#4494=CARTESIAN_POINT('',(-16.7111867563756,-72.0041389179803,47.6544165611267));
#4495=CARTESIAN_POINT('Ctrl Pts',(-15.6951278345617,-72.0041389179803,43.2659077644348));
#4496=CARTESIAN_POINT('Ctrl Pts',(-15.6951278345617,-72.0041389179803,46.4870285987854));
#4497=CARTESIAN_POINT('Ctrl Pts',(-16.7111867563756,-72.0041389179803,47.6544165611267));
#4498=CARTESIAN_POINT('',(-16.7111867563756,-72.0041389179803,47.6544165611267));
#4499=CARTESIAN_POINT('Ctrl Pts',(-21.7482465403112,-72.0041389179803,50.3783202171326));
#4500=CARTESIAN_POINT('Ctrl Pts',(-21.7482465403112,-69.0041389179803,50.3783202171326));
#4501=CARTESIAN_POINT('Ctrl Pts',(-17.7272480623754,-72.0041389179803,48.8218045234681));
#4502=CARTESIAN_POINT('Ctrl Pts',(-17.7272480623754,-69.0041389179803,48.8218045234681));
#4503=CARTESIAN_POINT('Ctrl Pts',(-16.7111867563756,-72.0041389179803,47.6544165611267));
#4504=CARTESIAN_POINT('Ctrl Pts',(-16.7111867563756,-69.0041389179803,47.6544165611267));
#4505=CARTESIAN_POINT('',(-21.7482465403112,-70.,50.3783202171326));
#4506=CARTESIAN_POINT('Ctrl Pts',(-16.7111867563756,-70.,47.6544165611267));
#4507=CARTESIAN_POINT('Ctrl Pts',(-17.3885609603755,-70.,48.4326752026876));
#4508=CARTESIAN_POINT('Ctrl Pts',(-19.067580888354,-70.,49.3406430880229));
#4509=CARTESIAN_POINT('Ctrl Pts',(-21.7482465403112,-70.,50.3783202171326));
#4510=CARTESIAN_POINT('',(-21.7482465403112,-72.0041389179803,50.3783202171326));
#4511=CARTESIAN_POINT('Ctrl Pts',(-16.7111867563756,-72.0041389179803,47.6544165611267));
#4512=CARTESIAN_POINT('Ctrl Pts',(-17.7272480623754,-72.0041389179803,48.8218045234681));
#4513=CARTESIAN_POINT('Ctrl Pts',(-21.7482465403112,-72.0041389179803,50.3783202171326));
#4514=CARTESIAN_POINT('',(-21.7482465403112,-72.0041389179803,50.3783202171326));
#4515=CARTESIAN_POINT('Ctrl Pts',(-26.3529413836034,-72.0041389179803,52.6482391357422));
#4516=CARTESIAN_POINT('Ctrl Pts',(-26.3529413836034,-69.0041389179803,52.6482391357422));
#4517=CARTESIAN_POINT('Ctrl Pts',(-26.0502833025487,-72.0041389179803,52.0645451545716));
#4518=CARTESIAN_POINT('Ctrl Pts',(-26.0502833025487,-69.0041389179803,52.0645451545716));
#4519=CARTESIAN_POINT('Ctrl Pts',(-21.7482465403112,-72.0041389179803,50.3783202171326));
#4520=CARTESIAN_POINT('Ctrl Pts',(-21.7482465403112,-69.0041389179803,50.3783202171326));
#4521=CARTESIAN_POINT('',(-26.3529413836034,-70.,52.6482391357422));
#4522=CARTESIAN_POINT('Ctrl Pts',(-21.7482465403112,-70.,50.3783202171326));
#4523=CARTESIAN_POINT('Ctrl Pts',(-24.6162710484695,-70.,51.5024701754253));
#4524=CARTESIAN_POINT('Ctrl Pts',(-26.151169329567,-70.,52.2591098149618));
#4525=CARTESIAN_POINT('Ctrl Pts',(-26.3529413836034,-70.,52.6482391357422));
#4526=CARTESIAN_POINT('',(-26.3529413836034,-72.0041389179803,52.6482391357422));
#4527=CARTESIAN_POINT('Ctrl Pts',(-21.7482465403112,-72.0041389179803,50.3783202171326));
#4528=CARTESIAN_POINT('Ctrl Pts',(-26.0502833025487,-72.0041389179803,52.0645451545716));
#4529=CARTESIAN_POINT('Ctrl Pts',(-26.3529413836034,-72.0041389179803,52.6482391357422));
#4530=CARTESIAN_POINT('',(-26.3529413836034,-72.0041389179803,52.6482391357422));
#4531=CARTESIAN_POINT('Ctrl Pts',(-26.6555994646581,-72.0041389179803,55.0262498855591));
#4532=CARTESIAN_POINT('Ctrl Pts',(-26.6555994646581,-69.0041389179803,55.0262498855591));
#4533=CARTESIAN_POINT('Ctrl Pts',(-26.6555994646581,-72.0041389179803,53.2319331169129));
#4534=CARTESIAN_POINT('Ctrl Pts',(-26.6555994646581,-69.0041389179803,53.2319331169129));
#4535=CARTESIAN_POINT('Ctrl Pts',(-26.3529413836034,-72.0041389179803,52.6482391357422));
#4536=CARTESIAN_POINT('Ctrl Pts',(-26.3529413836034,-69.0041389179803,52.6482391357422));
#4537=CARTESIAN_POINT('',(-26.6555994646581,-70.,55.0262498855591));
#4538=CARTESIAN_POINT('Ctrl Pts',(-26.3529413836034,-70.,52.6482391357422));
#4539=CARTESIAN_POINT('Ctrl Pts',(-26.5547134376399,-70.,53.0373684565227));
#4540=CARTESIAN_POINT('Ctrl Pts',(-26.6555994646581,-70.,53.8300387064616));
#4541=CARTESIAN_POINT('Ctrl Pts',(-26.6555994646581,-70.,55.0262498855591));
#4542=CARTESIAN_POINT('',(-26.6555994646581,-72.0041389179803,55.0262498855591));
#4543=CARTESIAN_POINT('Ctrl Pts',(-26.3529413836034,-72.0041389179803,52.6482391357422));
#4544=CARTESIAN_POINT('Ctrl Pts',(-26.6555994646581,-72.0041389179803,53.2319331169129));
#4545=CARTESIAN_POINT('Ctrl Pts',(-26.6555994646581,-72.0041389179803,55.0262498855591));
#4546=CARTESIAN_POINT('',(-26.6555994646581,-72.0041389179803,55.0262498855591));
#4547=CARTESIAN_POINT('Ctrl Pts',(-26.3205164568456,-72.0041389179803,57.9555273056031));
#4548=CARTESIAN_POINT('Ctrl Pts',(-26.3205164568456,-69.0041389179803,57.9555273056031));
#4549=CARTESIAN_POINT('Ctrl Pts',(-26.6555994646581,-72.0041389179803,57.2745513916016));
#4550=CARTESIAN_POINT('Ctrl Pts',(-26.6555994646581,-69.0041389179803,57.2745513916016));
#4551=CARTESIAN_POINT('Ctrl Pts',(-26.6555994646581,-72.0041389179803,55.0262498855591));
#4552=CARTESIAN_POINT('Ctrl Pts',(-26.6555994646581,-69.0041389179803,55.0262498855591));
#4553=CARTESIAN_POINT('',(-26.3205164568456,-70.,57.9555273056031));
#4554=CARTESIAN_POINT('Ctrl Pts',(-26.6555994646581,-70.,55.0262498855591));
#4555=CARTESIAN_POINT('Ctrl Pts',(-26.6555994646581,-70.,56.5251175562541));
#4556=CARTESIAN_POINT('Ctrl Pts',(-26.5439051287206,-70.,57.5015433629354));
#4557=CARTESIAN_POINT('Ctrl Pts',(-26.3205164568456,-70.,57.9555273056031));
#4558=CARTESIAN_POINT('',(-26.3205164568456,-72.0041389179803,57.9555273056031));
#4559=CARTESIAN_POINT('Ctrl Pts',(-26.6555994646581,-72.0041389179803,55.0262498855591));
#4560=CARTESIAN_POINT('Ctrl Pts',(-26.6555994646581,-72.0041389179803,57.2745513916016));
#4561=CARTESIAN_POINT('Ctrl Pts',(-26.3205164568456,-72.0041389179803,57.9555273056031));
#4562=CARTESIAN_POINT('',(-26.3205164568456,-72.0041389179803,57.9555273056031));
#4563=CARTESIAN_POINT('Ctrl Pts',(-25.207173218015,-72.0041389179803,58.6365032196045));
#4564=CARTESIAN_POINT('Ctrl Pts',(-25.207173218015,-69.0041389179803,58.6365032196045));
#4565=CARTESIAN_POINT('Ctrl Pts',(-25.9854334490331,-72.0041389179803,58.6365032196045));
#4566=CARTESIAN_POINT('Ctrl Pts',(-25.9854334490331,-69.0041389179803,58.6365032196045));
#4567=CARTESIAN_POINT('Ctrl Pts',(-26.3205164568456,-72.0041389179803,57.9555273056031));
#4568=CARTESIAN_POINT('Ctrl Pts',(-26.3205164568456,-69.0041389179803,57.9555273056031));
#4569=CARTESIAN_POINT('',(-25.207173218015,-70.,58.6365032196045));
#4570=CARTESIAN_POINT('Ctrl Pts',(-26.3205164568456,-70.,57.9555273056031));
#4571=CARTESIAN_POINT('Ctrl Pts',(-26.0971277849706,-70.,58.4095112482707));
#4572=CARTESIAN_POINT('Ctrl Pts',(-25.7260133720271,-70.,58.6365032196045));
#4573=CARTESIAN_POINT('Ctrl Pts',(-25.207173218015,-70.,58.6365032196045));
#4574=CARTESIAN_POINT('',(-25.207173218015,-72.0041389179803,58.6365032196045));
#4575=CARTESIAN_POINT('Ctrl Pts',(-26.3205164568456,-72.0041389179803,57.9555273056031));
#4576=CARTESIAN_POINT('Ctrl Pts',(-25.9854334490331,-72.0041389179803,58.6365032196045));
#4577=CARTESIAN_POINT('Ctrl Pts',(-25.207173218015,-72.0041389179803,58.6365032196045));
#4578=CARTESIAN_POINT('',(-25.207173218015,-72.0041389179803,58.6365032196045));
#4579=CARTESIAN_POINT('Ctrl Pts',(-24.1046398775609,-72.0041389179803,58.0636191368103));
#4580=CARTESIAN_POINT('Ctrl Pts',(-24.1046398775609,-69.0041389179803,58.0636191368103));
#4581=CARTESIAN_POINT('Ctrl Pts',(-24.3208235399755,-72.0041389179803,58.6365032196045));
#4582=CARTESIAN_POINT('Ctrl Pts',(-24.3208235399755,-69.0041389179803,58.6365032196045));
#4583=CARTESIAN_POINT('Ctrl Pts',(-25.207173218015,-72.0041389179803,58.6365032196045));
#4584=CARTESIAN_POINT('Ctrl Pts',(-25.207173218015,-69.0041389179803,58.6365032196045));
#4585=CARTESIAN_POINT('',(-24.1046398775609,-70.,58.0636191368103));
#4586=CARTESIAN_POINT('Ctrl Pts',(-25.207173218015,-70.,58.6365032196045));
#4587=CARTESIAN_POINT('Ctrl Pts',(-24.6162734326553,-70.,58.6365032196045));
#4588=CARTESIAN_POINT('Ctrl Pts',(-24.2487623191706,-70.,58.4455418586731));
#4589=CARTESIAN_POINT('Ctrl Pts',(-24.1046398775609,-70.,58.0636191368103));
#4590=CARTESIAN_POINT('',(-24.1046398775609,-72.0041389179803,58.0636191368103));
#4591=CARTESIAN_POINT('Ctrl Pts',(-25.207173218015,-72.0041389179803,58.6365032196045));
#4592=CARTESIAN_POINT('Ctrl Pts',(-24.3208235399755,-72.0041389179803,58.6365032196045));
#4593=CARTESIAN_POINT('Ctrl Pts',(-24.1046398775609,-72.0041389179803,58.0636191368103));
#4594=CARTESIAN_POINT('',(-24.1046398775609,-72.0041389179803,58.0636191368103));
#4595=CARTESIAN_POINT('Ctrl Pts',(-23.8884562151464,-72.0041389179803,55.0911045074463));
#4596=CARTESIAN_POINT('Ctrl Pts',(-23.8884562151464,-69.0041389179803,55.0911045074463));
#4597=CARTESIAN_POINT('Ctrl Pts',(-23.8884562151464,-72.0041389179803,57.4907350540161));
#4598=CARTESIAN_POINT('Ctrl Pts',(-23.8884562151464,-69.0041389179803,57.4907350540161));
#4599=CARTESIAN_POINT('Ctrl Pts',(-24.1046398775609,-72.0041389179803,58.0636191368103));
#4600=CARTESIAN_POINT('Ctrl Pts',(-24.1046398775609,-69.0041389179803,58.0636191368103));
#4601=CARTESIAN_POINT('',(-23.8884562151464,-70.,55.0911045074463));
#4602=CARTESIAN_POINT('Ctrl Pts',(-24.1046398775609,-70.,58.0636191368103));
#4603=CARTESIAN_POINT('Ctrl Pts',(-23.9605174359512,-70.,57.6816964149475));
#4604=CARTESIAN_POINT('Ctrl Pts',(-23.8884562151464,-70.,56.6908582051595));
#4605=CARTESIAN_POINT('Ctrl Pts',(-23.8884562151464,-70.,55.0911045074463));
#4606=CARTESIAN_POINT('',(-23.8884562151464,-72.0041389179803,55.0911045074463));
#4607=CARTESIAN_POINT('Ctrl Pts',(-24.1046398775609,-72.0041389179803,58.0636191368103));
#4608=CARTESIAN_POINT('Ctrl Pts',(-23.8884562151464,-72.0041389179803,57.4907350540161));
#4609=CARTESIAN_POINT('Ctrl Pts',(-23.8884562151464,-72.0041389179803,55.0911045074463));
#4610=CARTESIAN_POINT('',(-23.8884562151464,-72.0041389179803,55.0911045074463));
#4611=CARTESIAN_POINT('Origin',(-23.8884562151464,-72.0041389179803,52.0861649513245));
#4612=CARTESIAN_POINT('',(-23.8884562151464,-70.,52.0861649513245));
#4613=CARTESIAN_POINT('',(-23.8884562151464,-70.,48.5430824756622));
#4614=CARTESIAN_POINT('',(-23.8884562151464,-72.0041389179803,52.0861649513245));
#4615=CARTESIAN_POINT('',(-23.8884562151464,-72.0041389179803,55.0911045074463));
#4616=CARTESIAN_POINT('',(-23.8884562151464,-72.0041389179803,52.0861649513245));
#4617=CARTESIAN_POINT('Ctrl Pts',(-24.2235392229589,-72.0041389179803,45.5790638923645));
#4618=CARTESIAN_POINT('Ctrl Pts',(-24.2235392229589,-69.0041389179803,45.5790638923645));
#4619=CARTESIAN_POINT('Ctrl Pts',(-24.5586222307714,-72.0041389179803,46.6167378425598));
#4620=CARTESIAN_POINT('Ctrl Pts',(-24.5586222307714,-69.0041389179803,46.6167378425598));
#4621=CARTESIAN_POINT('Ctrl Pts',(-26.6555994646581,-72.0041389179803,48.1516361236573));
#4622=CARTESIAN_POINT('Ctrl Pts',(-26.6555994646581,-69.0041389179803,48.1516361236573));
#4623=CARTESIAN_POINT('',(-24.2235392229589,-70.,45.5790638923645));
#4624=CARTESIAN_POINT('Ctrl Pts',(-26.6555994646581,-70.,48.1516361236573));
#4625=CARTESIAN_POINT('Ctrl Pts',(-25.257614642067,-70.,47.1283706029256));
#4626=CARTESIAN_POINT('Ctrl Pts',(-24.4469278948339,-70.,46.2708465258281));
#4627=CARTESIAN_POINT('Ctrl Pts',(-24.2235392229589,-70.,45.5790638923645));
#4628=CARTESIAN_POINT('',(-24.2235392229589,-72.0041389179803,45.5790638923645));
#4629=CARTESIAN_POINT('Ctrl Pts',(-26.6555994646581,-72.0041389179803,48.1516361236573));
#4630=CARTESIAN_POINT('Ctrl Pts',(-24.5586222307714,-72.0041389179803,46.6167378425598));
#4631=CARTESIAN_POINT('Ctrl Pts',(-24.2235392229589,-72.0041389179803,45.5790638923645));
#4632=CARTESIAN_POINT('',(-24.2235392229589,-72.0041389179803,45.5790638923645));
#4633=CARTESIAN_POINT('Ctrl Pts',(-23.8884562151464,-72.0041389179803,42.5957369804383));
#4634=CARTESIAN_POINT('Ctrl Pts',(-23.8884562151464,-69.0041389179803,42.5957369804383));
#4635=CARTESIAN_POINT('Ctrl Pts',(-23.8884562151464,-72.0041389179803,44.5413804054261));
#4636=CARTESIAN_POINT('Ctrl Pts',(-23.8884562151464,-69.0041389179803,44.5413804054261));
#4637=CARTESIAN_POINT('Ctrl Pts',(-24.2235392229589,-72.0041389179803,45.5790638923645));
#4638=CARTESIAN_POINT('Ctrl Pts',(-24.2235392229589,-69.0041389179803,45.5790638923645));
#4639=CARTESIAN_POINT('',(-23.8884562151464,-70.,42.5957369804383));
#4640=CARTESIAN_POINT('Ctrl Pts',(-24.2235392229589,-70.,45.5790638923645));
#4641=CARTESIAN_POINT('Ctrl Pts',(-24.0001505510839,-70.,44.8872749010722));
#4642=CARTESIAN_POINT('Ctrl Pts',(-23.8884562151464,-70.,43.8928325970968));
#4643=CARTESIAN_POINT('Ctrl Pts',(-23.8884562151464,-70.,42.5957369804383));
#4644=CARTESIAN_POINT('',(-23.8884562151464,-72.0041389179803,42.5957369804383));
#4645=CARTESIAN_POINT('Ctrl Pts',(-24.2235392229589,-72.0041389179803,45.5790638923645));
#4646=CARTESIAN_POINT('Ctrl Pts',(-23.8884562151464,-72.0041389179803,44.5413804054261));
#4647=CARTESIAN_POINT('Ctrl Pts',(-23.8884562151464,-72.0041389179803,42.5957369804383));
#4648=CARTESIAN_POINT('',(-23.8884562151464,-72.0041389179803,42.5957369804383));
#4649=CARTESIAN_POINT('Ctrl Pts',(-24.1803043978246,-72.0041389179803,39.7205090522766));
#4650=CARTESIAN_POINT('Ctrl Pts',(-24.1803043978246,-69.0041389179803,39.7205090522766));
#4651=CARTESIAN_POINT('Ctrl Pts',(-23.8884562151464,-72.0041389179803,40.3690552711487));
#4652=CARTESIAN_POINT('Ctrl Pts',(-23.8884562151464,-69.0041389179803,40.3690552711487));
#4653=CARTESIAN_POINT('Ctrl Pts',(-23.8884562151464,-72.0041389179803,42.5957369804383));
#4654=CARTESIAN_POINT('Ctrl Pts',(-23.8884562151464,-69.0041389179803,42.5957369804383));
#4655=CARTESIAN_POINT('',(-24.1803043978246,-70.,39.7205090522766));
#4656=CARTESIAN_POINT('Ctrl Pts',(-23.8884562151464,-70.,42.5957369804383));
#4657=CARTESIAN_POINT('Ctrl Pts',(-23.8884562151464,-70.,41.1112825075786));
#4658=CARTESIAN_POINT('Ctrl Pts',(-23.9857389427058,-70.,40.1528731981914));
#4659=CARTESIAN_POINT('Ctrl Pts',(-24.1803043978246,-70.,39.7205090522766));
#4660=CARTESIAN_POINT('',(-24.1803043978246,-72.0041389179803,39.7205090522766));
#4661=CARTESIAN_POINT('Ctrl Pts',(-23.8884562151464,-72.0041389179803,42.5957369804383));
#4662=CARTESIAN_POINT('Ctrl Pts',(-23.8884562151464,-72.0041389179803,40.3690552711487));
#4663=CARTESIAN_POINT('Ctrl Pts',(-24.1803043978246,-72.0041389179803,39.7205090522766));
#4664=CARTESIAN_POINT('',(-24.1803043978246,-72.0041389179803,39.7205090522766));
#4665=CARTESIAN_POINT('Ctrl Pts',(-25.3368824617895,-72.0041389179803,39.071958065033));
#4666=CARTESIAN_POINT('Ctrl Pts',(-25.3368824617895,-69.0041389179803,39.071958065033));
#4667=CARTESIAN_POINT('Ctrl Pts',(-24.4721525805028,-72.0041389179803,39.071958065033));
#4668=CARTESIAN_POINT('Ctrl Pts',(-24.4721525805028,-69.0041389179803,39.071958065033));
#4669=CARTESIAN_POINT('Ctrl Pts',(-24.1803043978246,-72.0041389179803,39.7205090522766));
#4670=CARTESIAN_POINT('Ctrl Pts',(-24.1803043978246,-69.0041389179803,39.7205090522766));
#4671=CARTESIAN_POINT('Ctrl Pts',(-24.1803043978246,-70.,39.7205090522766));
#4672=CARTESIAN_POINT('Ctrl Pts',(-24.3748698529434,-70.,39.2881417274475));
#4673=CARTESIAN_POINT('Ctrl Pts',(-24.760395874265,-70.,39.071958065033));
#4674=CARTESIAN_POINT('Ctrl Pts',(-25.3368824617895,-70.,39.071958065033));
#4675=CARTESIAN_POINT('Ctrl Pts',(-24.1803043978246,-72.0041389179803,39.7205090522766));
#4676=CARTESIAN_POINT('Ctrl Pts',(-24.4721525805028,-72.0041389179803,39.071958065033));
#4677=CARTESIAN_POINT('Ctrl Pts',(-25.3368824617895,-72.0041389179803,39.071958065033));
#4678=CARTESIAN_POINT('Origin',(-15.6951278345617,-72.0041389179803,52.0861649513245));
#4679=CARTESIAN_POINT('',(-15.6951278345617,-70.,52.0861649513245));
#4680=CARTESIAN_POINT('',(-37.8475639172808,-70.,52.0861649513245));
#4681=CARTESIAN_POINT('',(-15.6951278345617,-72.0041389179803,52.0861649513245));
#4682=CARTESIAN_POINT('',(-23.8884562151464,-72.0041389179803,52.0861649513245));
#4683=CARTESIAN_POINT('',(-15.6951278345617,-72.0041389179803,52.0861649513245));
#4684=CARTESIAN_POINT('Origin',(-15.6951278345617,-72.0041389179803,54.0101909637452));
#4685=CARTESIAN_POINT('',(-15.6951278345617,-70.,54.0101909637452));
#4686=CARTESIAN_POINT('',(-15.6951278345617,-70.,49.5050954818726));
#4687=CARTESIAN_POINT('',(-15.6951278345617,-72.0041389179803,54.0101909637452));
#4688=CARTESIAN_POINT('',(-15.6951278345617,-72.0041389179803,52.0861649513245));
#4689=CARTESIAN_POINT('',(-15.6951278345617,-72.0041389179803,54.0101909637452));
#4690=CARTESIAN_POINT('Ctrl Pts',(-16.4625757830175,-72.0041389179803,59.1445326805115));
#4691=CARTESIAN_POINT('Ctrl Pts',(-16.4625757830175,-69.0041389179803,59.1445326805115));
#4692=CARTESIAN_POINT('Ctrl Pts',(-15.6951278345617,-72.0041389179803,57.3394060134888));
#4693=CARTESIAN_POINT('Ctrl Pts',(-15.6951278345617,-69.0041389179803,57.3394060134888));
#4694=CARTESIAN_POINT('Ctrl Pts',(-15.6951278345617,-72.0041389179803,54.0101909637452));
#4695=CARTESIAN_POINT('Ctrl Pts',(-15.6951278345617,-69.0041389179803,54.0101909637452));
#4696=CARTESIAN_POINT('',(-16.4625757830175,-70.,59.1445326805115));
#4697=CARTESIAN_POINT('Ctrl Pts',(-15.6951278345617,-70.,54.0101909637452));
#4698=CARTESIAN_POINT('Ctrl Pts',(-15.6951278345617,-70.,56.2296676635743));
#4699=CARTESIAN_POINT('Ctrl Pts',(-15.9509438173803,-70.,57.9411149024964));
#4700=CARTESIAN_POINT('Ctrl Pts',(-16.4625757830175,-70.,59.1445326805115));
#4701=CARTESIAN_POINT('',(-16.4625757830175,-72.0041389179803,59.1445326805115));
#4702=CARTESIAN_POINT('Ctrl Pts',(-15.6951278345617,-72.0041389179803,54.0101909637452));
#4703=CARTESIAN_POINT('Ctrl Pts',(-15.6951278345617,-72.0041389179803,57.3394060134888));
#4704=CARTESIAN_POINT('Ctrl Pts',(-16.4625757830175,-72.0041389179803,59.1445326805115));
#4705=CARTESIAN_POINT('',(-16.4625757830175,-72.0041389179803,59.1445326805115));
#4706=CARTESIAN_POINT('Ctrl Pts',(-19.5431822435888,-72.0041389179803,62.3332309722901));
#4707=CARTESIAN_POINT('Ctrl Pts',(-19.5431822435888,-69.0041389179803,62.3332309722901));
#4708=CARTESIAN_POINT('Ctrl Pts',(-17.2300261156591,-72.0041389179803,60.9496593475342));
#4709=CARTESIAN_POINT('Ctrl Pts',(-17.2300261156591,-69.0041389179803,60.9496593475342));
#4710=CARTESIAN_POINT('Ctrl Pts',(-16.4625757830175,-72.0041389179803,59.1445326805115));
#4711=CARTESIAN_POINT('Ctrl Pts',(-16.4625757830175,-69.0041389179803,59.1445326805115));
#4712=CARTESIAN_POINT('',(-19.5431822435888,-70.,62.3332309722901));
#4713=CARTESIAN_POINT('Ctrl Pts',(-16.4625757830175,-70.,59.1445326805115));
#4714=CARTESIAN_POINT('Ctrl Pts',(-16.9742093381119,-70.,60.3479504585266));
#4715=CARTESIAN_POINT('Ctrl Pts',(-18.0010781583023,-70.,61.4108498891195));
#4716=CARTESIAN_POINT('Ctrl Pts',(-19.5431822435888,-70.,62.3332309722901));
#4717=CARTESIAN_POINT('',(-19.5431822435888,-72.0041389179803,62.3332309722901));
#4718=CARTESIAN_POINT('Ctrl Pts',(-16.4625757830175,-72.0041389179803,59.1445326805115));
#4719=CARTESIAN_POINT('Ctrl Pts',(-17.2300261156591,-72.0041389179803,60.9496593475342));
#4720=CARTESIAN_POINT('Ctrl Pts',(-19.5431822435888,-72.0041389179803,62.3332309722901));
#4721=CARTESIAN_POINT('',(-19.5431822435888,-72.0041389179803,62.3332309722901));
#4722=CARTESIAN_POINT('Ctrl Pts',(-25.553066124204,-72.0041389179803,63.7168002128601));
#4723=CARTESIAN_POINT('Ctrl Pts',(-25.553066124204,-69.0041389179803,63.7168002128601));
#4724=CARTESIAN_POINT('Ctrl Pts',(-21.8563383715185,-72.0041389179803,63.7168002128601));
#4725=CARTESIAN_POINT('Ctrl Pts',(-21.8563383715185,-69.0041389179803,63.7168002128601));
#4726=CARTESIAN_POINT('Ctrl Pts',(-19.5431822435888,-72.0041389179803,62.3332309722901));
#4727=CARTESIAN_POINT('Ctrl Pts',(-19.5431822435888,-69.0041389179803,62.3332309722901));
#4728=CARTESIAN_POINT('',(-25.553066124204,-70.,63.7168002128601));
#4729=CARTESIAN_POINT('Ctrl Pts',(-19.5431822435888,-70.,62.3332309722901));
#4730=CARTESIAN_POINT('Ctrl Pts',(-21.0852863288752,-70.,63.2556104660035));
#4731=CARTESIAN_POINT('Ctrl Pts',(-23.088580955747,-70.,63.7168002128601));
#4732=CARTESIAN_POINT('Ctrl Pts',(-25.553066124204,-70.,63.7168002128601));
#4733=CARTESIAN_POINT('',(-25.553066124204,-72.0041389179803,63.7168002128601));
#4734=CARTESIAN_POINT('Ctrl Pts',(-19.5431822435888,-72.0041389179803,62.3332309722901));
#4735=CARTESIAN_POINT('Ctrl Pts',(-21.8563383715185,-72.0041389179803,63.7168002128601));
#4736=CARTESIAN_POINT('Ctrl Pts',(-25.553066124204,-72.0041389179803,63.7168002128601));
#4737=CARTESIAN_POINT('',(-25.553066124204,-72.0041389179803,63.7168002128601));
#4738=CARTESIAN_POINT('Ctrl Pts',(-32.2331160204442,-72.0041389179803,62.1494746208191));
#4739=CARTESIAN_POINT('Ctrl Pts',(-32.2331160204442,-69.0041389179803,62.1494746208191));
#4740=CARTESIAN_POINT('Ctrl Pts',(-29.9848145144018,-72.0041389179803,63.7168002128601));
#4741=CARTESIAN_POINT('Ctrl Pts',(-29.9848145144018,-69.0041389179803,63.7168002128601));
#4742=CARTESIAN_POINT('Ctrl Pts',(-25.553066124204,-72.0041389179803,63.7168002128601));
#4743=CARTESIAN_POINT('Ctrl Pts',(-25.553066124204,-69.0041389179803,63.7168002128601));
#4744=CARTESIAN_POINT('',(-32.2331160204442,-70.,62.1494746208191));
#4745=CARTESIAN_POINT('Ctrl Pts',(-25.553066124204,-70.,63.7168002128601));
#4746=CARTESIAN_POINT('Ctrl Pts',(-28.5075650510025,-70.,63.7168002128601));
#4747=CARTESIAN_POINT('Ctrl Pts',(-30.7342483497493,-70.,63.1943583488465));
#4748=CARTESIAN_POINT('Ctrl Pts',(-32.2331160204442,-70.,62.1494746208191));
#4749=CARTESIAN_POINT('',(-32.2331160204442,-72.0041389179803,62.1494746208191));
#4750=CARTESIAN_POINT('Ctrl Pts',(-25.553066124204,-72.0041389179803,63.7168002128601));
#4751=CARTESIAN_POINT('Ctrl Pts',(-29.9848145144018,-72.0041389179803,63.7168002128601));
#4752=CARTESIAN_POINT('Ctrl Pts',(-32.2331160204442,-72.0041389179803,62.1494746208191));
#4753=CARTESIAN_POINT('',(-32.2331160204442,-72.0041389179803,62.1494746208191));
#4754=CARTESIAN_POINT('Ctrl Pts',(-34.9353998796972,-72.0041389179803,58.301420211792));
#4755=CARTESIAN_POINT('Ctrl Pts',(-34.9353998796972,-69.0041389179803,58.301420211792));
#4756=CARTESIAN_POINT('Ctrl Pts',(-34.4814175264867,-72.0041389179803,60.5821490287781));
#4757=CARTESIAN_POINT('Ctrl Pts',(-34.4814175264867,-69.0041389179803,60.5821490287781));
#4758=CARTESIAN_POINT('Ctrl Pts',(-32.2331160204442,-72.0041389179803,62.1494746208191));
#4759=CARTESIAN_POINT('Ctrl Pts',(-32.2331160204442,-69.0041389179803,62.1494746208191));
#4760=CARTESIAN_POINT('',(-34.9353998796972,-70.,58.301420211792));
#4761=CARTESIAN_POINT('Ctrl Pts',(-32.2331160204442,-70.,62.1494746208191));
#4762=CARTESIAN_POINT('Ctrl Pts',(-33.7319836911392,-70.,61.1045908927918));
#4763=CARTESIAN_POINT('Ctrl Pts',(-34.6327449775569,-70.,59.8219060897828));
#4764=CARTESIAN_POINT('Ctrl Pts',(-34.9353998796972,-70.,58.301420211792));
#4765=CARTESIAN_POINT('',(-34.9353998796972,-72.0041389179803,58.301420211792));
#4766=CARTESIAN_POINT('Ctrl Pts',(-32.2331160204442,-72.0041389179803,62.1494746208191));
#4767=CARTESIAN_POINT('Ctrl Pts',(-34.4814175264867,-72.0041389179803,60.5821490287781));
#4768=CARTESIAN_POINT('Ctrl Pts',(-34.9353998796972,-72.0041389179803,58.301420211792));
#4769=CARTESIAN_POINT('',(-34.9353998796972,-72.0041389179803,58.301420211792));
#4770=CARTESIAN_POINT('Ctrl Pts',(-35.3893822329076,-72.0041389179803,48.9082765579224));
#4771=CARTESIAN_POINT('Ctrl Pts',(-35.3893822329076,-69.0041389179803,48.9082765579224));
#4772=CARTESIAN_POINT('Ctrl Pts',(-35.3893822329076,-72.0041389179803,56.0206913948059));
#4773=CARTESIAN_POINT('Ctrl Pts',(-35.3893822329076,-69.0041389179803,56.0206913948059));
#4774=CARTESIAN_POINT('Ctrl Pts',(-34.9353998796972,-72.0041389179803,58.301420211792));
#4775=CARTESIAN_POINT('Ctrl Pts',(-34.9353998796972,-69.0041389179803,58.301420211792));
#4776=CARTESIAN_POINT('',(-35.3893822329076,-70.,48.9082765579224));
#4777=CARTESIAN_POINT('Ctrl Pts',(-34.9353998796972,-70.,58.301420211792));
#4778=CARTESIAN_POINT('Ctrl Pts',(-35.2380547818375,-70.,56.7809343338013));
#4779=CARTESIAN_POINT('Ctrl Pts',(-35.3893822329076,-70.,53.6498864491781));
#4780=CARTESIAN_POINT('Ctrl Pts',(-35.3893822329076,-70.,48.9082765579224));
#4781=CARTESIAN_POINT('',(-35.3893822329076,-72.0041389179803,48.9082765579224));
#4782=CARTESIAN_POINT('Ctrl Pts',(-34.9353998796972,-72.0041389179803,58.301420211792));
#4783=CARTESIAN_POINT('Ctrl Pts',(-35.3893822329076,-72.0041389179803,56.0206913948059));
#4784=CARTESIAN_POINT('Ctrl Pts',(-35.3893822329076,-72.0041389179803,48.9082765579224));
#4785=CARTESIAN_POINT('',(-35.3893822329076,-72.0041389179803,48.9082765579224));
#4786=CARTESIAN_POINT('Origin',(-35.3893822329076,-72.0041389179803,34.5105004310608));
#4787=CARTESIAN_POINT('',(-35.3893822329076,-70.,34.5105004310608));
#4788=CARTESIAN_POINT('',(-35.3893822329076,-70.,39.7552502155304));
#4789=CARTESIAN_POINT('',(-35.3893822329076,-72.0041389179803,34.5105004310608));
#4790=CARTESIAN_POINT('',(-35.3893822329076,-72.0041389179803,48.9082765579224));
#4791=CARTESIAN_POINT('',(-35.3893822329076,-72.0041389179803,34.5105004310608));
#4792=CARTESIAN_POINT('Origin',(-26.893398155454,-72.0041389179803,34.5105004310608));
#4793=CARTESIAN_POINT('',(-26.893398155454,-70.,34.5105004310608));
#4794=CARTESIAN_POINT('',(-43.446699077727,-70.,34.5105004310608));
#4795=CARTESIAN_POINT('',(-26.893398155454,-72.0041389179803,34.5105004310608));
#4796=CARTESIAN_POINT('',(-35.3893822329076,-72.0041389179803,34.5105004310608));
#4797=CARTESIAN_POINT('',(-26.893398155454,-72.0041389179803,34.5105004310608));
#4798=CARTESIAN_POINT('Origin',(-26.893398155454,-72.0041389179803,37.0668625831604));
#4799=CARTESIAN_POINT('',(-26.893398155454,-70.,37.0668625831604));
#4800=CARTESIAN_POINT('',(-26.893398155454,-70.,41.0334312915802));
#4801=CARTESIAN_POINT('',(-26.893398155454,-72.0041389179803,37.0668625831604));
#4802=CARTESIAN_POINT('',(-26.893398155454,-72.0041389179803,34.5105004310608));
#4803=CARTESIAN_POINT('',(-26.893398155454,-72.0041389179803,37.0668625831604));
#4804=CARTESIAN_POINT('Ctrl Pts',(-24.8288553850683,-72.0041389179803,34.7604632377625));
#4805=CARTESIAN_POINT('Ctrl Pts',(-24.8288553850683,-69.0041389179803,34.7604632377625));
#4806=CARTESIAN_POINT('Ctrl Pts',(-26.0935228960546,-72.0041389179803,35.5292630195618));
#4807=CARTESIAN_POINT('Ctrl Pts',(-26.0935228960546,-69.0041389179803,35.5292630195618));
#4808=CARTESIAN_POINT('Ctrl Pts',(-26.893398155454,-72.0041389179803,37.0668625831604));
#4809=CARTESIAN_POINT('Ctrl Pts',(-26.893398155454,-69.0041389179803,37.0668625831604));
#4810=CARTESIAN_POINT('',(-24.8288553850683,-70.,34.7604632377625));
#4811=CARTESIAN_POINT('Ctrl Pts',(-26.893398155454,-70.,37.0668625831604));
#4812=CARTESIAN_POINT('Ctrl Pts',(-26.3601479825211,-70.,36.041796207428));
#4813=CARTESIAN_POINT('Ctrl Pts',(-25.6719670590591,-70.,35.2729964256287));
#4814=CARTESIAN_POINT('Ctrl Pts',(-24.8288553850683,-70.,34.7604632377625));
#4815=CARTESIAN_POINT('',(-24.8288553850683,-72.0041389179803,34.7604632377625));
#4816=CARTESIAN_POINT('Ctrl Pts',(-26.893398155454,-72.0041389179803,37.0668625831604));
#4817=CARTESIAN_POINT('Ctrl Pts',(-26.0935228960546,-72.0041389179803,35.5292630195618));
#4818=CARTESIAN_POINT('Ctrl Pts',(-24.8288553850683,-72.0041389179803,34.7604632377625));
#4819=CARTESIAN_POINT('',(-24.8288553850683,-72.0041389179803,34.7604632377625));
#4820=CARTESIAN_POINT('Ctrl Pts',(-21.8130987780126,-72.0041389179803,33.9916634559632));
#4821=CARTESIAN_POINT('Ctrl Pts',(-21.8130987780126,-69.0041389179803,33.9916634559632));
#4822=CARTESIAN_POINT('Ctrl Pts',(-23.5641831057103,-72.0041389179803,33.9916634559632));
#4823=CARTESIAN_POINT('Ctrl Pts',(-23.5641831057103,-69.0041389179803,33.9916634559632));
#4824=CARTESIAN_POINT('Ctrl Pts',(-24.8288553850683,-72.0041389179803,34.7604632377625));
#4825=CARTESIAN_POINT('Ctrl Pts',(-24.8288553850683,-69.0041389179803,34.7604632377625));
#4826=CARTESIAN_POINT('Ctrl Pts',(-24.8288553850683,-70.,34.7604632377625));
#4827=CARTESIAN_POINT('Ctrl Pts',(-23.985740532163,-70.,34.2479300498963));
#4828=CARTESIAN_POINT('Ctrl Pts',(-22.9804883298111,-70.,33.9916634559632));
#4829=CARTESIAN_POINT('Ctrl Pts',(-21.8130987780126,-70.,33.9916634559632));
#4830=CARTESIAN_POINT('Ctrl Pts',(-24.8288553850683,-72.0041389179803,34.7604632377625));
#4831=CARTESIAN_POINT('Ctrl Pts',(-23.5641831057103,-72.0041389179803,33.9916634559632));
#4832=CARTESIAN_POINT('Ctrl Pts',(-21.8130987780126,-72.0041389179803,33.9916634559632));
#4833=CARTESIAN_POINT('Origin',(-61.0827159779104,-72.0041389179803,50.));
#4834=CARTESIAN_POINT('Ctrl Pts',(-112.923366417173,-72.0041389179803,57.9231023788453));
#4835=CARTESIAN_POINT('Ctrl Pts',(-112.923366417173,-69.0041389179803,57.9231023788453));
#4836=CARTESIAN_POINT('Ctrl Pts',(-113.171970237974,-72.0041389179803,57.2096967697144));
#4837=CARTESIAN_POINT('Ctrl Pts',(-113.171970237974,-69.0041389179803,57.2096967697144));
#4838=CARTESIAN_POINT('Ctrl Pts',(-113.171970237974,-72.0041389179803,54.7019767761231));
#4839=CARTESIAN_POINT('Ctrl Pts',(-113.171970237974,-69.0041389179803,54.7019767761231));
#4840=CARTESIAN_POINT('',(-113.171970237974,-70.,54.7019767761231));
#4841=CARTESIAN_POINT('',(-112.923366417173,-70.,57.9231023788453));
#4842=CARTESIAN_POINT('Ctrl Pts',(-113.171970237974,-70.,54.7019767761231));
#4843=CARTESIAN_POINT('Ctrl Pts',(-113.171970237974,-70.,55.3451404553958));
#4844=CARTESIAN_POINT('Ctrl Pts',(-113.159705620727,-70.,56.1147477361314));
#4845=CARTESIAN_POINT('Ctrl Pts',(-113.071071930801,-70.,57.263162297755));
#4846=CARTESIAN_POINT('Ctrl Pts',(-113.011499689813,-70.,57.6701908554012));
#4847=CARTESIAN_POINT('Ctrl Pts',(-112.923366417173,-70.,57.9231023788452));
#4848=CARTESIAN_POINT('',(-113.171970237974,-72.0041389179803,54.7019767761231));
#4849=CARTESIAN_POINT('',(-113.171970237974,-72.0041389179803,54.7019767761231));
#4850=CARTESIAN_POINT('',(-112.923366417173,-72.0041389179803,57.9231023788453));
#4851=CARTESIAN_POINT('Ctrl Pts',(-113.171970237974,-72.0041389179803,54.7019767761231));
#4852=CARTESIAN_POINT('Ctrl Pts',(-113.171970237974,-72.0041389179803,57.2096967697144));
#4853=CARTESIAN_POINT('Ctrl Pts',(-112.923366417173,-72.0041389179803,57.9231023788453));
#4854=CARTESIAN_POINT('',(-112.923366417173,-72.0041389179803,57.9231023788453));
#4855=CARTESIAN_POINT('Ctrl Pts',(-111.810027946714,-72.0041389179803,58.6365056037903));
#4856=CARTESIAN_POINT('Ctrl Pts',(-111.810027946714,-69.0041389179803,58.6365056037903));
#4857=CARTESIAN_POINT('Ctrl Pts',(-112.674743522886,-72.0041389179803,58.6365056037903));
#4858=CARTESIAN_POINT('Ctrl Pts',(-112.674743522886,-69.0041389179803,58.6365056037903));
#4859=CARTESIAN_POINT('Ctrl Pts',(-112.923366417173,-72.0041389179803,57.9231023788453));
#4860=CARTESIAN_POINT('Ctrl Pts',(-112.923366417173,-69.0041389179803,57.9231023788453));
#4861=CARTESIAN_POINT('',(-111.810027946714,-70.,58.6365056037903));
#4862=CARTESIAN_POINT('Ctrl Pts',(-112.923366417173,-70.,57.9231023788453));
#4863=CARTESIAN_POINT('Ctrl Pts',(-112.757617820981,-70.,58.3987045288086));
#4864=CARTESIAN_POINT('Ctrl Pts',(-112.386504997495,-70.,58.6365056037903));
#4865=CARTESIAN_POINT('Ctrl Pts',(-111.810027946714,-70.,58.6365056037903));
#4866=CARTESIAN_POINT('',(-111.810027946714,-72.0041389179803,58.6365056037903));
#4867=CARTESIAN_POINT('Ctrl Pts',(-112.923366417173,-72.0041389179803,57.9231023788453));
#4868=CARTESIAN_POINT('Ctrl Pts',(-112.674743522886,-72.0041389179803,58.6365056037903));
#4869=CARTESIAN_POINT('Ctrl Pts',(-111.810027946714,-72.0041389179803,58.6365056037903));
#4870=CARTESIAN_POINT('',(-111.810027946714,-72.0041389179803,58.6365056037903));
#4871=CARTESIAN_POINT('Ctrl Pts',(-110.729114403013,-72.0041389179803,57.9014825820923));
#4872=CARTESIAN_POINT('Ctrl Pts',(-110.729114403013,-69.0041389179803,57.9014825820923));
#4873=CARTESIAN_POINT('Ctrl Pts',(-111.010143150571,-72.0041389179803,58.6365056037903));
#4874=CARTESIAN_POINT('Ctrl Pts',(-111.010143150571,-69.0041389179803,58.6365056037903));
#4875=CARTESIAN_POINT('Ctrl Pts',(-111.810027946714,-72.0041389179803,58.6365056037903));
#4876=CARTESIAN_POINT('Ctrl Pts',(-111.810027946714,-69.0041389179803,58.6365056037903));
#4877=CARTESIAN_POINT('',(-110.729114403013,-70.,57.9014825820923));
#4878=CARTESIAN_POINT('Ctrl Pts',(-111.810027946714,-70.,58.6365056037903));
#4879=CARTESIAN_POINT('Ctrl Pts',(-111.276771415952,-70.,58.6365056037903));
#4880=CARTESIAN_POINT('Ctrl Pts',(-110.916466901385,-70.,58.391497929891));
#4881=CARTESIAN_POINT('Ctrl Pts',(-110.729114403013,-70.,57.9014825820923));
#4882=CARTESIAN_POINT('',(-110.729114403013,-72.0041389179803,57.9014825820923));
#4883=CARTESIAN_POINT('Ctrl Pts',(-111.810027946714,-72.0041389179803,58.6365056037903));
#4884=CARTESIAN_POINT('Ctrl Pts',(-111.010143150571,-72.0041389179803,58.6365056037903));
#4885=CARTESIAN_POINT('Ctrl Pts',(-110.729114403013,-72.0041389179803,57.9014825820923));
#4886=CARTESIAN_POINT('',(-110.729114403013,-72.0041389179803,57.9014825820923));
#4887=CARTESIAN_POINT('Ctrl Pts',(-110.448066581968,-72.0041389179803,54.9830150604248));
#4888=CARTESIAN_POINT('Ctrl Pts',(-110.448066581968,-69.0041389179803,54.9830150604248));
#4889=CARTESIAN_POINT('Ctrl Pts',(-110.448066581968,-72.0041389179803,57.1664619445801));
#4890=CARTESIAN_POINT('Ctrl Pts',(-110.448066581968,-69.0041389179803,57.1664619445801));
#4891=CARTESIAN_POINT('Ctrl Pts',(-110.729114403013,-72.0041389179803,57.9014825820923));
#4892=CARTESIAN_POINT('Ctrl Pts',(-110.729114403013,-69.0041389179803,57.9014825820923));
#4893=CARTESIAN_POINT('',(-110.448066581968,-70.,54.9830150604248));
#4894=CARTESIAN_POINT('Ctrl Pts',(-110.729114403013,-70.,57.9014825820923));
#4895=CARTESIAN_POINT('Ctrl Pts',(-110.541749188983,-70.,57.4114688237508));
#4896=CARTESIAN_POINT('Ctrl Pts',(-110.448066581968,-70.,56.4386463165284));
#4897=CARTESIAN_POINT('Ctrl Pts',(-110.448066581968,-70.,54.9830150604248));
#4898=CARTESIAN_POINT('',(-110.448066581968,-72.0041389179803,54.9830150604248));
#4899=CARTESIAN_POINT('Ctrl Pts',(-110.729114403013,-72.0041389179803,57.9014825820923));
#4900=CARTESIAN_POINT('Ctrl Pts',(-110.448066581968,-72.0041389179803,57.1664619445801));
#4901=CARTESIAN_POINT('Ctrl Pts',(-110.448066581968,-72.0041389179803,54.9830150604248));
#4902=CARTESIAN_POINT('',(-110.448066581968,-72.0041389179803,54.9830150604248));
#4903=CARTESIAN_POINT('Origin',(-110.448066581968,-72.0041389179803,34.5105004310608));
#4904=CARTESIAN_POINT('',(-110.448066581968,-70.,34.5105004310608));
#4905=CARTESIAN_POINT('',(-110.448066581968,-70.,39.7552502155304));
#4906=CARTESIAN_POINT('',(-110.448066581968,-72.0041389179803,34.5105004310608));
#4907=CARTESIAN_POINT('',(-110.448066581968,-72.0041389179803,54.9830150604248));
#4908=CARTESIAN_POINT('',(-110.448066581968,-72.0041389179803,34.5105004310608));
#4909=CARTESIAN_POINT('Origin',(-101.714279045347,-72.0041389179803,34.5105004310608));
#4910=CARTESIAN_POINT('',(-101.714279045347,-70.,34.5105004310608));
#4911=CARTESIAN_POINT('',(-80.8571395226733,-70.,34.5105004310608));
#4912=CARTESIAN_POINT('',(-101.714279045347,-72.0041389179803,34.5105004310608));
#4913=CARTESIAN_POINT('',(-110.448066581968,-72.0041389179803,34.5105004310608));
#4914=CARTESIAN_POINT('',(-101.714279045347,-72.0041389179803,34.5105004310608));
#4915=CARTESIAN_POINT('Origin',(-101.714279045347,-72.0041389179803,69.5105004310608));
#4916=CARTESIAN_POINT('',(-101.714279045347,-70.,69.5105004310608));
#4917=CARTESIAN_POINT('',(-101.714279045347,-70.,57.2552502155304));
#4918=CARTESIAN_POINT('',(-101.714279045347,-72.0041389179803,69.5105004310608));
#4919=CARTESIAN_POINT('',(-101.714279045347,-72.0041389179803,34.5105004310608));
#4920=CARTESIAN_POINT('',(-101.714279045347,-72.0041389179803,69.5105004310608));
#4921=CARTESIAN_POINT('Origin',(-110.448066581968,-72.0041389179803,69.5105004310608));
#4922=CARTESIAN_POINT('',(-110.448066581968,-70.,69.5105004310608));
#4923=CARTESIAN_POINT('',(-85.2240332909838,-70.,69.5105004310608));
#4924=CARTESIAN_POINT('',(-110.448066581968,-72.0041389179803,69.5105004310608));
#4925=CARTESIAN_POINT('',(-101.714279045347,-72.0041389179803,69.5105004310608));
#4926=CARTESIAN_POINT('',(-110.448066581968,-72.0041389179803,69.5105004310608));
#4927=CARTESIAN_POINT('Origin',(-110.448066581968,-72.0041389179803,61.6360425949097));
#4928=CARTESIAN_POINT('',(-110.448066581968,-70.,61.6360425949097));
#4929=CARTESIAN_POINT('',(-110.448066581968,-70.,53.3180212974548));
#4930=CARTESIAN_POINT('',(-110.448066581968,-72.0041389179803,61.6360425949097));
#4931=CARTESIAN_POINT('',(-110.448066581968,-72.0041389179803,69.5105004310608));
#4932=CARTESIAN_POINT('',(-110.448066581968,-72.0041389179803,61.6360425949097));
#4933=CARTESIAN_POINT('Ctrl Pts',(-112.880126823667,-72.0041389179803,63.196611404419));
#4934=CARTESIAN_POINT('Ctrl Pts',(-112.880126823667,-69.0041389179803,63.196611404419));
#4935=CARTESIAN_POINT('Ctrl Pts',(-111.572219719175,-72.0041389179803,62.676420211792));
#4936=CARTESIAN_POINT('Ctrl Pts',(-111.572219719175,-69.0041389179803,62.676420211792));
#4937=CARTESIAN_POINT('Ctrl Pts',(-110.448066581968,-72.0041389179803,61.6360425949097));
#4938=CARTESIAN_POINT('Ctrl Pts',(-110.448066581968,-69.0041389179803,61.6360425949097));
#4939=CARTESIAN_POINT('',(-112.880126823667,-70.,63.196611404419));
#4940=CARTESIAN_POINT('Ctrl Pts',(-110.448066581968,-70.,61.6360425949097));
#4941=CARTESIAN_POINT('Ctrl Pts',(-111.197502006772,-70.,62.3296276728313));
#4942=CARTESIAN_POINT('Ctrl Pts',(-112.008188754005,-70.,62.849817276001));
#4943=CARTESIAN_POINT('Ctrl Pts',(-112.880126823667,-70.,63.196611404419));
#4944=CARTESIAN_POINT('',(-112.880126823667,-72.0041389179803,63.196611404419));
#4945=CARTESIAN_POINT('Ctrl Pts',(-110.448066581968,-72.0041389179803,61.6360425949097));
#4946=CARTESIAN_POINT('Ctrl Pts',(-111.572219719175,-72.0041389179803,62.676420211792));
#4947=CARTESIAN_POINT('Ctrl Pts',(-112.880126823667,-72.0041389179803,63.196611404419));
#4948=CARTESIAN_POINT('',(-112.880126823667,-72.0041389179803,63.196611404419));
#4949=CARTESIAN_POINT('Ctrl Pts',(-115.679694999936,-72.0041389179803,63.7168002128601));
#4950=CARTESIAN_POINT('Ctrl Pts',(-115.679694999936,-69.0041389179803,63.7168002128601));
#4951=CARTESIAN_POINT('Ctrl Pts',(-114.188033928159,-72.0041389179803,63.7168002128601));
#4952=CARTESIAN_POINT('Ctrl Pts',(-114.188033928159,-69.0041389179803,63.7168002128601));
#4953=CARTESIAN_POINT('Ctrl Pts',(-112.880126823667,-72.0041389179803,63.196611404419));
#4954=CARTESIAN_POINT('Ctrl Pts',(-112.880126823667,-69.0041389179803,63.196611404419));
#4955=CARTESIAN_POINT('',(-115.679694999936,-70.,63.7168002128601));
#4956=CARTESIAN_POINT('Ctrl Pts',(-112.880126823667,-70.,63.196611404419));
#4957=CARTESIAN_POINT('Ctrl Pts',(-113.752064893328,-70.,63.5434039433798));
#4958=CARTESIAN_POINT('Ctrl Pts',(-114.685254285418,-70.,63.7168002128601));
#4959=CARTESIAN_POINT('Ctrl Pts',(-115.679694999936,-70.,63.7168002128601));
#4960=CARTESIAN_POINT('',(-115.679694999936,-72.0041389179803,63.7168002128601));
#4961=CARTESIAN_POINT('Ctrl Pts',(-112.880126823667,-72.0041389179803,63.196611404419));
#4962=CARTESIAN_POINT('Ctrl Pts',(-114.188033928159,-72.0041389179803,63.7168002128601));
#4963=CARTESIAN_POINT('Ctrl Pts',(-115.679694999936,-72.0041389179803,63.7168002128601));
#4964=CARTESIAN_POINT('',(-115.679694999936,-72.0041389179803,63.7168002128601));
#4965=CARTESIAN_POINT('Ctrl Pts',(-119.581786979917,-72.0041389179803,62.5494146347046));
#4966=CARTESIAN_POINT('Ctrl Pts',(-119.581786979917,-69.0041389179803,62.5494146347046));
#4967=CARTESIAN_POINT('Ctrl Pts',(-117.971240867856,-72.0041389179803,63.7168002128601));
#4968=CARTESIAN_POINT('Ctrl Pts',(-117.971240867856,-69.0041389179803,63.7168002128601));
#4969=CARTESIAN_POINT('Ctrl Pts',(-115.679694999936,-72.0041389179803,63.7168002128601));
#4970=CARTESIAN_POINT('Ctrl Pts',(-115.679694999936,-69.0041389179803,63.7168002128601));
#4971=CARTESIAN_POINT('',(-119.581786979917,-70.,62.5494146347046));
#4972=CARTESIAN_POINT('Ctrl Pts',(-115.679694999936,-70.,63.7168002128601));
#4973=CARTESIAN_POINT('Ctrl Pts',(-117.207392245216,-70.,63.7168002128601));
#4974=CARTESIAN_POINT('Ctrl Pts',(-118.508089571877,-70.,63.3276716868083));
#4975=CARTESIAN_POINT('Ctrl Pts',(-119.581786979917,-70.,62.5494146347046));
#4976=CARTESIAN_POINT('',(-119.581786979917,-72.0041389179803,62.5494146347046));
#4977=CARTESIAN_POINT('Ctrl Pts',(-115.679694999936,-72.0041389179803,63.7168002128601));
#4978=CARTESIAN_POINT('Ctrl Pts',(-117.971240867856,-72.0041389179803,63.7168002128601));
#4979=CARTESIAN_POINT('Ctrl Pts',(-119.581786979917,-72.0041389179803,62.5494146347046));
#4980=CARTESIAN_POINT('',(-119.581786979917,-72.0041389179803,62.5494146347046));
#4981=CARTESIAN_POINT('Ctrl Pts',(-121.549064506772,-72.0041389179803,59.8579382896424));
#4982=CARTESIAN_POINT('Ctrl Pts',(-121.549064506772,-69.0041389179803,59.8579382896424));
#4983=CARTESIAN_POINT('Ctrl Pts',(-121.192352165464,-72.0041389179803,61.3820266723633));
#4984=CARTESIAN_POINT('Ctrl Pts',(-121.192352165464,-69.0041389179803,61.3820266723633));
#4985=CARTESIAN_POINT('Ctrl Pts',(-119.581786979917,-72.0041389179803,62.5494146347046));
#4986=CARTESIAN_POINT('Ctrl Pts',(-119.581786979917,-69.0041389179803,62.5494146347046));
#4987=CARTESIAN_POINT('',(-121.549064506772,-70.,59.8579382896424));
#4988=CARTESIAN_POINT('Ctrl Pts',(-119.581786979917,-70.,62.5494146347046));
#4989=CARTESIAN_POINT('Ctrl Pts',(-120.655497103615,-70.,61.7711559931438));
#4990=CARTESIAN_POINT('Ctrl Pts',(-121.311256279233,-70.,60.8739972114563));
#4991=CARTESIAN_POINT('Ctrl Pts',(-121.549064506772,-70.,59.8579382896424));
#4992=CARTESIAN_POINT('',(-121.549064506772,-72.0041389179803,59.8579382896424));
#4993=CARTESIAN_POINT('Ctrl Pts',(-119.581786979917,-72.0041389179803,62.5494146347046));
#4994=CARTESIAN_POINT('Ctrl Pts',(-121.192352165464,-72.0041389179803,61.3820266723633));
#4995=CARTESIAN_POINT('Ctrl Pts',(-121.549064506772,-72.0041389179803,59.8579382896424));
#4996=CARTESIAN_POINT('',(-121.549064506772,-72.0041389179803,59.8579382896424));
#4997=CARTESIAN_POINT('Ctrl Pts',(-121.905757774595,-72.0041389179803,54.2912292480469));
#4998=CARTESIAN_POINT('Ctrl Pts',(-121.905757774595,-69.0041389179803,54.2912292480469));
#4999=CARTESIAN_POINT('Ctrl Pts',(-121.905757774595,-72.0041389179803,58.3338475227356));
#5000=CARTESIAN_POINT('Ctrl Pts',(-121.905757774595,-69.0041389179803,58.3338475227356));
#5001=CARTESIAN_POINT('Ctrl Pts',(-121.549064506772,-72.0041389179803,59.8579382896424));
#5002=CARTESIAN_POINT('Ctrl Pts',(-121.549064506772,-69.0041389179803,59.8579382896424));
#5003=CARTESIAN_POINT('',(-121.905757774595,-70.,54.2912292480469));
#5004=CARTESIAN_POINT('Ctrl Pts',(-121.549064506772,-70.,59.8579382896424));
#5005=CARTESIAN_POINT('Ctrl Pts',(-121.786860018654,-70.,58.8418777783712));
#5006=CARTESIAN_POINT('Ctrl Pts',(-121.905757774595,-70.,56.9863080978394));
#5007=CARTESIAN_POINT('Ctrl Pts',(-121.905757774595,-70.,54.2912292480469));
#5008=CARTESIAN_POINT('',(-121.905757774595,-72.0041389179803,54.2912292480469));
#5009=CARTESIAN_POINT('Ctrl Pts',(-121.549064506772,-72.0041389179803,59.8579382896424));
#5010=CARTESIAN_POINT('Ctrl Pts',(-121.905757774595,-72.0041389179803,58.3338475227356));
#5011=CARTESIAN_POINT('Ctrl Pts',(-121.905757774595,-72.0041389179803,54.2912292480469));
#5012=CARTESIAN_POINT('',(-121.905757774595,-72.0041389179803,54.2912292480469));
#5013=CARTESIAN_POINT('Origin',(-121.905757774595,-72.0041389179803,34.5105004310608));
#5014=CARTESIAN_POINT('',(-121.905757774595,-70.,34.5105004310608));
#5015=CARTESIAN_POINT('',(-121.905757774595,-70.,39.7552502155304));
#5016=CARTESIAN_POINT('',(-121.905757774595,-72.0041389179803,34.5105004310608));
#5017=CARTESIAN_POINT('',(-121.905757774595,-72.0041389179803,54.2912292480469));
#5018=CARTESIAN_POINT('',(-121.905757774595,-72.0041389179803,34.5105004310608));
#5019=CARTESIAN_POINT('Origin',(-113.171970237974,-72.0041389179803,34.5105004310608));
#5020=CARTESIAN_POINT('',(-113.171970237974,-70.,34.5105004310608));
#5021=CARTESIAN_POINT('',(-86.5859851189868,-70.,34.5105004310608));
#5022=CARTESIAN_POINT('',(-113.171970237974,-72.0041389179803,34.5105004310608));
#5023=CARTESIAN_POINT('',(-121.905757774595,-72.0041389179803,34.5105004310608));
#5024=CARTESIAN_POINT('',(-113.171970237974,-72.0041389179803,34.5105004310608));
#5025=CARTESIAN_POINT('Origin',(-113.171970237974,-72.0041389179803,54.7019767761231));
#5026=CARTESIAN_POINT('',(-113.171970237974,-70.,49.8509883880615));
#5027=CARTESIAN_POINT('',(-113.171970237974,-72.0041389179803,34.5105004310608));
#5028=CARTESIAN_POINT('Origin',(-61.0827159779104,-72.0041389179803,50.));
#5029=CARTESIAN_POINT('Origin',(-88.2028502123387,-72.0041389179803,44.5846199989319));
#5030=CARTESIAN_POINT('',(-80.4634970324071,-70.,44.5846199989319));
#5031=CARTESIAN_POINT('',(-88.2028502123387,-70.,44.5846199989319));
#5032=CARTESIAN_POINT('',(-74.1014251061694,-70.,44.5846199989319));
#5033=CARTESIAN_POINT('',(-80.4634970324071,-72.0041389179803,44.5846199989319));
#5034=CARTESIAN_POINT('',(-80.4634970324071,-72.0041389179803,44.5846199989319));
#5035=CARTESIAN_POINT('',(-88.2028502123387,-72.0041389179803,44.5846199989319));
#5036=CARTESIAN_POINT('',(-80.4634970324071,-72.0041389179803,44.5846199989319));
#5037=CARTESIAN_POINT('',(-88.2028502123387,-72.0041389179803,44.5846199989319));
#5038=CARTESIAN_POINT('Origin',(-88.2028502123387,-72.0041389179803,42.7686858177185));
#5039=CARTESIAN_POINT('',(-88.2028502123387,-70.,42.7686858177185));
#5040=CARTESIAN_POINT('',(-88.2028502123387,-70.,43.8843429088593));
#5041=CARTESIAN_POINT('',(-88.2028502123387,-72.0041389179803,42.7686858177185));
#5042=CARTESIAN_POINT('',(-88.2028502123387,-72.0041389179803,44.5846199989319));
#5043=CARTESIAN_POINT('',(-88.2028502123387,-72.0041389179803,42.7686858177185));
#5044=CARTESIAN_POINT('Ctrl Pts',(-88.4946936266454,-72.0041389179803,39.7637438774109));
#5045=CARTESIAN_POINT('Ctrl Pts',(-88.4946936266454,-69.0041389179803,39.7637438774109));
#5046=CARTESIAN_POINT('Ctrl Pts',(-88.2028502123387,-72.0041389179803,40.4555296897889));
#5047=CARTESIAN_POINT('Ctrl Pts',(-88.2028502123387,-69.0041389179803,40.4555296897889));
#5048=CARTESIAN_POINT('Ctrl Pts',(-88.2028502123387,-72.0041389179803,42.7686858177185));
#5049=CARTESIAN_POINT('Ctrl Pts',(-88.2028502123387,-69.0041389179803,42.7686858177185));
#5050=CARTESIAN_POINT('',(-88.4946936266454,-70.,39.7637438774109));
#5051=CARTESIAN_POINT('Ctrl Pts',(-88.2028502123387,-70.,42.7686858177185));
#5052=CARTESIAN_POINT('Ctrl Pts',(-88.2028502123387,-70.,41.2265817324321));
#5053=CARTESIAN_POINT('Ctrl Pts',(-88.300131350441,-70.,40.2249344189962));
#5054=CARTESIAN_POINT('Ctrl Pts',(-88.4946936266454,-70.,39.7637438774109));
#5055=CARTESIAN_POINT('',(-88.4946936266454,-72.0041389179803,39.7637438774109));
#5056=CARTESIAN_POINT('Ctrl Pts',(-88.2028502123387,-72.0041389179803,42.7686858177185));
#5057=CARTESIAN_POINT('Ctrl Pts',(-88.2028502123387,-72.0041389179803,40.4555296897889));
#5058=CARTESIAN_POINT('Ctrl Pts',(-88.4946936266454,-72.0041389179803,39.7637438774109));
#5059=CARTESIAN_POINT('',(-88.4946936266454,-72.0041389179803,39.7637438774109));
#5060=CARTESIAN_POINT('Ctrl Pts',(-89.6512716906102,-72.0041389179803,39.071958065033));
#5061=CARTESIAN_POINT('Ctrl Pts',(-89.6512716906102,-69.0041389179803,39.071958065033));
#5062=CARTESIAN_POINT('Ctrl Pts',(-88.786537040952,-72.0041389179803,39.071958065033));
#5063=CARTESIAN_POINT('Ctrl Pts',(-88.786537040952,-69.0041389179803,39.071958065033));
#5064=CARTESIAN_POINT('Ctrl Pts',(-88.4946936266454,-72.0041389179803,39.7637438774109));
#5065=CARTESIAN_POINT('Ctrl Pts',(-88.4946936266454,-69.0041389179803,39.7637438774109));
#5066=CARTESIAN_POINT('',(-89.6512716906102,-70.,39.071958065033));
#5067=CARTESIAN_POINT('Ctrl Pts',(-88.4946936266454,-70.,39.7637438774109));
#5068=CARTESIAN_POINT('Ctrl Pts',(-88.6892559028498,-70.,39.3025533358256));
#5069=CARTESIAN_POINT('Ctrl Pts',(-89.0747819241714,-70.,39.071958065033));
#5070=CARTESIAN_POINT('Ctrl Pts',(-89.6512716906102,-70.,39.071958065033));
#5071=CARTESIAN_POINT('',(-89.6512716906102,-72.0041389179803,39.071958065033));
#5072=CARTESIAN_POINT('Ctrl Pts',(-88.4946936266454,-72.0041389179803,39.7637438774109));
#5073=CARTESIAN_POINT('Ctrl Pts',(-88.786537040952,-72.0041389179803,39.071958065033));
#5074=CARTESIAN_POINT('Ctrl Pts',(-89.6512716906102,-72.0041389179803,39.071958065033));
#5075=CARTESIAN_POINT('',(-89.6512716906102,-72.0041389179803,39.071958065033));
#5076=CARTESIAN_POINT('Ctrl Pts',(-90.9483641283544,-72.0041389179803,39.5367503166199));
#5077=CARTESIAN_POINT('Ctrl Pts',(-90.9483641283544,-69.0041389179803,39.5367503166199));
#5078=CARTESIAN_POINT('Ctrl Pts',(-90.5808561937841,-72.0041389179803,39.071958065033));
#5079=CARTESIAN_POINT('Ctrl Pts',(-90.5808561937841,-69.0041389179803,39.071958065033));
#5080=CARTESIAN_POINT('Ctrl Pts',(-89.6512716906102,-72.0041389179803,39.071958065033));
#5081=CARTESIAN_POINT('Ctrl Pts',(-89.6512716906102,-69.0041389179803,39.071958065033));
#5082=CARTESIAN_POINT('',(-90.9483641283544,-70.,39.5367503166199));
#5083=CARTESIAN_POINT('Ctrl Pts',(-89.6512716906102,-70.,39.071958065033));
#5084=CARTESIAN_POINT('Ctrl Pts',(-90.2709946927261,-70.,39.071958065033));
#5085=CARTESIAN_POINT('Ctrl Pts',(-90.7033588386408,-70.,39.226888815562));
#5086=CARTESIAN_POINT('Ctrl Pts',(-90.9483641283544,-70.,39.5367503166199));
#5087=CARTESIAN_POINT('',(-90.9483641283544,-72.0041389179803,39.5367503166199));
#5088=CARTESIAN_POINT('Ctrl Pts',(-89.6512716906102,-72.0041389179803,39.071958065033));
#5089=CARTESIAN_POINT('Ctrl Pts',(-90.5808561937841,-72.0041389179803,39.071958065033));
#5090=CARTESIAN_POINT('Ctrl Pts',(-90.9483641283544,-72.0041389179803,39.5367503166199));
#5091=CARTESIAN_POINT('',(-90.9483641283544,-72.0041389179803,39.5367503166199));
#5092=CARTESIAN_POINT('Ctrl Pts',(-91.315891136411,-72.0041389179803,41.4932084083557));
#5093=CARTESIAN_POINT('Ctrl Pts',(-91.315891136411,-69.0041389179803,41.4932084083557));
#5094=CARTESIAN_POINT('Ctrl Pts',(-91.315891136411,-72.0041389179803,40.0015425682068));
#5095=CARTESIAN_POINT('Ctrl Pts',(-91.315891136411,-69.0041389179803,40.0015425682068));
#5096=CARTESIAN_POINT('Ctrl Pts',(-90.9483641283544,-72.0041389179803,39.5367503166199));
#5097=CARTESIAN_POINT('Ctrl Pts',(-90.9483641283544,-69.0041389179803,39.5367503166199));
#5098=CARTESIAN_POINT('',(-91.315891136411,-70.,41.4932084083557));
#5099=CARTESIAN_POINT('Ctrl Pts',(-90.9483641283544,-70.,39.5367503166199));
#5100=CARTESIAN_POINT('Ctrl Pts',(-91.1933821337255,-70.,39.8466118176779));
#5101=CARTESIAN_POINT('Ctrl Pts',(-91.315891136411,-70.,40.4987645149231));
#5102=CARTESIAN_POINT('Ctrl Pts',(-91.315891136411,-70.,41.4932084083557));
#5103=CARTESIAN_POINT('',(-91.315891136411,-72.0041389179803,41.4932084083557));
#5104=CARTESIAN_POINT('Ctrl Pts',(-90.9483641283544,-72.0041389179803,39.5367503166199));
#5105=CARTESIAN_POINT('Ctrl Pts',(-91.315891136411,-72.0041389179803,40.0015425682068));
#5106=CARTESIAN_POINT('Ctrl Pts',(-91.315891136411,-72.0041389179803,41.4932084083557));
#5107=CARTESIAN_POINT('',(-91.315891136411,-72.0041389179803,41.4932084083557));
#5108=CARTESIAN_POINT('Ctrl Pts',(-90.8402746813329,-72.0041389179803,44.0657830238343));
#5109=CARTESIAN_POINT('Ctrl Pts',(-90.8402746813329,-69.0041389179803,44.0657830238343));
#5110=CARTESIAN_POINT('Ctrl Pts',(-91.315891136411,-72.0041389179803,43.546941280365));
#5111=CARTESIAN_POINT('Ctrl Pts',(-91.315891136411,-69.0041389179803,43.546941280365));
#5112=CARTESIAN_POINT('Ctrl Pts',(-91.315891136411,-72.0041389179803,41.4932084083557));
#5113=CARTESIAN_POINT('Ctrl Pts',(-91.315891136411,-69.0041389179803,41.4932084083557));
#5114=CARTESIAN_POINT('',(-90.8402746813329,-70.,44.0657830238343));
#5115=CARTESIAN_POINT('Ctrl Pts',(-91.315891136411,-70.,41.4932084083557));
#5116=CARTESIAN_POINT('Ctrl Pts',(-91.315891136411,-70.,42.0708992504487));
#5117=CARTESIAN_POINT('Ctrl Pts',(-91.2879244658244,-70.,42.6713445198782));
#5118=CARTESIAN_POINT('Ctrl Pts',(-91.1634711812432,-70.,43.3445032327617));
#5119=CARTESIAN_POINT('Ctrl Pts',(-91.1162787528696,-70.,43.5385734480873));
#5120=CARTESIAN_POINT('Ctrl Pts',(-90.9954560686171,-70.,43.8442827159376));
#5121=CARTESIAN_POINT('Ctrl Pts',(-90.9279235323351,-70.,43.9701684121414));
#5122=CARTESIAN_POINT('Ctrl Pts',(-90.8402746813329,-70.,44.0657830238343));
#5123=CARTESIAN_POINT('',(-90.8402746813329,-72.0041389179803,44.0657830238343));
#5124=CARTESIAN_POINT('Ctrl Pts',(-91.315891136411,-72.0041389179803,41.4932084083557));
#5125=CARTESIAN_POINT('Ctrl Pts',(-91.315891136411,-72.0041389179803,43.546941280365));
#5126=CARTESIAN_POINT('Ctrl Pts',(-90.8402746813329,-72.0041389179803,44.0657830238343));
#5127=CARTESIAN_POINT('',(-90.8402746813329,-72.0041389179803,44.0657830238343));
#5128=CARTESIAN_POINT('Ctrl Pts',(-85.7599753038915,-72.0041389179803,47.1355772018433));
#5129=CARTESIAN_POINT('Ctrl Pts',(-85.7599753038915,-69.0041389179803,47.1355772018433));
#5130=CARTESIAN_POINT('Ctrl Pts',(-90.3430670397313,-72.0041389179803,44.5846199989319));
#5131=CARTESIAN_POINT('Ctrl Pts',(-90.3430670397313,-69.0041389179803,44.5846199989319));
#5132=CARTESIAN_POINT('Ctrl Pts',(-90.8402746813329,-72.0041389179803,44.0657830238343));
#5133=CARTESIAN_POINT('Ctrl Pts',(-90.8402746813329,-69.0041389179803,44.0657830238343));
#5134=CARTESIAN_POINT('',(-85.7599753038915,-70.,47.1355772018433));
#5135=CARTESIAN_POINT('Ctrl Pts',(-90.8402746813329,-70.,44.0657830238343));
#5136=CARTESIAN_POINT('Ctrl Pts',(-90.5088029202652,-70.,44.411674340566));
#5137=CARTESIAN_POINT('Ctrl Pts',(-88.8153697944514,-70.,45.4349390665691));
#5138=CARTESIAN_POINT('Ctrl Pts',(-85.7599753038915,-70.,47.1355772018433));
#5139=CARTESIAN_POINT('',(-85.7599753038915,-72.0041389179803,47.1355772018433));
#5140=CARTESIAN_POINT('Ctrl Pts',(-90.8402746813329,-72.0041389179803,44.0657830238343));
#5141=CARTESIAN_POINT('Ctrl Pts',(-90.3430670397313,-72.0041389179803,44.5846199989319));
#5142=CARTESIAN_POINT('Ctrl Pts',(-85.7599753038915,-72.0041389179803,47.1355772018433));
#5143=CARTESIAN_POINT('',(-85.7599753038915,-72.0041389179803,47.1355772018433));
#5144=CARTESIAN_POINT('Ctrl Pts',(-81.0688131945165,-72.0041389179803,51.0592961311341));
#5145=CARTESIAN_POINT('Ctrl Pts',(-81.0688131945165,-69.0041389179803,51.0592961311341));
#5146=CARTESIAN_POINT('Ctrl Pts',(-81.9119375841649,-72.0041389179803,49.2974066734314));
#5147=CARTESIAN_POINT('Ctrl Pts',(-81.9119375841649,-69.0041389179803,49.2974066734314));
#5148=CARTESIAN_POINT('Ctrl Pts',(-85.7599753038915,-72.0041389179803,47.1355772018433));
#5149=CARTESIAN_POINT('Ctrl Pts',(-85.7599753038915,-69.0041389179803,47.1355772018433));
#5150=CARTESIAN_POINT('',(-81.0688131945165,-70.,51.0592961311341));
#5151=CARTESIAN_POINT('Ctrl Pts',(-85.7599753038915,-70.,47.1355772018433));
#5152=CARTESIAN_POINT('Ctrl Pts',(-83.1946168240738,-70.,48.5767968495687));
#5153=CARTESIAN_POINT('Ctrl Pts',(-81.6308961209488,-70.,49.8847031593323));
#5154=CARTESIAN_POINT('Ctrl Pts',(-81.0688131945165,-70.,51.0592961311341));
#5155=CARTESIAN_POINT('',(-81.0688131945165,-72.0041389179803,51.0592961311341));
#5156=CARTESIAN_POINT('Ctrl Pts',(-85.7599753038915,-72.0041389179803,47.1355772018433));
#5157=CARTESIAN_POINT('Ctrl Pts',(-81.9119375841649,-72.0041389179803,49.2974066734314));
#5158=CARTESIAN_POINT('Ctrl Pts',(-81.0688131945165,-72.0041389179803,51.0592961311341));
#5159=CARTESIAN_POINT('',(-81.0688131945165,-72.0041389179803,51.0592961311341));
#5160=CARTESIAN_POINT('Ctrl Pts',(-80.2257078783544,-72.0041389179803,55.2424335479737));
#5161=CARTESIAN_POINT('Ctrl Pts',(-80.2257078783544,-69.0041389179803,55.2424335479737));
#5162=CARTESIAN_POINT('Ctrl Pts',(-80.2257078783544,-72.0041389179803,52.8211855888367));
#5163=CARTESIAN_POINT('Ctrl Pts',(-80.2257078783544,-69.0041389179803,52.8211855888367));
#5164=CARTESIAN_POINT('Ctrl Pts',(-81.0688131945165,-72.0041389179803,51.0592961311341));
#5165=CARTESIAN_POINT('Ctrl Pts',(-81.0688131945165,-69.0041389179803,51.0592961311341));
#5166=CARTESIAN_POINT('',(-80.2257078783544,-70.,55.2424335479737));
#5167=CARTESIAN_POINT('Ctrl Pts',(-81.0688131945165,-70.,51.0592961311341));
#5168=CARTESIAN_POINT('Ctrl Pts',(-80.5067429837417,-70.,52.2338891029358));
#5169=CARTESIAN_POINT('Ctrl Pts',(-80.2257078783544,-70.,53.6282682418824));
#5170=CARTESIAN_POINT('Ctrl Pts',(-80.2257078783544,-70.,55.2424335479737));
#5171=CARTESIAN_POINT('',(-80.2257078783544,-72.0041389179803,55.2424335479737));
#5172=CARTESIAN_POINT('Ctrl Pts',(-81.0688131945165,-72.0041389179803,51.0592961311341));
#5173=CARTESIAN_POINT('Ctrl Pts',(-80.2257078783544,-72.0041389179803,52.8211855888367));
#5174=CARTESIAN_POINT('Ctrl Pts',(-80.2257078783544,-72.0041389179803,55.2424335479737));
#5175=CARTESIAN_POINT('',(-80.2257078783544,-72.0041389179803,55.2424335479737));
#5176=CARTESIAN_POINT('Ctrl Pts',(-81.1336630480321,-72.0041389179803,60.3119206428528));
#5177=CARTESIAN_POINT('Ctrl Pts',(-81.1336630480321,-69.0041389179803,60.3119206428528));
#5178=CARTESIAN_POINT('Ctrl Pts',(-80.2257078783544,-72.0041389179803,58.6797404289246));
#5179=CARTESIAN_POINT('Ctrl Pts',(-80.2257078783544,-69.0041389179803,58.6797404289246));
#5180=CARTESIAN_POINT('Ctrl Pts',(-80.2257078783544,-72.0041389179803,55.2424335479737));
#5181=CARTESIAN_POINT('Ctrl Pts',(-80.2257078783544,-69.0041389179803,55.2424335479737));
#5182=CARTESIAN_POINT('',(-81.1336630480321,-70.,60.3119206428528));
#5183=CARTESIAN_POINT('Ctrl Pts',(-80.2257078783544,-70.,55.2424335479737));
#5184=CARTESIAN_POINT('Ctrl Pts',(-80.2257078783544,-70.,57.5339714686076));
#5185=CARTESIAN_POINT('Ctrl Pts',(-80.5283596015803,-70.,59.223800500234));
#5186=CARTESIAN_POINT('Ctrl Pts',(-81.1336630480321,-70.,60.3119206428528));
#5187=CARTESIAN_POINT('',(-81.1336630480321,-72.0041389179803,60.3119206428528));
#5188=CARTESIAN_POINT('Ctrl Pts',(-80.2257078783544,-72.0041389179803,55.2424335479737));
#5189=CARTESIAN_POINT('Ctrl Pts',(-80.2257078783544,-72.0041389179803,58.6797404289246));
#5190=CARTESIAN_POINT('Ctrl Pts',(-81.1336630480321,-72.0041389179803,60.3119206428528));
#5191=CARTESIAN_POINT('',(-81.1336630480321,-72.0041389179803,60.3119206428528));
#5192=CARTESIAN_POINT('Ctrl Pts',(-84.2142790453466,-72.0041389179803,62.8304505348206));
#5193=CARTESIAN_POINT('Ctrl Pts',(-84.2142790453466,-69.0041389179803,62.8304505348206));
#5194=CARTESIAN_POINT('Ctrl Pts',(-82.0416372911962,-72.0041389179803,61.944100856781));
#5195=CARTESIAN_POINT('Ctrl Pts',(-82.0416372911962,-69.0041389179803,61.944100856781));
#5196=CARTESIAN_POINT('Ctrl Pts',(-81.1336630480321,-72.0041389179803,60.3119206428528));
#5197=CARTESIAN_POINT('Ctrl Pts',(-81.1336630480321,-69.0041389179803,60.3119206428528));
#5198=CARTESIAN_POINT('',(-84.2142790453466,-70.,62.8304505348206));
#5199=CARTESIAN_POINT('Ctrl Pts',(-81.1336630480321,-70.,60.3119206428528));
#5200=CARTESIAN_POINT('Ctrl Pts',(-81.7389792101415,-70.,61.4000407854716));
#5201=CARTESIAN_POINT('Ctrl Pts',(-82.7658512092463,-70.,62.2395507494609));
#5202=CARTESIAN_POINT('Ctrl Pts',(-84.2142790453466,-70.,62.8304505348206));
#5203=CARTESIAN_POINT('',(-84.2142790453466,-72.0041389179803,62.8304505348206));
#5204=CARTESIAN_POINT('Ctrl Pts',(-81.1336630480321,-72.0041389179803,60.3119206428528));
#5205=CARTESIAN_POINT('Ctrl Pts',(-82.0416372911962,-72.0041389179803,61.944100856781));
#5206=CARTESIAN_POINT('Ctrl Pts',(-84.2142790453466,-72.0041389179803,62.8304505348206));
#5207=CARTESIAN_POINT('',(-84.2142790453466,-72.0041389179803,62.8304505348206));
#5208=CARTESIAN_POINT('Ctrl Pts',(-89.2621534960302,-72.0041389179803,63.7168002128601));
#5209=CARTESIAN_POINT('Ctrl Pts',(-89.2621534960302,-69.0041389179803,63.7168002128601));
#5210=CARTESIAN_POINT('Ctrl Pts',(-86.3869207994969,-72.0041389179803,63.7168002128601));
#5211=CARTESIAN_POINT('Ctrl Pts',(-86.3869207994969,-69.0041389179803,63.7168002128601));
#5212=CARTESIAN_POINT('Ctrl Pts',(-84.2142790453466,-72.0041389179803,62.8304505348206));
#5213=CARTESIAN_POINT('Ctrl Pts',(-84.2142790453466,-69.0041389179803,62.8304505348206));
#5214=CARTESIAN_POINT('',(-89.2621534960302,-70.,63.7168002128601));
#5215=CARTESIAN_POINT('Ctrl Pts',(-84.2142790453466,-70.,62.8304505348206));
#5216=CARTESIAN_POINT('Ctrl Pts',(-85.6627068814468,-70.,63.4213503201803));
#5217=CARTESIAN_POINT('Ctrl Pts',(-87.3453316983414,-70.,63.7168002128601));
#5218=CARTESIAN_POINT('Ctrl Pts',(-89.2621534960302,-70.,63.7168002128601));
#5219=CARTESIAN_POINT('',(-89.2621534960302,-72.0041389179803,63.7168002128601));
#5220=CARTESIAN_POINT('Ctrl Pts',(-84.2142790453466,-72.0041389179803,62.8304505348206));
#5221=CARTESIAN_POINT('Ctrl Pts',(-86.3869207994969,-72.0041389179803,63.7168002128601));
#5222=CARTESIAN_POINT('Ctrl Pts',(-89.2621534960302,-72.0041389179803,63.7168002128601));
#5223=CARTESIAN_POINT('',(-89.2621534960302,-72.0041389179803,63.7168002128601));
#5224=CARTESIAN_POINT('Ctrl Pts',(-94.1154402391942,-72.0041389179803,62.9925870895386));
#5225=CARTESIAN_POINT('Ctrl Pts',(-94.1154402391942,-69.0041389179803,62.9925870895386));
#5226=CARTESIAN_POINT('Ctrl Pts',(-92.1157568590673,-72.0041389179803,63.7168002128601));
#5227=CARTESIAN_POINT('Ctrl Pts',(-92.1157568590673,-69.0041389179803,63.7168002128601));
#5228=CARTESIAN_POINT('Ctrl Pts',(-89.2621534960302,-72.0041389179803,63.7168002128601));
#5229=CARTESIAN_POINT('Ctrl Pts',(-89.2621534960302,-69.0041389179803,63.7168002128601));
#5230=CARTESIAN_POINT('',(-94.1154402391942,-70.,62.9925870895386));
#5231=CARTESIAN_POINT('Ctrl Pts',(-89.2621534960302,-70.,63.7168002128601));
#5232=CARTESIAN_POINT('Ctrl Pts',(-91.1645557380549,-70.,63.7168002128601));
#5233=CARTESIAN_POINT('Ctrl Pts',(-92.7823179857762,-70.,63.4753958384196));
#5234=CARTESIAN_POINT('Ctrl Pts',(-94.1154402391942,-70.,62.9925870895386));
#5235=CARTESIAN_POINT('',(-94.1154402391942,-72.0041389179803,62.9925870895386));
#5236=CARTESIAN_POINT('Ctrl Pts',(-89.2621534960302,-72.0041389179803,63.7168002128601));
#5237=CARTESIAN_POINT('Ctrl Pts',(-92.1157568590673,-72.0041389179803,63.7168002128601));
#5238=CARTESIAN_POINT('Ctrl Pts',(-94.1154402391942,-72.0041389179803,62.9925870895386));
#5239=CARTESIAN_POINT('',(-94.1154402391942,-72.0041389179803,62.9925870895386));
#5240=CARTESIAN_POINT('Ctrl Pts',(-97.1852415697606,-72.0041389179803,61.0793709754944));
#5241=CARTESIAN_POINT('Ctrl Pts',(-97.1852415697606,-69.0041389179803,61.0793709754944));
#5242=CARTESIAN_POINT('Ctrl Pts',(-96.1151426928075,-72.0041389179803,62.2683763504029));
#5243=CARTESIAN_POINT('Ctrl Pts',(-96.1151426928075,-69.0041389179803,62.2683763504029));
#5244=CARTESIAN_POINT('Ctrl Pts',(-94.1154402391942,-72.0041389179803,62.9925870895386));
#5245=CARTESIAN_POINT('Ctrl Pts',(-94.1154402391942,-69.0041389179803,62.9925870895386));
#5246=CARTESIAN_POINT('',(-97.1852415697606,-70.,61.0793709754944));
#5247=CARTESIAN_POINT('Ctrl Pts',(-94.1154402391942,-70.,62.9925870895386));
#5248=CARTESIAN_POINT('Ctrl Pts',(-95.4485752082697,-70.,62.5097799301148));
#5249=CARTESIAN_POINT('Ctrl Pts',(-96.4718423184585,-70.,61.8720412254334));
#5250=CARTESIAN_POINT('Ctrl Pts',(-97.1852415697606,-70.,61.0793709754944));
#5251=CARTESIAN_POINT('',(-97.1852415697606,-72.0041389179803,61.0793709754944));
#5252=CARTESIAN_POINT('Ctrl Pts',(-94.1154402391942,-72.0041389179803,62.9925870895386));
#5253=CARTESIAN_POINT('Ctrl Pts',(-96.1151426928075,-72.0041389179803,62.2683763504029));
#5254=CARTESIAN_POINT('Ctrl Pts',(-97.1852415697606,-72.0041389179803,61.0793709754944));
#5255=CARTESIAN_POINT('',(-97.1852415697606,-72.0041389179803,61.0793709754944));
#5256=CARTESIAN_POINT('Ctrl Pts',(-98.4823340075048,-72.0041389179803,58.8743042945862));
#5257=CARTESIAN_POINT('Ctrl Pts',(-98.4823340075048,-69.0041389179803,58.8743042945862));
#5258=CARTESIAN_POINT('Ctrl Pts',(-98.2553595202001,-72.0041389179803,59.890365600586));
#5259=CARTESIAN_POINT('Ctrl Pts',(-98.2553595202001,-69.0041389179803,59.890365600586));
#5260=CARTESIAN_POINT('Ctrl Pts',(-97.1852415697606,-72.0041389179803,61.0793709754944));
#5261=CARTESIAN_POINT('Ctrl Pts',(-97.1852415697606,-69.0041389179803,61.0793709754944));
#5262=CARTESIAN_POINT('',(-98.4823340075048,-70.,58.8743042945862));
#5263=CARTESIAN_POINT('Ctrl Pts',(-97.1852415697606,-70.,61.0793709754944));
#5264=CARTESIAN_POINT('Ctrl Pts',(-97.8986535367203,-70.,60.2867007255555));
#5265=CARTESIAN_POINT('Ctrl Pts',(-98.331017682635,-70.,59.551678498586));
#5266=CARTESIAN_POINT('Ctrl Pts',(-98.4823340075048,-70.,58.8743042945862));
#5267=CARTESIAN_POINT('',(-98.4823340075048,-72.0041389179803,58.8743042945862));
#5268=CARTESIAN_POINT('Ctrl Pts',(-97.1852415697606,-72.0041389179803,61.0793709754944));
#5269=CARTESIAN_POINT('Ctrl Pts',(-98.2553595202001,-72.0041389179803,59.890365600586));
#5270=CARTESIAN_POINT('Ctrl Pts',(-98.4823340075048,-72.0041389179803,58.8743042945862));
#5271=CARTESIAN_POINT('',(-98.4823340075048,-72.0041389179803,58.8743042945862));
#5272=CARTESIAN_POINT('Ctrl Pts',(-98.7093275682958,-72.0041389179803,55.6964182853699));
#5273=CARTESIAN_POINT('Ctrl Pts',(-98.7093275682958,-69.0041389179803,55.6964182853699));
#5274=CARTESIAN_POINT('Ctrl Pts',(-98.7093275682958,-72.0041389179803,57.8582453727723));
#5275=CARTESIAN_POINT('Ctrl Pts',(-98.7093275682958,-69.0041389179803,57.8582453727723));
#5276=CARTESIAN_POINT('Ctrl Pts',(-98.4823340075048,-72.0041389179803,58.8743042945862));
#5277=CARTESIAN_POINT('Ctrl Pts',(-98.4823340075048,-69.0041389179803,58.8743042945862));
#5278=CARTESIAN_POINT('',(-98.7093275682958,-70.,55.6964182853699));
#5279=CARTESIAN_POINT('Ctrl Pts',(-98.4823340075048,-70.,58.8743042945862));
#5280=CARTESIAN_POINT('Ctrl Pts',(-98.6336630480321,-70.,58.1969316800436));
#5281=CARTESIAN_POINT('Ctrl Pts',(-98.7093275682958,-70.,57.1376363436381));
#5282=CARTESIAN_POINT('Ctrl Pts',(-98.7093275682958,-70.,55.6964182853699));
#5283=CARTESIAN_POINT('',(-98.7093275682958,-72.0041389179803,55.6964182853699));
#5284=CARTESIAN_POINT('Ctrl Pts',(-98.4823340075048,-72.0041389179803,58.8743042945862));
#5285=CARTESIAN_POINT('Ctrl Pts',(-98.7093275682958,-72.0041389179803,57.8582453727723));
#5286=CARTESIAN_POINT('Ctrl Pts',(-98.7093275682958,-72.0041389179803,55.6964182853699));
#5287=CARTESIAN_POINT('',(-98.7093275682958,-72.0041389179803,55.6964182853699));
#5288=CARTESIAN_POINT('Origin',(-98.7093275682958,-72.0041389179803,54.0318107604981));
#5289=CARTESIAN_POINT('',(-98.7093275682958,-70.,54.0318107604981));
#5290=CARTESIAN_POINT('',(-98.7093275682958,-70.,49.515905380249));
#5291=CARTESIAN_POINT('',(-98.7093275682958,-72.0041389179803,54.0318107604981));
#5292=CARTESIAN_POINT('',(-98.7093275682958,-72.0041389179803,55.6964182853699));
#5293=CARTESIAN_POINT('',(-98.7093275682958,-72.0041389179803,54.0318107604981));
#5294=CARTESIAN_POINT('Origin',(-90.9699934618505,-72.0041389179803,54.0318107604981));
#5295=CARTESIAN_POINT('',(-90.9699934618505,-70.,54.0318107604981));
#5296=CARTESIAN_POINT('',(-75.4849967309252,-70.,54.0318107604981));
#5297=CARTESIAN_POINT('',(-90.9699934618505,-72.0041389179803,54.0318107604981));
#5298=CARTESIAN_POINT('',(-98.7093275682958,-72.0041389179803,54.0318107604981));
#5299=CARTESIAN_POINT('',(-90.9699934618505,-72.0041389179803,54.0318107604981));
#5300=CARTESIAN_POINT('Origin',(-90.9699934618505,-72.0041389179803,55.5883264541626));
#5301=CARTESIAN_POINT('',(-90.9699934618505,-70.,55.5883264541626));
#5302=CARTESIAN_POINT('',(-90.9699934618505,-70.,50.2941632270813));
#5303=CARTESIAN_POINT('',(-90.9699934618505,-72.0041389179803,55.5883264541626));
#5304=CARTESIAN_POINT('',(-90.9699934618505,-72.0041389179803,54.0318107604981));
#5305=CARTESIAN_POINT('',(-90.9699934618505,-72.0041389179803,55.5883264541626));
#5306=CARTESIAN_POINT('Ctrl Pts',(-90.7429999010594,-72.0041389179803,58.1068563461304));
#5307=CARTESIAN_POINT('Ctrl Pts',(-90.7429999010594,-69.0041389179803,58.1068563461304));
#5308=CARTESIAN_POINT('Ctrl Pts',(-90.9699934618505,-72.0041389179803,57.5772070884705));
#5309=CARTESIAN_POINT('Ctrl Pts',(-90.9699934618505,-69.0041389179803,57.5772070884705));
#5310=CARTESIAN_POINT('Ctrl Pts',(-90.9699934618505,-72.0041389179803,55.5883264541626));
#5311=CARTESIAN_POINT('Ctrl Pts',(-90.9699934618505,-69.0041389179803,55.5883264541626));
#5312=CARTESIAN_POINT('',(-90.7429999010594,-70.,58.1068563461304));
#5313=CARTESIAN_POINT('Ctrl Pts',(-90.9699934618505,-70.,55.5883264541626));
#5314=CARTESIAN_POINT('Ctrl Pts',(-90.9699934618505,-70.,56.9142468770345));
#5315=CARTESIAN_POINT('Ctrl Pts',(-90.8943289415868,-70.,57.7537568410238));
#5316=CARTESIAN_POINT('Ctrl Pts',(-90.7429999010594,-70.,58.1068563461304));
#5317=CARTESIAN_POINT('',(-90.7429999010594,-72.0041389179803,58.1068563461304));
#5318=CARTESIAN_POINT('Ctrl Pts',(-90.9699934618505,-72.0041389179803,55.5883264541626));
#5319=CARTESIAN_POINT('Ctrl Pts',(-90.9699934618505,-72.0041389179803,57.5772070884705));
#5320=CARTESIAN_POINT('Ctrl Pts',(-90.7429999010594,-72.0041389179803,58.1068563461304));
#5321=CARTESIAN_POINT('',(-90.7429999010594,-72.0041389179803,58.1068563461304));
#5322=CARTESIAN_POINT('Ctrl Pts',(-89.6080320971044,-72.0041389179803,58.6365032196045));
#5323=CARTESIAN_POINT('Ctrl Pts',(-89.6080320971044,-69.0041389179803,58.6365032196045));
#5324=CARTESIAN_POINT('Ctrl Pts',(-90.5160063402684,-72.0041389179803,58.6365032196045));
#5325=CARTESIAN_POINT('Ctrl Pts',(-90.5160063402684,-69.0041389179803,58.6365032196045));
#5326=CARTESIAN_POINT('Ctrl Pts',(-90.7429999010594,-72.0041389179803,58.1068563461304));
#5327=CARTESIAN_POINT('Ctrl Pts',(-90.7429999010594,-69.0041389179803,58.1068563461304));
#5328=CARTESIAN_POINT('',(-89.6080320971044,-70.,58.6365032196045));
#5329=CARTESIAN_POINT('Ctrl Pts',(-90.7429999010594,-70.,58.1068563461304));
#5330=CARTESIAN_POINT('Ctrl Pts',(-90.5916708605321,-70.,58.4599542617798));
#5331=CARTESIAN_POINT('Ctrl Pts',(-90.2133482592137,-70.,58.6365032196045));
#5332=CARTESIAN_POINT('Ctrl Pts',(-89.6080320971044,-70.,58.6365032196045));
#5333=CARTESIAN_POINT('',(-89.6080320971044,-72.0041389179803,58.6365032196045));
#5334=CARTESIAN_POINT('Ctrl Pts',(-90.7429999010594,-72.0041389179803,58.1068563461304));
#5335=CARTESIAN_POINT('Ctrl Pts',(-90.5160063402684,-72.0041389179803,58.6365032196045));
#5336=CARTESIAN_POINT('Ctrl Pts',(-89.6080320971044,-72.0041389179803,58.6365032196045));
#5337=CARTESIAN_POINT('',(-89.6080320971044,-72.0041389179803,58.6365032196045));
#5338=CARTESIAN_POINT('Ctrl Pts',(-88.5055082933934,-72.0041389179803,58.1500935554505));
#5339=CARTESIAN_POINT('Ctrl Pts',(-88.5055082933934,-69.0041389179803,58.1500935554505));
#5340=CARTESIAN_POINT('Ctrl Pts',(-88.8730162279637,-72.0041389179803,58.6365032196045));
#5341=CARTESIAN_POINT('Ctrl Pts',(-88.8730162279637,-69.0041389179803,58.6365032196045));
#5342=CARTESIAN_POINT('Ctrl Pts',(-89.6080320971044,-72.0041389179803,58.6365032196045));
#5343=CARTESIAN_POINT('Ctrl Pts',(-89.6080320971044,-69.0041389179803,58.6365032196045));
#5344=CARTESIAN_POINT('',(-88.5055082933934,-70.,58.1500935554505));
#5345=CARTESIAN_POINT('Ctrl Pts',(-89.6080320971044,-70.,58.6365032196045));
#5346=CARTESIAN_POINT('Ctrl Pts',(-89.3975810730924,-70.,58.6365032196045));
#5347=CARTESIAN_POINT('Ctrl Pts',(-89.1855283791515,-70.,58.606596270363));
#5348=CARTESIAN_POINT('Ctrl Pts',(-88.8948697060802,-70.,58.4862621199579));
#5349=CARTESIAN_POINT('Ctrl Pts',(-88.8052833511209,-70.,58.4350664631043));
#5350=CARTESIAN_POINT('Ctrl Pts',(-88.6405918451725,-70.,58.3075235945223));
#5351=CARTESIAN_POINT('Ctrl Pts',(-88.5683862078657,-70.,58.2333146845315));
#5352=CARTESIAN_POINT('Ctrl Pts',(-88.5055082933934,-70.,58.1500935554505));
#5353=CARTESIAN_POINT('',(-88.5055082933934,-72.0041389179803,58.1500935554505));
#5354=CARTESIAN_POINT('Ctrl Pts',(-89.6080320971044,-72.0041389179803,58.6365032196045));
#5355=CARTESIAN_POINT('Ctrl Pts',(-88.8730162279637,-72.0041389179803,58.6365032196045));
#5356=CARTESIAN_POINT('Ctrl Pts',(-88.5055082933934,-72.0041389179803,58.1500935554505));
#5357=CARTESIAN_POINT('',(-88.5055082933934,-72.0041389179803,58.1500935554505));
#5358=CARTESIAN_POINT('Ctrl Pts',(-88.1380003588231,-72.0041389179803,56.6908574104309));
#5359=CARTESIAN_POINT('Ctrl Pts',(-88.1380003588231,-69.0041389179803,56.6908574104309));
#5360=CARTESIAN_POINT('Ctrl Pts',(-88.1380003588231,-72.0041389179803,57.6636815071106));
#5361=CARTESIAN_POINT('Ctrl Pts',(-88.1380003588231,-69.0041389179803,57.6636815071106));
#5362=CARTESIAN_POINT('Ctrl Pts',(-88.5055082933934,-72.0041389179803,58.1500935554505));
#5363=CARTESIAN_POINT('Ctrl Pts',(-88.5055082933934,-69.0041389179803,58.1500935554505));
#5364=CARTESIAN_POINT('',(-88.1380003588231,-70.,56.6908574104309));
#5365=CARTESIAN_POINT('Ctrl Pts',(-88.5055082933934,-70.,58.1500935554505));
#5366=CARTESIAN_POINT('Ctrl Pts',(-88.2605030036799,-70.,57.8258188565572));
#5367=CARTESIAN_POINT('Ctrl Pts',(-88.1380003588231,-70.,57.3394068082174));
#5368=CARTESIAN_POINT('Ctrl Pts',(-88.1380003588231,-70.,56.6908574104309));
#5369=CARTESIAN_POINT('',(-88.1380003588231,-72.0041389179803,56.6908574104309));
#5370=CARTESIAN_POINT('Ctrl Pts',(-88.5055082933934,-72.0041389179803,58.1500935554505));
#5371=CARTESIAN_POINT('Ctrl Pts',(-88.1380003588231,-72.0041389179803,57.6636815071106));
#5372=CARTESIAN_POINT('Ctrl Pts',(-88.1380003588231,-72.0041389179803,56.6908574104309));
#5373=CARTESIAN_POINT('',(-88.1380003588231,-72.0041389179803,56.6908574104309));
#5374=CARTESIAN_POINT('Ctrl Pts',(-88.3217543261083,-72.0041389179803,54.7560214996338));
#5375=CARTESIAN_POINT('Ctrl Pts',(-88.3217543261083,-69.0041389179803,54.7560214996338));
#5376=CARTESIAN_POINT('Ctrl Pts',(-88.1380003588231,-72.0041389179803,55.3721427917481));
#5377=CARTESIAN_POINT('Ctrl Pts',(-88.1380003588231,-69.0041389179803,55.3721427917481));
#5378=CARTESIAN_POINT('Ctrl Pts',(-88.1380003588231,-72.0041389179803,56.6908574104309));
#5379=CARTESIAN_POINT('Ctrl Pts',(-88.1380003588231,-69.0041389179803,56.6908574104309));
#5380=CARTESIAN_POINT('',(-88.3217543261083,-70.,54.7560214996338));
#5381=CARTESIAN_POINT('Ctrl Pts',(-88.1380003588231,-70.,56.6908574104309));
#5382=CARTESIAN_POINT('Ctrl Pts',(-88.1380003588231,-70.,55.811714331309));
#5383=CARTESIAN_POINT('Ctrl Pts',(-88.1992516812515,-70.,55.16676902771));
#5384=CARTESIAN_POINT('Ctrl Pts',(-88.3217543261083,-70.,54.7560214996338));
#5385=CARTESIAN_POINT('',(-88.3217543261083,-72.0041389179803,54.7560214996338));
#5386=CARTESIAN_POINT('Ctrl Pts',(-88.1380003588231,-72.0041389179803,56.6908574104309));
#5387=CARTESIAN_POINT('Ctrl Pts',(-88.1380003588231,-72.0041389179803,55.3721427917481));
#5388=CARTESIAN_POINT('Ctrl Pts',(-88.3217543261083,-72.0041389179803,54.7560214996338));
#5389=CARTESIAN_POINT('',(-88.3217543261083,-72.0041389179803,54.7560214996338));
#5390=CARTESIAN_POINT('Ctrl Pts',(-89.4242781298192,-72.0041389179803,53.4048795700074));
#5391=CARTESIAN_POINT('Ctrl Pts',(-89.4242781298192,-69.0041389179803,53.4048795700074));
#5392=CARTESIAN_POINT('Ctrl Pts',(-88.5055082933934,-72.0041389179803,54.1399002075196));
#5393=CARTESIAN_POINT('Ctrl Pts',(-88.5055082933934,-69.0041389179803,54.1399002075196));
#5394=CARTESIAN_POINT('Ctrl Pts',(-88.3217543261083,-72.0041389179803,54.7560214996338));
#5395=CARTESIAN_POINT('Ctrl Pts',(-88.3217543261083,-69.0041389179803,54.7560214996338));
#5396=CARTESIAN_POINT('',(-89.4242781298192,-70.,53.4048795700074));
#5397=CARTESIAN_POINT('Ctrl Pts',(-88.3217543261083,-70.,54.7560214996338));
#5398=CARTESIAN_POINT('Ctrl Pts',(-88.4442569709651,-70.,54.3452739715577));
#5399=CARTESIAN_POINT('Ctrl Pts',(-88.8117649055354,-70.,53.8948933283488));
#5400=CARTESIAN_POINT('Ctrl Pts',(-89.4242781298192,-70.,53.4048795700074));
#5401=CARTESIAN_POINT('',(-89.4242781298192,-72.0041389179803,53.4048795700074));
#5402=CARTESIAN_POINT('Ctrl Pts',(-88.3217543261083,-72.0041389179803,54.7560214996338));
#5403=CARTESIAN_POINT('Ctrl Pts',(-88.5055082933934,-72.0041389179803,54.1399002075196));
#5404=CARTESIAN_POINT('Ctrl Pts',(-89.4242781298192,-72.0041389179803,53.4048795700074));
#5405=CARTESIAN_POINT('',(-89.4242781298192,-72.0041389179803,53.4048795700074));
#5406=CARTESIAN_POINT('Ctrl Pts',(-93.1966704027684,-72.0041389179803,51.2646698951722));
#5407=CARTESIAN_POINT('Ctrl Pts',(-93.1966704027684,-69.0041389179803,51.2646698951722));
#5408=CARTESIAN_POINT('Ctrl Pts',(-90.3430670397313,-72.0041389179803,52.6698565483094));
#5409=CARTESIAN_POINT('Ctrl Pts',(-90.3430670397313,-69.0041389179803,52.6698565483094));
#5410=CARTESIAN_POINT('Ctrl Pts',(-89.4242781298192,-72.0041389179803,53.4048795700074));
#5411=CARTESIAN_POINT('Ctrl Pts',(-89.4242781298192,-69.0041389179803,53.4048795700074));
#5412=CARTESIAN_POINT('',(-93.1966704027684,-70.,51.2646698951722));
#5413=CARTESIAN_POINT('Ctrl Pts',(-89.4242781298192,-70.,53.4048795700074));
#5414=CARTESIAN_POINT('Ctrl Pts',(-90.0368040697606,-70.,52.9148642222087));
#5415=CARTESIAN_POINT('Ctrl Pts',(-91.2942681607437,-70.,52.2014609972636));
#5416=CARTESIAN_POINT('Ctrl Pts',(-93.1966704027684,-70.,51.2646698951722));
#5417=CARTESIAN_POINT('',(-93.1966704027684,-72.0041389179803,51.2646698951722));
#5418=CARTESIAN_POINT('Ctrl Pts',(-89.4242781298192,-72.0041389179803,53.4048795700074));
#5419=CARTESIAN_POINT('Ctrl Pts',(-90.3430670397313,-72.0041389179803,52.6698565483094));
#5420=CARTESIAN_POINT('Ctrl Pts',(-93.1966704027684,-72.0041389179803,51.2646698951722));
#5421=CARTESIAN_POINT('',(-93.1966704027684,-72.0041389179803,51.2646698951722));
#5422=CARTESIAN_POINT('Ctrl Pts',(-98.1904905931981,-72.0041389179803,47.7625060081482));
#5423=CARTESIAN_POINT('Ctrl Pts',(-98.1904905931981,-69.0041389179803,47.7625060081482));
#5424=CARTESIAN_POINT('Ctrl Pts',(-97.0014876024755,-72.0041389179803,49.4054961204529));
#5425=CARTESIAN_POINT('Ctrl Pts',(-97.0014876024755,-69.0041389179803,49.4054961204529));
#5426=CARTESIAN_POINT('Ctrl Pts',(-93.1966704027684,-72.0041389179803,51.2646698951722));
#5427=CARTESIAN_POINT('Ctrl Pts',(-93.1966704027684,-69.0041389179803,51.2646698951722));
#5428=CARTESIAN_POINT('',(-98.1904905931981,-70.,47.7625060081482));
#5429=CARTESIAN_POINT('Ctrl Pts',(-93.1966704027684,-70.,51.2646698951722));
#5430=CARTESIAN_POINT('Ctrl Pts',(-95.7332152025731,-70.,50.025220712026));
#5431=CARTESIAN_POINT('Ctrl Pts',(-97.3978219327164,-70.,48.8578327496847));
#5432=CARTESIAN_POINT('Ctrl Pts',(-98.1904905931981,-70.,47.7625060081482));
#5433=CARTESIAN_POINT('',(-98.1904905931981,-72.0041389179803,47.7625060081482));
#5434=CARTESIAN_POINT('Ctrl Pts',(-93.1966704027684,-72.0041389179803,51.2646698951722));
#5435=CARTESIAN_POINT('Ctrl Pts',(-97.0014876024755,-72.0041389179803,49.4054961204529));
#5436=CARTESIAN_POINT('Ctrl Pts',(-98.1904905931981,-72.0041389179803,47.7625060081482));
#5437=CARTESIAN_POINT('',(-98.1904905931981,-72.0041389179803,47.7625060081482));
#5438=CARTESIAN_POINT('Ctrl Pts',(-99.3794935839208,-72.0041389179803,42.9848694801331));
#5439=CARTESIAN_POINT('Ctrl Pts',(-99.3794935839208,-69.0041389179803,42.9848694801331));
#5440=CARTESIAN_POINT('Ctrl Pts',(-99.3794935839208,-72.0041389179803,46.1195182800293));
#5441=CARTESIAN_POINT('Ctrl Pts',(-99.3794935839208,-69.0041389179803,46.1195182800293));
#5442=CARTESIAN_POINT('Ctrl Pts',(-98.1904905931981,-72.0041389179803,47.7625060081482));
#5443=CARTESIAN_POINT('Ctrl Pts',(-98.1904905931981,-69.0041389179803,47.7625060081482));
#5444=CARTESIAN_POINT('',(-99.3794935839208,-70.,42.9848694801331));
#5445=CARTESIAN_POINT('Ctrl Pts',(-98.1904905931981,-70.,47.7625060081482));
#5446=CARTESIAN_POINT('Ctrl Pts',(-98.9831592536799,-70.,46.667180856069));
#5447=CARTESIAN_POINT('Ctrl Pts',(-99.3794935839208,-70.,45.0746353467306));
#5448=CARTESIAN_POINT('Ctrl Pts',(-99.3794935839208,-70.,42.9848694801331));
#5449=CARTESIAN_POINT('',(-99.3794935839208,-72.0041389179803,42.9848694801331));
#5450=CARTESIAN_POINT('Ctrl Pts',(-98.1904905931981,-72.0041389179803,47.7625060081482));
#5451=CARTESIAN_POINT('Ctrl Pts',(-99.3794935839208,-72.0041389179803,46.1195182800293));
#5452=CARTESIAN_POINT('Ctrl Pts',(-99.3794935839208,-72.0041389179803,42.9848694801331));
#5453=CARTESIAN_POINT('',(-99.3794935839208,-72.0041389179803,42.9848694801331));
#5454=CARTESIAN_POINT('Ctrl Pts',(-98.471538414243,-72.0041389179803,37.6991963386536));
#5455=CARTESIAN_POINT('Ctrl Pts',(-98.471538414243,-69.0041389179803,37.6991963386536));
#5456=CARTESIAN_POINT('Ctrl Pts',(-99.3794935839208,-72.0041389179803,39.4827055931092));
#5457=CARTESIAN_POINT('Ctrl Pts',(-99.3794935839208,-69.0041389179803,39.4827055931092));
#5458=CARTESIAN_POINT('Ctrl Pts',(-99.3794935839208,-72.0041389179803,42.9848694801331));
#5459=CARTESIAN_POINT('Ctrl Pts',(-99.3794935839208,-69.0041389179803,42.9848694801331));
#5460=CARTESIAN_POINT('',(-98.471538414243,-70.,37.6991963386536));
#5461=CARTESIAN_POINT('Ctrl Pts',(-99.3794935839208,-70.,42.9848694801331));
#5462=CARTESIAN_POINT('Ctrl Pts',(-99.3794935839208,-70.,40.6500935554505));
#5463=CARTESIAN_POINT('Ctrl Pts',(-99.0768418606949,-70.,38.8882025082906));
#5464=CARTESIAN_POINT('Ctrl Pts',(-98.471538414243,-70.,37.6991963386536));
#5465=CARTESIAN_POINT('',(-98.471538414243,-72.0041389179803,37.6991963386536));
#5466=CARTESIAN_POINT('Ctrl Pts',(-99.3794935839208,-72.0041389179803,42.9848694801331));
#5467=CARTESIAN_POINT('Ctrl Pts',(-99.3794935839208,-72.0041389179803,39.4827055931092));
#5468=CARTESIAN_POINT('Ctrl Pts',(-98.471538414243,-72.0041389179803,37.6991963386536));
#5469=CARTESIAN_POINT('',(-98.471538414243,-72.0041389179803,37.6991963386536));
#5470=CARTESIAN_POINT('Ctrl Pts',(-95.4341620104344,-72.0041389179803,34.9536728858948));
#5471=CARTESIAN_POINT('Ctrl Pts',(-95.4341620104344,-69.0041389179803,34.9536728858948));
#5472=CARTESIAN_POINT('Ctrl Pts',(-97.563564171079,-72.0041389179803,35.915687084198));
#5473=CARTESIAN_POINT('Ctrl Pts',(-97.563564171079,-69.0041389179803,35.915687084198));
#5474=CARTESIAN_POINT('Ctrl Pts',(-98.471538414243,-72.0041389179803,37.6991963386536));
#5475=CARTESIAN_POINT('Ctrl Pts',(-98.471538414243,-69.0041389179803,37.6991963386536));
#5476=CARTESIAN_POINT('',(-95.4341620104344,-70.,34.9536728858948));
#5477=CARTESIAN_POINT('Ctrl Pts',(-98.471538414243,-70.,37.6991963386536));
#5478=CARTESIAN_POINT('Ctrl Pts',(-97.8662222521337,-70.,36.5101901690166));
#5479=CARTESIAN_POINT('Ctrl Pts',(-96.8537634508641,-70.,35.5950156847636));
#5480=CARTESIAN_POINT('Ctrl Pts',(-95.4341620104344,-70.,34.9536728858948));
#5481=CARTESIAN_POINT('',(-95.4341620104344,-72.0041389179803,34.9536728858948));
#5482=CARTESIAN_POINT('Ctrl Pts',(-98.471538414243,-72.0041389179803,37.6991963386536));
#5483=CARTESIAN_POINT('Ctrl Pts',(-97.563564171079,-72.0041389179803,35.915687084198));
#5484=CARTESIAN_POINT('Ctrl Pts',(-95.4341620104344,-72.0041389179803,34.9536728858948));
#5485=CARTESIAN_POINT('',(-95.4341620104344,-72.0041389179803,34.9536728858948));
#5486=CARTESIAN_POINT('Ctrl Pts',(-90.2998274462255,-72.0041389179803,33.9916634559632));
#5487=CARTESIAN_POINT('Ctrl Pts',(-90.2998274462255,-69.0041389179803,33.9916634559632));
#5488=CARTESIAN_POINT('Ctrl Pts',(-93.3047598497899,-72.0041389179803,33.9916634559632));
#5489=CARTESIAN_POINT('Ctrl Pts',(-93.3047598497899,-69.0041389179803,33.9916634559632));
#5490=CARTESIAN_POINT('Ctrl Pts',(-95.4341620104344,-72.0041389179803,34.9536728858948));
#5491=CARTESIAN_POINT('Ctrl Pts',(-95.4341620104344,-69.0041389179803,34.9536728858948));
#5492=CARTESIAN_POINT('',(-90.2998274462255,-70.,33.9916634559632));
#5493=CARTESIAN_POINT('Ctrl Pts',(-95.4341620104344,-70.,34.9536728858948));
#5494=CARTESIAN_POINT('Ctrl Pts',(-94.0145605700048,-70.,34.3123332659404));
#5495=CARTESIAN_POINT('Ctrl Pts',(-92.3031157152684,-70.,33.9916634559632));
#5496=CARTESIAN_POINT('Ctrl Pts',(-90.2998274462255,-70.,33.9916634559632));
#5497=CARTESIAN_POINT('',(-90.2998274462255,-72.0041389179803,33.9916634559632));
#5498=CARTESIAN_POINT('Ctrl Pts',(-95.4341620104344,-72.0041389179803,34.9536728858948));
#5499=CARTESIAN_POINT('Ctrl Pts',(-93.3047598497899,-72.0041389179803,33.9916634559632));
#5500=CARTESIAN_POINT('Ctrl Pts',(-90.2998274462255,-72.0041389179803,33.9916634559632));
#5501=CARTESIAN_POINT('',(-90.2998274462255,-72.0041389179803,33.9916634559632));
#5502=CARTESIAN_POINT('Ctrl Pts',(-84.6033972399266,-72.0041389179803,35.0293374061585));
#5503=CARTESIAN_POINT('Ctrl Pts',(-84.6033972399266,-69.0041389179803,35.0293374061585));
#5504=CARTESIAN_POINT('Ctrl Pts',(-86.9706076281102,-72.0041389179803,33.9916634559632));
#5505=CARTESIAN_POINT('Ctrl Pts',(-86.9706076281102,-69.0041389179803,33.9916634559632));
#5506=CARTESIAN_POINT('Ctrl Pts',(-90.2998274462255,-72.0041389179803,33.9916634559632));
#5507=CARTESIAN_POINT('Ctrl Pts',(-90.2998274462255,-69.0041389179803,33.9916634559632));
#5508=CARTESIAN_POINT('',(-84.6033972399266,-70.,35.0293374061585));
#5509=CARTESIAN_POINT('Ctrl Pts',(-90.2998274462255,-70.,33.9916634559632));
#5510=CARTESIAN_POINT('Ctrl Pts',(-88.080347567482,-70.,33.9916634559632));
#5511=CARTESIAN_POINT('Ctrl Pts',(-86.1815374987157,-70.,34.3375547726949));
#5512=CARTESIAN_POINT('Ctrl Pts',(-84.6033972399266,-70.,35.0293374061585));
#5513=CARTESIAN_POINT('',(-84.6033972399266,-72.0041389179803,35.0293374061585));
#5514=CARTESIAN_POINT('Ctrl Pts',(-90.2998274462255,-72.0041389179803,33.9916634559632));
#5515=CARTESIAN_POINT('Ctrl Pts',(-86.9706076281102,-72.0041389179803,33.9916634559632));
#5516=CARTESIAN_POINT('Ctrl Pts',(-84.6033972399266,-72.0041389179803,35.0293374061585));
#5517=CARTESIAN_POINT('',(-84.6033972399266,-72.0041389179803,35.0293374061585));
#5518=CARTESIAN_POINT('Ctrl Pts',(-81.3498610155614,-72.0041389179803,37.8397154808045));
#5519=CARTESIAN_POINT('Ctrl Pts',(-81.3498610155614,-69.0041389179803,37.8397154808045));
#5520=CARTESIAN_POINT('Ctrl Pts',(-82.2362059252294,-72.0041389179803,36.0670161247254));
#5521=CARTESIAN_POINT('Ctrl Pts',(-82.2362059252294,-69.0041389179803,36.0670161247254));
#5522=CARTESIAN_POINT('Ctrl Pts',(-84.6033972399266,-72.0041389179803,35.0293374061585));
#5523=CARTESIAN_POINT('Ctrl Pts',(-84.6033972399266,-69.0041389179803,35.0293374061585));
#5524=CARTESIAN_POINT('',(-81.3498610155614,-70.,37.8397154808045));
#5525=CARTESIAN_POINT('Ctrl Pts',(-84.6033972399266,-70.,35.0293374061585));
#5526=CARTESIAN_POINT('Ctrl Pts',(-83.0252696967951,-70.,35.7211232185364));
#5527=CARTESIAN_POINT('Ctrl Pts',(-81.9407576220067,-70.,36.6579159100851));
#5528=CARTESIAN_POINT('Ctrl Pts',(-81.3498610155614,-70.,37.8397154808045));
#5529=CARTESIAN_POINT('',(-81.3498610155614,-72.0041389179803,37.8397154808045));
#5530=CARTESIAN_POINT('Ctrl Pts',(-84.6033972399266,-72.0041389179803,35.0293374061585));
#5531=CARTESIAN_POINT('Ctrl Pts',(-82.2362059252294,-72.0041389179803,36.0670161247254));
#5532=CARTESIAN_POINT('Ctrl Pts',(-81.3498610155614,-72.0041389179803,37.8397154808045));
#5533=CARTESIAN_POINT('',(-81.3498610155614,-72.0041389179803,37.8397154808045));
#5534=CARTESIAN_POINT('Ctrl Pts',(-80.4634970324071,-72.0041389179803,43.2010483741761));
#5535=CARTESIAN_POINT('Ctrl Pts',(-80.4634970324071,-69.0041389179803,43.2010483741761));
#5536=CARTESIAN_POINT('Ctrl Pts',(-80.4634970324071,-72.0041389179803,39.6124148368836));
#5537=CARTESIAN_POINT('Ctrl Pts',(-80.4634970324071,-69.0041389179803,39.6124148368836));
#5538=CARTESIAN_POINT('Ctrl Pts',(-81.3498610155614,-72.0041389179803,37.8397154808045));
#5539=CARTESIAN_POINT('Ctrl Pts',(-81.3498610155614,-69.0041389179803,37.8397154808045));
#5540=CARTESIAN_POINT('',(-80.4634970324071,-70.,43.2010483741761));
#5541=CARTESIAN_POINT('Ctrl Pts',(-81.3498610155614,-70.,37.8397154808045));
#5542=CARTESIAN_POINT('Ctrl Pts',(-81.0245221967785,-70.,38.4903826170204));
#5543=CARTESIAN_POINT('Ctrl Pts',(-80.8266555951264,-70.,39.2497509951161));
#5544=CARTESIAN_POINT('Ctrl Pts',(-80.5210499732556,-70.,41.0072269463952));
#5545=CARTESIAN_POINT('Ctrl Pts',(-80.4634970324071,-70.,42.1451401083011));
#5546=CARTESIAN_POINT('Ctrl Pts',(-80.4634970324071,-70.,43.2010483741761));
#5547=CARTESIAN_POINT('',(-80.4634970324071,-72.0041389179803,43.2010483741761));
#5548=CARTESIAN_POINT('Ctrl Pts',(-81.3498610155614,-72.0041389179803,37.8397154808045));
#5549=CARTESIAN_POINT('Ctrl Pts',(-80.4634970324071,-72.0041389179803,39.6124148368836));
#5550=CARTESIAN_POINT('Ctrl Pts',(-80.4634970324071,-72.0041389179803,43.2010483741761));
#5551=CARTESIAN_POINT('',(-80.4634970324071,-72.0041389179803,43.2010483741761));
#5552=CARTESIAN_POINT('Origin',(-80.4634970324071,-72.0041389179803,44.5846199989319));
#5553=CARTESIAN_POINT('',(-80.4634970324071,-70.,44.7923099994659));
#5554=CARTESIAN_POINT('',(-80.4634970324071,-72.0041389179803,43.2010483741761));
#5555=CARTESIAN_POINT('Origin',(-61.0827159779104,-72.0041389179803,50.));
#5556=CARTESIAN_POINT('Ctrl Pts',(-66.7142790453466,-72.0041389179803,55.1127243041993));
#5557=CARTESIAN_POINT('Ctrl Pts',(-66.7142790453466,-69.0041389179803,55.1127243041993));
#5558=CARTESIAN_POINT('Ctrl Pts',(-66.7142790453466,-72.0041389179803,57.5339722633362));
#5559=CARTESIAN_POINT('Ctrl Pts',(-66.7142790453466,-69.0041389179803,57.5339722633362));
#5560=CARTESIAN_POINT('Ctrl Pts',(-66.9304579393895,-72.0041389179803,58.0852389335633));
#5561=CARTESIAN_POINT('Ctrl Pts',(-66.9304579393895,-69.0041389179803,58.0852389335633));
#5562=CARTESIAN_POINT('',(-66.9304579393895,-70.,58.0852389335633));
#5563=CARTESIAN_POINT('',(-66.7142790453466,-70.,55.1127243041993));
#5564=CARTESIAN_POINT('Ctrl Pts',(-66.9304579393895,-70.,58.0852389335633));
#5565=CARTESIAN_POINT('Ctrl Pts',(-66.7863386766942,-70.,57.7177278200786));
#5566=CARTESIAN_POINT('Ctrl Pts',(-66.7142790453466,-70.,56.7268896102906));
#5567=CARTESIAN_POINT('Ctrl Pts',(-66.7142790453466,-70.,55.1127243041993));
#5568=CARTESIAN_POINT('',(-66.9304579393895,-72.0041389179803,58.0852389335633));
#5569=CARTESIAN_POINT('',(-66.9304579393895,-72.0041389179803,58.0852389335633));
#5570=CARTESIAN_POINT('',(-66.7142790453466,-72.0041389179803,55.1127243041993));
#5571=CARTESIAN_POINT('Ctrl Pts',(-66.9304579393895,-72.0041389179803,58.0852389335633));
#5572=CARTESIAN_POINT('Ctrl Pts',(-66.7142790453466,-72.0041389179803,57.5339722633362));
#5573=CARTESIAN_POINT('Ctrl Pts',(-66.7142790453466,-72.0041389179803,55.1127243041993));
#5574=CARTESIAN_POINT('',(-66.7142790453466,-72.0041389179803,55.1127243041993));
#5575=CARTESIAN_POINT('Origin',(-66.7142790453466,-72.0041389179803,53.0157494544983));
#5576=CARTESIAN_POINT('',(-66.7142790453466,-70.,53.0157494544983));
#5577=CARTESIAN_POINT('',(-66.7142790453466,-70.,49.0078747272492));
#5578=CARTESIAN_POINT('',(-66.7142790453466,-72.0041389179803,53.0157494544983));
#5579=CARTESIAN_POINT('',(-66.7142790453466,-72.0041389179803,55.1127243041993));
#5580=CARTESIAN_POINT('',(-66.7142790453466,-72.0041389179803,53.0157494544983));
#5581=CARTESIAN_POINT('Origin',(-69.2652338640721,-72.0041389179803,53.0157494544983));
#5582=CARTESIAN_POINT('',(-69.2652338640721,-70.,53.0157494544983));
#5583=CARTESIAN_POINT('',(-64.6326169320361,-70.,53.0157494544983));
#5584=CARTESIAN_POINT('',(-69.2652338640721,-72.0041389179803,53.0157494544983));
#5585=CARTESIAN_POINT('',(-66.7142790453466,-72.0041389179803,53.0157494544983));
#5586=CARTESIAN_POINT('',(-69.2652338640721,-72.0041389179803,53.0157494544983));
#5587=CARTESIAN_POINT('Ctrl Pts',(-63.3634489672216,-72.0041389179803,34.7915387153626));
#5588=CARTESIAN_POINT('Ctrl Pts',(-63.3634489672216,-69.0041389179803,34.7915387153626));
#5589=CARTESIAN_POINT('Ctrl Pts',(-65.482036461118,-72.0041389179803,33.9916634559632));
#5590=CARTESIAN_POINT('Ctrl Pts',(-65.482036461118,-69.0041389179803,33.9916634559632));
#5591=CARTESIAN_POINT('Ctrl Pts',(-68.2491797106298,-72.0041389179803,33.9916634559632));
#5592=CARTESIAN_POINT('Ctrl Pts',(-68.2491797106298,-69.0041389179803,33.9916634559632));
#5593=CARTESIAN_POINT('',(-68.2491797106298,-70.,33.9916634559632));
#5594=CARTESIAN_POINT('',(-63.3634489672216,-70.,34.7915387153626));
#5595=CARTESIAN_POINT('Ctrl Pts',(-68.2491797106298,-70.,33.9916634559632));
#5596=CARTESIAN_POINT('Ctrl Pts',(-66.4044175442886,-70.,33.9916634559632));
#5597=CARTESIAN_POINT('Ctrl Pts',(-64.7758406298192,-70.,34.2582885424296));
#5598=CARTESIAN_POINT('Ctrl Pts',(-63.3634489672216,-70.,34.7915387153626));
#5599=CARTESIAN_POINT('',(-68.2491797106298,-72.0041389179803,33.9916634559632));
#5600=CARTESIAN_POINT('',(-68.2491797106298,-72.0041389179803,33.9916634559632));
#5601=CARTESIAN_POINT('',(-63.3634489672216,-72.0041389179803,34.7915387153626));
#5602=CARTESIAN_POINT('Ctrl Pts',(-68.2491797106298,-72.0041389179803,33.9916634559632));
#5603=CARTESIAN_POINT('Ctrl Pts',(-65.482036461118,-72.0041389179803,33.9916634559632));
#5604=CARTESIAN_POINT('Ctrl Pts',(-63.3634489672216,-72.0041389179803,34.7915387153626));
#5605=CARTESIAN_POINT('',(-63.3634489672216,-72.0041389179803,34.7915387153626));
#5606=CARTESIAN_POINT('Ctrl Pts',(-60.0666540758642,-72.0041389179803,36.9857954978943));
#5607=CARTESIAN_POINT('Ctrl Pts',(-60.0666540758642,-69.0041389179803,36.9857954978943));
#5608=CARTESIAN_POINT('Ctrl Pts',(-61.2448519365819,-72.0041389179803,35.591413974762));
#5609=CARTESIAN_POINT('Ctrl Pts',(-61.2448519365819,-69.0041389179803,35.591413974762));
#5610=CARTESIAN_POINT('Ctrl Pts',(-63.3634489672216,-72.0041389179803,34.7915387153626));
#5611=CARTESIAN_POINT('Ctrl Pts',(-63.3634489672216,-69.0041389179803,34.7915387153626));
#5612=CARTESIAN_POINT('',(-60.0666540758642,-70.,36.9857954978943));
#5613=CARTESIAN_POINT('Ctrl Pts',(-63.3634489672216,-70.,34.7915387153626));
#5614=CARTESIAN_POINT('Ctrl Pts',(-61.9510509467951,-70.,35.3247888882955));
#5615=CARTESIAN_POINT('Ctrl Pts',(-60.8521193163427,-70.,36.0562078158061));
#5616=CARTESIAN_POINT('Ctrl Pts',(-60.0666540758642,-70.,36.9857954978943));
#5617=CARTESIAN_POINT('',(-60.0666540758642,-72.0041389179803,36.9857954978943));
#5618=CARTESIAN_POINT('Ctrl Pts',(-63.3634489672216,-72.0041389179803,34.7915387153626));
#5619=CARTESIAN_POINT('Ctrl Pts',(-61.2448519365819,-72.0041389179803,35.591413974762));
#5620=CARTESIAN_POINT('Ctrl Pts',(-60.0666540758642,-72.0041389179803,36.9857954978943));
#5621=CARTESIAN_POINT('',(-60.0666540758642,-72.0041389179803,36.9857954978943));
#5622=CARTESIAN_POINT('Ctrl Pts',(-58.4344738619359,-72.0041389179803,40.0555920600891));
#5623=CARTESIAN_POINT('Ctrl Pts',(-58.4344738619359,-69.0041389179803,40.0555920600891));
#5624=CARTESIAN_POINT('Ctrl Pts',(-58.888460983518,-72.0041389179803,38.3801722526551));
#5625=CARTESIAN_POINT('Ctrl Pts',(-58.888460983518,-69.0041389179803,38.3801722526551));
#5626=CARTESIAN_POINT('Ctrl Pts',(-60.0666540758642,-72.0041389179803,36.9857954978943));
#5627=CARTESIAN_POINT('Ctrl Pts',(-60.0666540758642,-69.0041389179803,36.9857954978943));
#5628=CARTESIAN_POINT('',(-58.4344738619359,-70.,40.0555920600891));
#5629=CARTESIAN_POINT('Ctrl Pts',(-60.0666540758642,-70.,36.9857954978943));
#5630=CARTESIAN_POINT('Ctrl Pts',(-59.2811920143,-70.,37.9153800010682));
#5631=CARTESIAN_POINT('Ctrl Pts',(-58.7371319429906,-70.,38.9386455217998));
#5632=CARTESIAN_POINT('Ctrl Pts',(-58.4344738619359,-70.,40.0555920600891));
#5633=CARTESIAN_POINT('',(-58.4344738619359,-72.0041389179803,40.0555920600891));
#5634=CARTESIAN_POINT('Ctrl Pts',(-60.0666540758642,-72.0041389179803,36.9857954978943));
#5635=CARTESIAN_POINT('Ctrl Pts',(-58.888460983518,-72.0041389179803,38.3801722526551));
#5636=CARTESIAN_POINT('Ctrl Pts',(-58.4344738619359,-72.0041389179803,40.0555920600891));
#5637=CARTESIAN_POINT('',(-58.4344738619359,-72.0041389179803,40.0555920600891));
#5638=CARTESIAN_POINT('Ctrl Pts',(-57.9804915087255,-72.0041389179803,44.9305129051209));
#5639=CARTESIAN_POINT('Ctrl Pts',(-57.9804915087255,-69.0041389179803,44.9305129051209));
#5640=CARTESIAN_POINT('Ctrl Pts',(-57.9804915087255,-72.0041389179803,41.7310070991516));
#5641=CARTESIAN_POINT('Ctrl Pts',(-57.9804915087255,-69.0041389179803,41.7310070991516));
#5642=CARTESIAN_POINT('Ctrl Pts',(-58.4344738619359,-72.0041389179803,40.0555920600891));
#5643=CARTESIAN_POINT('Ctrl Pts',(-58.4344738619359,-69.0041389179803,40.0555920600891));
#5644=CARTESIAN_POINT('',(-57.9804915087255,-70.,44.9305129051209));
#5645=CARTESIAN_POINT('Ctrl Pts',(-58.4344738619359,-70.,40.0555920600891));
#5646=CARTESIAN_POINT('Ctrl Pts',(-58.1318189597956,-70.,41.1725354194641));
#5647=CARTESIAN_POINT('Ctrl Pts',(-57.9804915087255,-70.,42.7975090344747));
#5648=CARTESIAN_POINT('Ctrl Pts',(-57.9804915087255,-70.,44.9305129051209));
#5649=CARTESIAN_POINT('',(-57.9804915087255,-72.0041389179803,44.9305129051209));
#5650=CARTESIAN_POINT('Ctrl Pts',(-58.4344738619359,-72.0041389179803,40.0555920600891));
#5651=CARTESIAN_POINT('Ctrl Pts',(-57.9804915087255,-72.0041389179803,41.7310070991516));
#5652=CARTESIAN_POINT('Ctrl Pts',(-57.9804915087255,-72.0041389179803,44.9305129051209));
#5653=CARTESIAN_POINT('',(-57.9804915087255,-72.0041389179803,44.9305129051209));
#5654=CARTESIAN_POINT('Origin',(-57.9804915087255,-72.0041389179803,53.2967877388001));
#5655=CARTESIAN_POINT('',(-57.9804915087255,-70.,53.2967877388001));
#5656=CARTESIAN_POINT('',(-57.9804915087255,-70.,49.1483938694));
#5657=CARTESIAN_POINT('',(-57.9804915087255,-72.0041389179803,53.2967877388001));
#5658=CARTESIAN_POINT('',(-57.9804915087255,-72.0041389179803,44.9305129051209));
#5659=CARTESIAN_POINT('',(-57.9804915087255,-72.0041389179803,53.2967877388001));
#5660=CARTESIAN_POINT('Ctrl Pts',(-58.9965504305395,-72.0041389179803,59.2310070991516));
#5661=CARTESIAN_POINT('Ctrl Pts',(-58.9965504305395,-69.0041389179803,59.2310070991516));
#5662=CARTESIAN_POINT('Ctrl Pts',(-57.9804915087255,-72.0041389179803,57.0583701133728));
#5663=CARTESIAN_POINT('Ctrl Pts',(-57.9804915087255,-69.0041389179803,57.0583701133728));
#5664=CARTESIAN_POINT('Ctrl Pts',(-57.9804915087255,-72.0041389179803,53.2967877388001));
#5665=CARTESIAN_POINT('Ctrl Pts',(-57.9804915087255,-69.0041389179803,53.2967877388001));
#5666=CARTESIAN_POINT('',(-58.9965504305395,-70.,59.2310070991516));
#5667=CARTESIAN_POINT('Ctrl Pts',(-57.9804915087255,-70.,53.2967877388001));
#5668=CARTESIAN_POINT('Ctrl Pts',(-57.9804915087255,-70.,55.8045093218486));
#5669=CARTESIAN_POINT('Ctrl Pts',(-58.3191778159968,-70.,57.7825824419658));
#5670=CARTESIAN_POINT('Ctrl Pts',(-58.9965504305395,-70.,59.2310070991516));
#5671=CARTESIAN_POINT('',(-58.9965504305395,-72.0041389179803,59.2310070991516));
#5672=CARTESIAN_POINT('Ctrl Pts',(-57.9804915087255,-72.0041389179803,53.2967877388001));
#5673=CARTESIAN_POINT('Ctrl Pts',(-57.9804915087255,-72.0041389179803,57.0583701133728));
#5674=CARTESIAN_POINT('Ctrl Pts',(-58.9965504305395,-72.0041389179803,59.2310070991516));
#5675=CARTESIAN_POINT('',(-58.9965504305395,-72.0041389179803,59.2310070991516));
#5676=CARTESIAN_POINT('Ctrl Pts',(-62.3257654802831,-72.0041389179803,62.5602221488953));
#5677=CARTESIAN_POINT('Ctrl Pts',(-62.3257654802831,-69.0041389179803,62.5602221488953));
#5678=CARTESIAN_POINT('Ctrl Pts',(-60.0126093523534,-72.0041389179803,61.4036440849305));
#5679=CARTESIAN_POINT('Ctrl Pts',(-60.0126093523534,-69.0041389179803,61.4036440849305));
#5680=CARTESIAN_POINT('Ctrl Pts',(-58.9965504305395,-72.0041389179803,59.2310070991516));
#5681=CARTESIAN_POINT('Ctrl Pts',(-58.9965504305395,-69.0041389179803,59.2310070991516));
#5682=CARTESIAN_POINT('',(-62.3257654802831,-70.,62.5602221488953));
#5683=CARTESIAN_POINT('Ctrl Pts',(-58.9965504305395,-70.,59.2310070991516));
#5684=CARTESIAN_POINT('Ctrl Pts',(-59.6739230450821,-70.,60.6794317563375));
#5685=CARTESIAN_POINT('Ctrl Pts',(-60.7836613949966,-70.,61.7891701062521));
#5686=CARTESIAN_POINT('Ctrl Pts',(-62.3257654802831,-70.,62.5602221488953));
#5687=CARTESIAN_POINT('',(-62.3257654802831,-72.0041389179803,62.5602221488953));
#5688=CARTESIAN_POINT('Ctrl Pts',(-58.9965504305395,-72.0041389179803,59.2310070991516));
#5689=CARTESIAN_POINT('Ctrl Pts',(-60.0126093523534,-72.0041389179803,61.4036440849305));
#5690=CARTESIAN_POINT('Ctrl Pts',(-62.3257654802831,-72.0041389179803,62.5602221488953));
#5691=CARTESIAN_POINT('',(-62.3257654802831,-72.0041389179803,62.5602221488953));
#5692=CARTESIAN_POINT('Ctrl Pts',(-67.6438635485204,-72.0041389179803,63.7168002128601));
#5693=CARTESIAN_POINT('Ctrl Pts',(-67.6438635485204,-69.0041389179803,63.7168002128601));
#5694=CARTESIAN_POINT('Ctrl Pts',(-64.6389216082128,-72.0041389179803,63.7168002128601));
#5695=CARTESIAN_POINT('Ctrl Pts',(-64.6389216082128,-69.0041389179803,63.7168002128601));
#5696=CARTESIAN_POINT('Ctrl Pts',(-62.3257654802831,-72.0041389179803,62.5602221488953));
#5697=CARTESIAN_POINT('Ctrl Pts',(-62.3257654802831,-69.0041389179803,62.5602221488953));
#5698=CARTESIAN_POINT('',(-67.6438635485204,-70.,63.7168002128601));
#5699=CARTESIAN_POINT('Ctrl Pts',(-62.3257654802831,-70.,62.5602221488953));
#5700=CARTESIAN_POINT('Ctrl Pts',(-63.8678695655695,-70.,63.3312741915385));
#5701=CARTESIAN_POINT('Ctrl Pts',(-65.6405689216487,-70.,63.7168002128601));
#5702=CARTESIAN_POINT('Ctrl Pts',(-67.6438635485204,-70.,63.7168002128601));
#5703=CARTESIAN_POINT('',(-67.6438635485204,-72.0041389179803,63.7168002128601));
#5704=CARTESIAN_POINT('Ctrl Pts',(-62.3257654802831,-72.0041389179803,62.5602221488953));
#5705=CARTESIAN_POINT('Ctrl Pts',(-64.6389216082128,-72.0041389179803,63.7168002128601));
#5706=CARTESIAN_POINT('Ctrl Pts',(-67.6438635485204,-72.0041389179803,63.7168002128601));
#5707=CARTESIAN_POINT('',(-67.6438635485204,-72.0041389179803,63.7168002128601));
#5708=CARTESIAN_POINT('Ctrl Pts',(-73.7077921526464,-72.0041389179803,62.3224210739136));
#5709=CARTESIAN_POINT('Ctrl Pts',(-73.7077921526464,-69.0041389179803,62.3224210739136));
#5710=CARTESIAN_POINT('Ctrl Pts',(-71.318971504453,-72.0041389179803,63.7168002128601));
#5711=CARTESIAN_POINT('Ctrl Pts',(-71.318971504453,-69.0041389179803,63.7168002128601));
#5712=CARTESIAN_POINT('Ctrl Pts',(-67.6438635485204,-72.0041389179803,63.7168002128601));
#5713=CARTESIAN_POINT('Ctrl Pts',(-67.6438635485204,-69.0041389179803,63.7168002128601));
#5714=CARTESIAN_POINT('',(-73.7077921526464,-70.,62.3224210739136));
#5715=CARTESIAN_POINT('Ctrl Pts',(-67.6438635485204,-70.,63.7168002128601));
#5716=CARTESIAN_POINT('Ctrl Pts',(-70.0939355191421,-70.,63.7168002128601));
#5717=CARTESIAN_POINT('Ctrl Pts',(-72.1152450538508,-70.,63.2520071665446));
#5718=CARTESIAN_POINT('Ctrl Pts',(-73.7077921526464,-70.,62.3224210739136));
#5719=CARTESIAN_POINT('',(-73.7077921526464,-72.0041389179803,62.3224210739136));
#5720=CARTESIAN_POINT('Ctrl Pts',(-67.6438635485204,-72.0041389179803,63.7168002128601));
#5721=CARTESIAN_POINT('Ctrl Pts',(-71.318971504453,-72.0041389179803,63.7168002128601));
#5722=CARTESIAN_POINT('Ctrl Pts',(-73.7077921526464,-72.0041389179803,62.3224210739136));
#5723=CARTESIAN_POINT('',(-73.7077921526464,-72.0041389179803,62.3224210739136));
#5724=CARTESIAN_POINT('Ctrl Pts',(-77.0586317675145,-72.0041389179803,58.6256957054139));
#5725=CARTESIAN_POINT('Ctrl Pts',(-77.0586317675145,-69.0041389179803,58.6256957054139));
#5726=CARTESIAN_POINT('Ctrl Pts',(-76.0966128008397,-72.0041389179803,60.9280419349671));
#5727=CARTESIAN_POINT('Ctrl Pts',(-76.0966128008397,-69.0041389179803,60.9280419349671));
#5728=CARTESIAN_POINT('Ctrl Pts',(-73.7077921526464,-72.0041389179803,62.3224210739136));
#5729=CARTESIAN_POINT('Ctrl Pts',(-73.7077921526464,-69.0041389179803,62.3224210739136));
#5730=CARTESIAN_POINT('',(-77.0586317675145,-70.,58.6256957054139));
#5731=CARTESIAN_POINT('Ctrl Pts',(-73.7077921526464,-70.,62.3224210739136));
#5732=CARTESIAN_POINT('Ctrl Pts',(-75.3003392514419,-70.,61.3928349812826));
#5733=CARTESIAN_POINT('Ctrl Pts',(-76.4172857897313,-70.,60.1605931917827));
#5734=CARTESIAN_POINT('Ctrl Pts',(-77.0586317675145,-70.,58.6256957054139));
#5735=CARTESIAN_POINT('',(-77.0586317675145,-72.0041389179803,58.6256957054139));
#5736=CARTESIAN_POINT('Ctrl Pts',(-73.7077921526464,-72.0041389179803,62.3224210739136));
#5737=CARTESIAN_POINT('Ctrl Pts',(-76.0966128008397,-72.0041389179803,60.9280419349671));
#5738=CARTESIAN_POINT('Ctrl Pts',(-77.0586317675145,-72.0041389179803,58.6256957054139));
#5739=CARTESIAN_POINT('',(-77.0586317675145,-72.0041389179803,58.6256957054139));
#5740=CARTESIAN_POINT('Ctrl Pts',(-78.0206411974462,-72.0041389179803,52.1510195732117));
#5741=CARTESIAN_POINT('Ctrl Pts',(-78.0206411974462,-69.0041389179803,52.1510195732117));
#5742=CARTESIAN_POINT('Ctrl Pts',(-78.0206411974462,-72.0041389179803,56.3233470916748));
#5743=CARTESIAN_POINT('Ctrl Pts',(-78.0206411974462,-69.0041389179803,56.3233470916748));
#5744=CARTESIAN_POINT('Ctrl Pts',(-77.0586317675145,-72.0041389179803,58.6256957054139));
#5745=CARTESIAN_POINT('Ctrl Pts',(-77.0586317675145,-69.0041389179803,58.6256957054139));
#5746=CARTESIAN_POINT('',(-78.0206411974462,-70.,52.1510195732117));
#5747=CARTESIAN_POINT('Ctrl Pts',(-77.0586317675145,-70.,58.6256957054139));
#5748=CARTESIAN_POINT('Ctrl Pts',(-77.699971387469,-70.,57.0907966295878));
#5749=CARTESIAN_POINT('Ctrl Pts',(-78.0206411974462,-70.,54.9325712521871));
#5750=CARTESIAN_POINT('Ctrl Pts',(-78.0206411974462,-70.,52.1510195732117));
#5751=CARTESIAN_POINT('',(-78.0206411974462,-72.0041389179803,52.1510195732117));
#5752=CARTESIAN_POINT('Ctrl Pts',(-77.0586317675145,-72.0041389179803,58.6256957054139));
#5753=CARTESIAN_POINT('Ctrl Pts',(-78.0206411974462,-72.0041389179803,56.3233470916748));
#5754=CARTESIAN_POINT('Ctrl Pts',(-78.0206411974462,-72.0041389179803,52.1510195732117));
#5755=CARTESIAN_POINT('',(-78.0206411974462,-72.0041389179803,52.1510195732117));
#5756=CARTESIAN_POINT('Origin',(-78.0206411974462,-72.0041389179803,48.3462023735047));
#5757=CARTESIAN_POINT('',(-78.0206411974462,-70.,48.3462023735047));
#5758=CARTESIAN_POINT('',(-78.0206411974462,-70.,46.6731011867523));
#5759=CARTESIAN_POINT('',(-78.0206411974462,-72.0041389179803,48.3462023735047));
#5760=CARTESIAN_POINT('',(-78.0206411974462,-72.0041389179803,52.1510195732117));
#5761=CARTESIAN_POINT('',(-78.0206411974462,-72.0041389179803,48.3462023735047));
#5762=CARTESIAN_POINT('Origin',(-69.2652338640721,-72.0041389179803,55.1127243041993));
#5763=CARTESIAN_POINT('',(-69.2652338640721,-70.,55.1127243041993));
#5764=CARTESIAN_POINT('',(-69.2652338640721,-70.,50.0563621520996));
#5765=CARTESIAN_POINT('',(-69.2652338640721,-72.0041389179803,55.1127243041993));
#5766=CARTESIAN_POINT('',(-69.2652338640721,-72.0041389179803,53.0157494544983));
#5767=CARTESIAN_POINT('',(-69.2652338640721,-72.0041389179803,55.1127243041993));
#5768=CARTESIAN_POINT('Ctrl Pts',(-69.0274351732762,-72.0041389179803,57.9879546165467));
#5769=CARTESIAN_POINT('Ctrl Pts',(-69.0274351732762,-69.0041389179803,57.9879546165467));
#5770=CARTESIAN_POINT('Ctrl Pts',(-69.2652338640721,-72.0041389179803,57.3394060134888));
#5771=CARTESIAN_POINT('Ctrl Pts',(-69.2652338640721,-69.0041389179803,57.3394060134888));
#5772=CARTESIAN_POINT('Ctrl Pts',(-69.2652338640721,-72.0041389179803,55.1127243041993));
#5773=CARTESIAN_POINT('Ctrl Pts',(-69.2652338640721,-69.0041389179803,55.1127243041993));
#5774=CARTESIAN_POINT('',(-69.0274351732762,-70.,57.9879546165467));
#5775=CARTESIAN_POINT('Ctrl Pts',(-69.2652338640721,-70.,55.1127243041993));
#5776=CARTESIAN_POINT('Ctrl Pts',(-69.2652338640721,-70.,56.597178777059));
#5777=CARTESIAN_POINT('Ctrl Pts',(-69.1859676338069,-70.,57.5555888811748));
#5778=CARTESIAN_POINT('Ctrl Pts',(-69.0274351732762,-70.,57.9879546165467));
#5779=CARTESIAN_POINT('',(-69.0274351732762,-72.0041389179803,57.9879546165467));
#5780=CARTESIAN_POINT('Ctrl Pts',(-69.2652338640721,-72.0041389179803,55.1127243041993));
#5781=CARTESIAN_POINT('Ctrl Pts',(-69.2652338640721,-72.0041389179803,57.3394060134888));
#5782=CARTESIAN_POINT('Ctrl Pts',(-69.0274351732762,-72.0041389179803,57.9879546165467));
#5783=CARTESIAN_POINT('',(-69.0274351732762,-72.0041389179803,57.9879546165467));
#5784=CARTESIAN_POINT('Ctrl Pts',(-68.0546110765966,-72.0041389179803,58.6365032196045));
#5785=CARTESIAN_POINT('Ctrl Pts',(-68.0546110765966,-69.0041389179803,58.6365032196045));
#5786=CARTESIAN_POINT('Ctrl Pts',(-68.7896269457372,-72.0041389179803,58.6365032196045));
#5787=CARTESIAN_POINT('Ctrl Pts',(-68.7896269457372,-69.0041389179803,58.6365032196045));
#5788=CARTESIAN_POINT('Ctrl Pts',(-69.0274351732762,-72.0041389179803,57.9879546165467));
#5789=CARTESIAN_POINT('Ctrl Pts',(-69.0274351732762,-69.0041389179803,57.9879546165467));
#5790=CARTESIAN_POINT('',(-68.0546110765966,-70.,58.6365032196045));
#5791=CARTESIAN_POINT('Ctrl Pts',(-69.0274351732762,-70.,57.9879546165467));
#5792=CARTESIAN_POINT('Ctrl Pts',(-68.8688963549169,-70.,58.4203203519186));
#5793=CARTESIAN_POINT('Ctrl Pts',(-68.5446216560237,-70.,58.6365032196045));
#5794=CARTESIAN_POINT('Ctrl Pts',(-68.0546110765966,-70.,58.6365032196045));
#5795=CARTESIAN_POINT('',(-68.0546110765966,-72.0041389179803,58.6365032196045));
#5796=CARTESIAN_POINT('Ctrl Pts',(-69.0274351732762,-72.0041389179803,57.9879546165467));
#5797=CARTESIAN_POINT('Ctrl Pts',(-68.7896269457372,-72.0041389179803,58.6365032196045));
#5798=CARTESIAN_POINT('Ctrl Pts',(-68.0546110765966,-72.0041389179803,58.6365032196045));
#5799=CARTESIAN_POINT('',(-68.0546110765966,-72.0041389179803,58.6365032196045));
#5800=CARTESIAN_POINT('Ctrl Pts',(-66.9304579393895,-72.0041389179803,58.0852389335633));
#5801=CARTESIAN_POINT('Ctrl Pts',(-66.9304579393895,-69.0041389179803,58.0852389335633));
#5802=CARTESIAN_POINT('Ctrl Pts',(-67.1466368334325,-72.0041389179803,58.6365032196045));
#5803=CARTESIAN_POINT('Ctrl Pts',(-67.1466368334325,-69.0041389179803,58.6365032196045));
#5804=CARTESIAN_POINT('Ctrl Pts',(-68.0546110765966,-72.0041389179803,58.6365032196045));
#5805=CARTESIAN_POINT('Ctrl Pts',(-68.0546110765966,-69.0041389179803,58.6365032196045));
#5806=CARTESIAN_POINT('Ctrl Pts',(-68.0546110765966,-70.,58.6365032196045));
#5807=CARTESIAN_POINT('Ctrl Pts',(-67.4492949144872,-70.,58.6365032196045));
#5808=CARTESIAN_POINT('Ctrl Pts',(-67.0745772020848,-70.,58.4527484575908));
#5809=CARTESIAN_POINT('Ctrl Pts',(-66.9304579393895,-70.,58.0852389335633));
#5810=CARTESIAN_POINT('Ctrl Pts',(-68.0546110765966,-72.0041389179803,58.6365032196045));
#5811=CARTESIAN_POINT('Ctrl Pts',(-67.1466368334325,-72.0041389179803,58.6365032196045));
#5812=CARTESIAN_POINT('Ctrl Pts',(-66.9304579393895,-72.0041389179803,58.0852389335633));
#5813=CARTESIAN_POINT('Origin',(-66.7142790453466,-72.0041389179803,48.3462023735047));
#5814=CARTESIAN_POINT('',(-66.7142790453466,-70.,48.3462023735047));
#5815=CARTESIAN_POINT('',(-63.3571395226733,-70.,48.3462023735047));
#5816=CARTESIAN_POINT('',(-66.7142790453466,-72.0041389179803,48.3462023735047));
#5817=CARTESIAN_POINT('',(-78.0206411974462,-72.0041389179803,48.3462023735047));
#5818=CARTESIAN_POINT('',(-66.7142790453466,-72.0041389179803,48.3462023735047));
#5819=CARTESIAN_POINT('Origin',(-66.7142790453466,-72.0041389179803,42.1417546272278));
#5820=CARTESIAN_POINT('',(-66.7142790453466,-70.,42.1417546272278));
#5821=CARTESIAN_POINT('',(-66.7142790453466,-70.,43.5708773136139));
#5822=CARTESIAN_POINT('',(-66.7142790453466,-72.0041389179803,42.1417546272278));
#5823=CARTESIAN_POINT('',(-66.7142790453466,-72.0041389179803,48.3462023735047));
#5824=CARTESIAN_POINT('',(-66.7142790453466,-72.0041389179803,42.1417546272278));
#5825=CARTESIAN_POINT('Ctrl Pts',(-66.9953173296483,-72.0041389179803,39.6340346336365));
#5826=CARTESIAN_POINT('Ctrl Pts',(-66.9953173296483,-69.0041389179803,39.6340346336365));
#5827=CARTESIAN_POINT('Ctrl Pts',(-66.7142790453466,-72.0041389179803,40.1961064338684));
#5828=CARTESIAN_POINT('Ctrl Pts',(-66.7142790453466,-69.0041389179803,40.1961064338684));
#5829=CARTESIAN_POINT('Ctrl Pts',(-66.7142790453466,-72.0041389179803,42.1417546272278));
#5830=CARTESIAN_POINT('Ctrl Pts',(-66.7142790453466,-69.0041389179803,42.1417546272278));
#5831=CARTESIAN_POINT('',(-66.9953173296483,-70.,39.6340346336365));
#5832=CARTESIAN_POINT('Ctrl Pts',(-66.7142790453466,-70.,42.1417546272278));
#5833=CARTESIAN_POINT('Ctrl Pts',(-66.7142790453466,-70.,40.8446558316549));
#5834=CARTESIAN_POINT('Ctrl Pts',(-66.8079584734471,-70.,40.0087491671245));
#5835=CARTESIAN_POINT('Ctrl Pts',(-66.9953173296483,-70.,39.6340346336365));
#5836=CARTESIAN_POINT('',(-66.9953173296483,-72.0041389179803,39.6340346336365));
#5837=CARTESIAN_POINT('Ctrl Pts',(-66.7142790453466,-72.0041389179803,42.1417546272278));
#5838=CARTESIAN_POINT('Ctrl Pts',(-66.7142790453466,-72.0041389179803,40.1961064338684));
#5839=CARTESIAN_POINT('Ctrl Pts',(-66.9953173296483,-72.0041389179803,39.6340346336365));
#5840=CARTESIAN_POINT('',(-66.9953173296483,-72.0041389179803,39.6340346336365));
#5841=CARTESIAN_POINT('Ctrl Pts',(-68.0762308733495,-72.0041389179803,39.071958065033));
#5842=CARTESIAN_POINT('Ctrl Pts',(-68.0762308733495,-69.0041389179803,39.071958065033));
#5843=CARTESIAN_POINT('Ctrl Pts',(-67.2763556139501,-72.0041389179803,39.071958065033));
#5844=CARTESIAN_POINT('Ctrl Pts',(-67.2763556139501,-69.0041389179803,39.071958065033));
#5845=CARTESIAN_POINT('Ctrl Pts',(-66.9953173296483,-72.0041389179803,39.6340346336365));
#5846=CARTESIAN_POINT('Ctrl Pts',(-66.9953173296483,-69.0041389179803,39.6340346336365));
#5847=CARTESIAN_POINT('',(-68.0762308733495,-70.,39.071958065033));
#5848=CARTESIAN_POINT('Ctrl Pts',(-66.9953173296483,-70.,39.6340346336365));
#5849=CARTESIAN_POINT('Ctrl Pts',(-67.1826761858495,-70.,39.2593169212342));
#5850=CARTESIAN_POINT('Ctrl Pts',(-67.5429807004165,-70.,39.071958065033));
#5851=CARTESIAN_POINT('Ctrl Pts',(-68.0762308733495,-70.,39.071958065033));
#5852=CARTESIAN_POINT('',(-68.0762308733495,-72.0041389179803,39.071958065033));
#5853=CARTESIAN_POINT('Ctrl Pts',(-66.9953173296483,-72.0041389179803,39.6340346336365));
#5854=CARTESIAN_POINT('Ctrl Pts',(-67.2763556139501,-72.0041389179803,39.071958065033));
#5855=CARTESIAN_POINT('Ctrl Pts',(-68.0762308733495,-72.0041389179803,39.071958065033));
#5856=CARTESIAN_POINT('',(-68.0762308733495,-72.0041389179803,39.071958065033));
#5857=CARTESIAN_POINT('Ctrl Pts',(-69.4057577745946,-72.0041389179803,39.8177886009217));
#5858=CARTESIAN_POINT('Ctrl Pts',(-69.4057577745946,-69.0041389179803,39.8177886009217));
#5859=CARTESIAN_POINT('Ctrl Pts',(-69.0706747667821,-72.0041389179803,39.071958065033));
#5860=CARTESIAN_POINT('Ctrl Pts',(-69.0706747667821,-69.0041389179803,39.071958065033));
#5861=CARTESIAN_POINT('Ctrl Pts',(-68.0762308733495,-72.0041389179803,39.071958065033));
#5862=CARTESIAN_POINT('Ctrl Pts',(-68.0762308733495,-69.0041389179803,39.071958065033));
#5863=CARTESIAN_POINT('',(-69.4057577745946,-70.,39.8177886009217));
#5864=CARTESIAN_POINT('Ctrl Pts',(-68.0762308733495,-70.,39.071958065033));
#5865=CARTESIAN_POINT('Ctrl Pts',(-68.7391934689712,-70.,39.071958065033));
#5866=CARTESIAN_POINT('Ctrl Pts',(-69.1823691027196,-70.,39.3205682436625));
#5867=CARTESIAN_POINT('Ctrl Pts',(-69.4057577745946,-70.,39.8177886009217));
#5868=CARTESIAN_POINT('',(-69.4057577745946,-72.0041389179803,39.8177886009217));
#5869=CARTESIAN_POINT('Ctrl Pts',(-68.0762308733495,-72.0041389179803,39.071958065033));
#5870=CARTESIAN_POINT('Ctrl Pts',(-69.0706747667821,-72.0041389179803,39.071958065033));
#5871=CARTESIAN_POINT('Ctrl Pts',(-69.4057577745946,-72.0041389179803,39.8177886009217));
#5872=CARTESIAN_POINT('',(-69.4057577745946,-72.0041389179803,39.8177886009217));
#5873=CARTESIAN_POINT('Ctrl Pts',(-69.7408407824071,-72.0041389179803,42.7038311958313));
#5874=CARTESIAN_POINT('Ctrl Pts',(-69.7408407824071,-69.0041389179803,42.7038311958313));
#5875=CARTESIAN_POINT('Ctrl Pts',(-69.7408407824071,-72.0041389179803,40.5636191368103));
#5876=CARTESIAN_POINT('Ctrl Pts',(-69.7408407824071,-69.0041389179803,40.5636191368103));
#5877=CARTESIAN_POINT('Ctrl Pts',(-69.4057577745946,-72.0041389179803,39.8177886009217));
#5878=CARTESIAN_POINT('Ctrl Pts',(-69.4057577745946,-69.0041389179803,39.8177886009217));
#5879=CARTESIAN_POINT('',(-69.7408407824071,-70.,42.7038311958313));
#5880=CARTESIAN_POINT('Ctrl Pts',(-69.4057577745946,-70.,39.8177886009217));
#5881=CARTESIAN_POINT('Ctrl Pts',(-69.6291464464696,-70.,40.3150089581808));
#5882=CARTESIAN_POINT('Ctrl Pts',(-69.7408407824071,-70.,41.277023156484));
#5883=CARTESIAN_POINT('Ctrl Pts',(-69.7408407824071,-70.,42.7038311958313));
#5884=CARTESIAN_POINT('',(-69.7408407824071,-72.0041389179803,42.7038311958313));
#5885=CARTESIAN_POINT('Ctrl Pts',(-69.4057577745946,-72.0041389179803,39.8177886009217));
#5886=CARTESIAN_POINT('Ctrl Pts',(-69.7408407824071,-72.0041389179803,40.5636191368103));
#5887=CARTESIAN_POINT('Ctrl Pts',(-69.7408407824071,-72.0041389179803,42.7038311958313));
#5888=CARTESIAN_POINT('',(-69.7408407824071,-72.0041389179803,42.7038311958313));
#5889=CARTESIAN_POINT('Origin',(-69.7408407824071,-72.0041389179803,46.4870285987854));
#5890=CARTESIAN_POINT('',(-69.7408407824071,-70.,46.4870285987854));
#5891=CARTESIAN_POINT('',(-69.7408407824071,-70.,45.7435142993927));
#5892=CARTESIAN_POINT('',(-69.7408407824071,-72.0041389179803,46.4870285987854));
#5893=CARTESIAN_POINT('',(-69.7408407824071,-72.0041389179803,42.7038311958313));
#5894=CARTESIAN_POINT('',(-69.7408407824071,-72.0041389179803,46.4870285987854));
#5895=CARTESIAN_POINT('Origin',(-78.0206411974462,-72.0041389179803,46.4870285987854));
#5896=CARTESIAN_POINT('',(-78.0206411974462,-70.,46.4870285987854));
#5897=CARTESIAN_POINT('',(-69.0103205987231,-70.,46.4870285987854));
#5898=CARTESIAN_POINT('',(-78.0206411974462,-72.0041389179803,46.4870285987854));
#5899=CARTESIAN_POINT('',(-69.7408407824071,-72.0041389179803,46.4870285987854));
#5900=CARTESIAN_POINT('',(-78.0206411974462,-72.0041389179803,46.4870285987854));
#5901=CARTESIAN_POINT('Origin',(-78.0206411974462,-72.0041389179803,44.3684363365174));
#5902=CARTESIAN_POINT('',(-78.0206411974462,-70.,44.3684363365174));
#5903=CARTESIAN_POINT('',(-78.0206411974462,-70.,44.6842181682587));
#5904=CARTESIAN_POINT('',(-78.0206411974462,-72.0041389179803,44.3684363365174));
#5905=CARTESIAN_POINT('',(-78.0206411974462,-72.0041389179803,46.4870285987854));
#5906=CARTESIAN_POINT('',(-78.0206411974462,-72.0041389179803,44.3684363365174));
#5907=CARTESIAN_POINT('Ctrl Pts',(-77.6855581896337,-72.0041389179803,40.2825808525086));
#5908=CARTESIAN_POINT('Ctrl Pts',(-77.6855581896337,-69.0041389179803,40.2825808525086));
#5909=CARTESIAN_POINT('Ctrl Pts',(-78.0206411974462,-72.0041389179803,41.7093873023987));
#5910=CARTESIAN_POINT('Ctrl Pts',(-78.0206411974462,-69.0041389179803,41.7093873023987));
#5911=CARTESIAN_POINT('Ctrl Pts',(-78.0206411974462,-72.0041389179803,44.3684363365174));
#5912=CARTESIAN_POINT('Ctrl Pts',(-78.0206411974462,-69.0041389179803,44.3684363365174));
#5913=CARTESIAN_POINT('',(-77.6855581896337,-70.,40.2825808525086));
#5914=CARTESIAN_POINT('Ctrl Pts',(-78.0206411974462,-70.,44.3684363365174));
#5915=CARTESIAN_POINT('Ctrl Pts',(-78.0206411974462,-70.,42.5957369804383));
#5916=CARTESIAN_POINT('Ctrl Pts',(-77.9089468615087,-70.,41.2337851524353));
#5917=CARTESIAN_POINT('Ctrl Pts',(-77.6855581896337,-70.,40.2825808525086));
#5918=CARTESIAN_POINT('',(-77.6855581896337,-72.0041389179803,40.2825808525086));
#5919=CARTESIAN_POINT('Ctrl Pts',(-78.0206411974462,-72.0041389179803,44.3684363365174));
#5920=CARTESIAN_POINT('Ctrl Pts',(-78.0206411974462,-72.0041389179803,41.7093873023987));
#5921=CARTESIAN_POINT('Ctrl Pts',(-77.6855581896337,-72.0041389179803,40.2825808525086));
#5922=CARTESIAN_POINT('',(-77.6855581896337,-72.0041389179803,40.2825808525086));
#5923=CARTESIAN_POINT('Ctrl Pts',(-76.1182325975927,-72.0041389179803,37.2344040870667));
#5924=CARTESIAN_POINT('Ctrl Pts',(-76.1182325975927,-69.0041389179803,37.2344040870667));
#5925=CARTESIAN_POINT('Ctrl Pts',(-77.3504751818212,-72.0041389179803,38.8557744026184));
#5926=CARTESIAN_POINT('Ctrl Pts',(-77.3504751818212,-69.0041389179803,38.8557744026184));
#5927=CARTESIAN_POINT('Ctrl Pts',(-77.6855581896337,-72.0041389179803,40.2825808525086));
#5928=CARTESIAN_POINT('Ctrl Pts',(-77.6855581896337,-69.0041389179803,40.2825808525086));
#5929=CARTESIAN_POINT('',(-76.1182325975927,-70.,37.2344040870667));
#5930=CARTESIAN_POINT('Ctrl Pts',(-77.6855581896337,-70.,40.2825808525086));
#5931=CARTESIAN_POINT('Ctrl Pts',(-77.4621695177587,-70.,39.3313765525818));
#5932=CARTESIAN_POINT('Ctrl Pts',(-76.939727653745,-70.,38.3153176307679));
#5933=CARTESIAN_POINT('Ctrl Pts',(-76.1182325975927,-70.,37.2344040870667));
#5934=CARTESIAN_POINT('',(-76.1182325975927,-72.0041389179803,37.2344040870667));
#5935=CARTESIAN_POINT('Ctrl Pts',(-77.6855581896337,-72.0041389179803,40.2825808525086));
#5936=CARTESIAN_POINT('Ctrl Pts',(-77.3504751818212,-72.0041389179803,38.8557744026184));
#5937=CARTESIAN_POINT('Ctrl Pts',(-76.1182325975927,-72.0041389179803,37.2344040870667));
#5938=CARTESIAN_POINT('',(-76.1182325975927,-72.0041389179803,37.2344040870667));
#5939=CARTESIAN_POINT('Ctrl Pts',(-72.9943960802587,-72.0041389179803,34.802348613739));
#5940=CARTESIAN_POINT('Ctrl Pts',(-72.9943960802587,-69.0041389179803,34.802348613739));
#5941=CARTESIAN_POINT('Ctrl Pts',(-74.8859900133641,-72.0041389179803,35.6130337715149));
#5942=CARTESIAN_POINT('Ctrl Pts',(-74.8859900133641,-69.0041389179803,35.6130337715149));
#5943=CARTESIAN_POINT('Ctrl Pts',(-76.1182325975927,-72.0041389179803,37.2344040870667));
#5944=CARTESIAN_POINT('Ctrl Pts',(-76.1182325975927,-69.0041389179803,37.2344040870667));
#5945=CARTESIAN_POINT('',(-72.9943960802587,-70.,34.802348613739));
#5946=CARTESIAN_POINT('Ctrl Pts',(-76.1182325975927,-70.,37.2344040870667));
#5947=CARTESIAN_POINT('Ctrl Pts',(-75.2967375414403,-70.,36.1534905433655));
#5948=CARTESIAN_POINT('Ctrl Pts',(-74.255458702329,-70.,35.3428053855896));
#5949=CARTESIAN_POINT('Ctrl Pts',(-72.9943960802587,-70.,34.802348613739));
#5950=CARTESIAN_POINT('',(-72.9943960802587,-72.0041389179803,34.802348613739));
#5951=CARTESIAN_POINT('Ctrl Pts',(-76.1182325975927,-72.0041389179803,37.2344040870667));
#5952=CARTESIAN_POINT('Ctrl Pts',(-74.8859900133641,-72.0041389179803,35.6130337715149));
#5953=CARTESIAN_POINT('Ctrl Pts',(-72.9943960802587,-72.0041389179803,34.802348613739));
#5954=CARTESIAN_POINT('',(-72.9943960802587,-72.0041389179803,34.802348613739));
#5955=CARTESIAN_POINT('Ctrl Pts',(-68.2491797106298,-72.0041389179803,33.9916634559632));
#5956=CARTESIAN_POINT('Ctrl Pts',(-68.2491797106298,-69.0041389179803,33.9916634559632));
#5957=CARTESIAN_POINT('Ctrl Pts',(-71.1027830736669,-72.0041389179803,33.9916634559632));
#5958=CARTESIAN_POINT('Ctrl Pts',(-71.1027830736669,-69.0041389179803,33.9916634559632));
#5959=CARTESIAN_POINT('Ctrl Pts',(-72.9943960802587,-72.0041389179803,34.802348613739));
#5960=CARTESIAN_POINT('Ctrl Pts',(-72.9943960802587,-69.0041389179803,34.802348613739));
#5961=CARTESIAN_POINT('Ctrl Pts',(-72.9943960802587,-70.,34.802348613739));
#5962=CARTESIAN_POINT('Ctrl Pts',(-71.7333207425308,-70.,34.2618918418885));
#5963=CARTESIAN_POINT('Ctrl Pts',(-70.1515819526545,-70.,33.9916634559632));
#5964=CARTESIAN_POINT('Ctrl Pts',(-68.2491797106298,-70.,33.9916634559632));
#5965=CARTESIAN_POINT('Ctrl Pts',(-72.9943960802587,-72.0041389179803,34.802348613739));
#5966=CARTESIAN_POINT('Ctrl Pts',(-71.1027830736669,-72.0041389179803,33.9916634559632));
#5967=CARTESIAN_POINT('Ctrl Pts',(-68.2491797106298,-72.0041389179803,33.9916634559632));
#5968=CARTESIAN_POINT('Origin',(-61.0827159779104,-72.0041389179803,50.));
#5969=CARTESIAN_POINT('Ctrl Pts',(-41.9018953936132,-72.0041389179803,36.1967253684998));
#5970=CARTESIAN_POINT('Ctrl Pts',(-41.9018953936132,-69.0041389179803,36.1967253684998));
#5971=CARTESIAN_POINT('Ctrl Pts',(-41.9018953936132,-72.0041389179803,35.4833245277405));
#5972=CARTESIAN_POINT('Ctrl Pts',(-41.9018953936132,-69.0041389179803,35.4833245277405));
#5973=CARTESIAN_POINT('Ctrl Pts',(-41.3171881334814,-72.0041389179803,35.2779507637024));
#5974=CARTESIAN_POINT('Ctrl Pts',(-41.3171881334814,-69.0041389179803,35.2779507637024));
#5975=CARTESIAN_POINT('',(-41.3171881334814,-70.,35.2779507637024));
#5976=CARTESIAN_POINT('',(-41.9018953936132,-70.,36.1967253684998));
#5977=CARTESIAN_POINT('Ctrl Pts',(-41.3171881334814,-70.,35.2779507637024));
#5978=CARTESIAN_POINT('Ctrl Pts',(-41.7069929735692,-70.,35.4148666063945));
#5979=CARTESIAN_POINT('Ctrl Pts',(-41.9018953936132,-70.,35.7211248079936));
#5980=CARTESIAN_POINT('Ctrl Pts',(-41.9018953936132,-70.,36.1967253684998));
#5981=CARTESIAN_POINT('',(-41.3171881334814,-72.0041389179803,35.2779507637024));
#5982=CARTESIAN_POINT('',(-41.3171881334814,-72.0041389179803,35.2779507637024));
#5983=CARTESIAN_POINT('',(-41.9018953936132,-72.0041389179803,36.1967253684998));
#5984=CARTESIAN_POINT('Ctrl Pts',(-41.3171881334814,-72.0041389179803,35.2779507637024));
#5985=CARTESIAN_POINT('Ctrl Pts',(-41.9018953936132,-72.0041389179803,35.4833245277405));
#5986=CARTESIAN_POINT('Ctrl Pts',(-41.9018953936132,-72.0041389179803,36.1967253684998));
#5987=CARTESIAN_POINT('',(-41.9018953936132,-72.0041389179803,36.1967253684998));
#5988=CARTESIAN_POINT('Ctrl Pts',(-41.360761512998,-72.0041389179803,39.2016673088074));
#5989=CARTESIAN_POINT('Ctrl Pts',(-41.360761512998,-69.0041389179803,39.2016673088074));
#5990=CARTESIAN_POINT('Ctrl Pts',(-41.9018953936132,-72.0041389179803,36.5426182746888));
#5991=CARTESIAN_POINT('Ctrl Pts',(-41.9018953936132,-69.0041389179803,36.5426182746888));
#5992=CARTESIAN_POINT('Ctrl Pts',(-41.9018953936132,-72.0041389179803,36.1967253684998));
#5993=CARTESIAN_POINT('Ctrl Pts',(-41.9018953936132,-69.0041389179803,36.1967253684998));
#5994=CARTESIAN_POINT('',(-41.360761512998,-70.,39.2016673088074));
#5995=CARTESIAN_POINT('Ctrl Pts',(-41.9018953936132,-70.,36.1967253684998));
#5996=CARTESIAN_POINT('Ctrl Pts',(-41.9018953936132,-70.,36.4273206392924));
#5997=CARTESIAN_POINT('Ctrl Pts',(-41.7215174334081,-70.,37.4289679527283));
#5998=CARTESIAN_POINT('Ctrl Pts',(-41.360761512998,-70.,39.2016673088074));
#5999=CARTESIAN_POINT('',(-41.360761512998,-72.0041389179803,39.2016673088074));
#6000=CARTESIAN_POINT('Ctrl Pts',(-41.9018953936132,-72.0041389179803,36.1967253684998));
#6001=CARTESIAN_POINT('Ctrl Pts',(-41.9018953936132,-72.0041389179803,36.5426182746888));
#6002=CARTESIAN_POINT('Ctrl Pts',(-41.360761512998,-72.0041389179803,39.2016673088074));
#6003=CARTESIAN_POINT('',(-41.360761512998,-72.0041389179803,39.2016673088074));
#6004=CARTESIAN_POINT('Origin',(-36.5783899920019,-72.0041389179803,63.1979632377625));
#6005=CARTESIAN_POINT('',(-36.5783899920019,-70.,63.1979632377625));
#6006=CARTESIAN_POINT('',(-38.7698803739571,-70.,52.2018180198555));
#6007=CARTESIAN_POINT('',(-36.5783899920019,-72.0041389179803,63.1979632377625));
#6008=CARTESIAN_POINT('',(-41.360761512998,-72.0041389179803,39.2016673088074));
#6009=CARTESIAN_POINT('',(-36.5783899920019,-72.0041389179803,63.1979632377625));
#6010=CARTESIAN_POINT('Origin',(-44.5068997042211,-72.0041389179803,63.1979632377625));
#6011=CARTESIAN_POINT('',(-44.5068997042211,-70.,63.1979632377625));
#6012=CARTESIAN_POINT('',(-52.2534498521105,-70.,63.1979632377625));
#6013=CARTESIAN_POINT('',(-44.5068997042211,-72.0041389179803,63.1979632377625));
#6014=CARTESIAN_POINT('',(-36.5783899920019,-72.0041389179803,63.1979632377625));
#6015=CARTESIAN_POINT('',(-44.5068997042211,-72.0041389179803,63.1979632377625));
#6016=CARTESIAN_POINT('Origin',(-47.3767250673803,-72.0041389179803,43.8279795646668));
#6017=CARTESIAN_POINT('',(-47.3767250673803,-70.,43.8279795646668));
#6018=CARTESIAN_POINT('',(-47.4273379007982,-70.,43.4863665280198));
#6019=CARTESIAN_POINT('',(-47.3767250673803,-72.0041389179803,43.8279795646668));
#6020=CARTESIAN_POINT('',(-44.5068997042211,-72.0041389179803,63.1979632377625));
#6021=CARTESIAN_POINT('',(-47.3767250673803,-72.0041389179803,43.8279795646668));
#6022=CARTESIAN_POINT('Origin',(-48.776509155515,-72.0041389179803,63.1979632377625));
#6023=CARTESIAN_POINT('',(-48.776509155515,-70.,63.1979632377625));
#6024=CARTESIAN_POINT('',(-48.1515356600754,-70.,54.5496820454008));
#6025=CARTESIAN_POINT('',(-48.776509155515,-72.0041389179803,63.1979632377625));
#6026=CARTESIAN_POINT('',(-47.3767250673803,-72.0041389179803,43.8279795646668));
#6027=CARTESIAN_POINT('',(-48.776509155515,-72.0041389179803,63.1979632377625));
#6028=CARTESIAN_POINT('Origin',(-56.6779917376073,-72.0041389179803,63.1979632377625));
#6029=CARTESIAN_POINT('',(-56.6779917376073,-70.,63.1979632377625));
#6030=CARTESIAN_POINT('',(-58.3389958688037,-70.,63.1979632377625));
#6031=CARTESIAN_POINT('',(-56.6779917376073,-72.0041389179803,63.1979632377625));
#6032=CARTESIAN_POINT('',(-48.776509155515,-72.0041389179803,63.1979632377625));
#6033=CARTESIAN_POINT('',(-56.6779917376073,-72.0041389179803,63.1979632377625));
#6034=CARTESIAN_POINT('Origin',(-54.1824310915502,-72.0041389179803,42.4437355995179));
#6035=CARTESIAN_POINT('',(-54.1824310915502,-70.,42.4437355995179));
#6036=CARTESIAN_POINT('',(-54.3753849847751,-70.,44.048428729297));
#6037=CARTESIAN_POINT('',(-54.1824310915502,-72.0041389179803,42.4437355995179));
#6038=CARTESIAN_POINT('',(-56.6779917376073,-72.0041389179803,63.1979632377625));
#6039=CARTESIAN_POINT('',(-54.1824310915502,-72.0041389179803,42.4437355995179));
#6040=CARTESIAN_POINT('Ctrl Pts',(-53.1903523104223,-72.0041389179803,35.7211232185364));
#6041=CARTESIAN_POINT('Ctrl Pts',(-53.1903523104223,-69.0041389179803,35.7211232185364));
#6042=CARTESIAN_POINT('Ctrl Pts',(-53.5902947084936,-72.0041389179803,37.5154423713684));
#6043=CARTESIAN_POINT('Ctrl Pts',(-53.5902947084936,-69.0041389179803,37.5154423713684));
#6044=CARTESIAN_POINT('Ctrl Pts',(-54.1824310915502,-72.0041389179803,42.4437355995179));
#6045=CARTESIAN_POINT('Ctrl Pts',(-54.1824310915502,-69.0041389179803,42.4437355995179));
#6046=CARTESIAN_POINT('',(-53.1903523104223,-70.,35.7211232185364));
#6047=CARTESIAN_POINT('Ctrl Pts',(-54.1824310915502,-70.,42.4437355995179));
#6048=CARTESIAN_POINT('Ctrl Pts',(-53.7876735028458,-70.,39.1582067807516));
#6049=CARTESIAN_POINT('Ctrl Pts',(-53.4569805758031,-70.,36.9173359870911));
#6050=CARTESIAN_POINT('Ctrl Pts',(-53.1903523104223,-70.,35.7211232185364));
#6051=CARTESIAN_POINT('',(-53.1903523104223,-72.0041389179803,35.7211232185364));
#6052=CARTESIAN_POINT('Ctrl Pts',(-54.1824310915502,-72.0041389179803,42.4437355995179));
#6053=CARTESIAN_POINT('Ctrl Pts',(-53.5902947084936,-72.0041389179803,37.5154423713684));
#6054=CARTESIAN_POINT('Ctrl Pts',(-53.1903523104223,-72.0041389179803,35.7211232185364));
#6055=CARTESIAN_POINT('',(-53.1903523104223,-72.0041389179803,35.7211232185364));
#6056=CARTESIAN_POINT('Ctrl Pts',(-51.8609970705541,-72.0041389179803,32.7594208717347));
#6057=CARTESIAN_POINT('Ctrl Pts',(-51.8609970705541,-69.0041389179803,32.7594208717347));
#6058=CARTESIAN_POINT('Ctrl Pts',(-52.7904146807226,-72.0041389179803,33.926808834076));
#6059=CARTESIAN_POINT('Ctrl Pts',(-52.7904146807226,-69.0041389179803,33.926808834076));
#6060=CARTESIAN_POINT('Ctrl Pts',(-53.1903523104223,-72.0041389179803,35.7211232185364));
#6061=CARTESIAN_POINT('Ctrl Pts',(-53.1903523104223,-69.0041389179803,35.7211232185364));
#6062=CARTESIAN_POINT('',(-51.8609970705541,-70.,32.7594208717347));
#6063=CARTESIAN_POINT('Ctrl Pts',(-53.1903523104223,-70.,35.7211232185364));
#6064=CARTESIAN_POINT('Ctrl Pts',(-52.9237272239558,-70.,34.5249136288961));
#6065=CARTESIAN_POINT('Ctrl Pts',(-52.4806088106664,-70.,33.5376795132955));
#6066=CARTESIAN_POINT('Ctrl Pts',(-51.8609970705541,-70.,32.7594208717347));
#6067=CARTESIAN_POINT('',(-51.8609970705541,-72.0041389179803,32.7594208717347));
#6068=CARTESIAN_POINT('Ctrl Pts',(-53.1903523104223,-72.0041389179803,35.7211232185364));
#6069=CARTESIAN_POINT('Ctrl Pts',(-52.7904146807226,-72.0041389179803,33.926808834076));
#6070=CARTESIAN_POINT('Ctrl Pts',(-51.8609970705541,-72.0041389179803,32.7594208717347));
#6071=CARTESIAN_POINT('',(-51.8609970705541,-72.0041389179803,32.7594208717347));
#6072=CARTESIAN_POINT('Ctrl Pts',(-49.2779511110814,-72.0041389179803,31.0407662391663));
#6073=CARTESIAN_POINT('Ctrl Pts',(-49.2779511110814,-69.0041389179803,31.0407662391663));
#6074=CARTESIAN_POINT('Ctrl Pts',(-50.9315842287572,-72.0041389179803,31.5920329093933));
#6075=CARTESIAN_POINT('Ctrl Pts',(-50.9315842287572,-69.0041389179803,31.5920329093933));
#6076=CARTESIAN_POINT('Ctrl Pts',(-51.8609970705541,-72.0041389179803,32.7594208717347));
#6077=CARTESIAN_POINT('Ctrl Pts',(-51.8609970705541,-69.0041389179803,32.7594208717347));
#6078=CARTESIAN_POINT('',(-49.2779511110814,-70.,31.0407662391663));
#6079=CARTESIAN_POINT('Ctrl Pts',(-51.8609970705541,-70.,32.7594208717347));
#6080=CARTESIAN_POINT('Ctrl Pts',(-51.2413885093562,-70.,31.9811622301738));
#6081=CARTESIAN_POINT('Ctrl Pts',(-50.380373189532,-70.,31.408277352651));
#6082=CARTESIAN_POINT('Ctrl Pts',(-49.2779511110814,-70.,31.0407662391663));
#6083=CARTESIAN_POINT('',(-49.2779511110814,-72.0041389179803,31.0407662391663));
#6084=CARTESIAN_POINT('Ctrl Pts',(-51.8609970705541,-72.0041389179803,32.7594208717347));
#6085=CARTESIAN_POINT('Ctrl Pts',(-50.9315842287572,-72.0041389179803,31.5920329093933));
#6086=CARTESIAN_POINT('Ctrl Pts',(-49.2779511110814,-72.0041389179803,31.0407662391663));
#6087=CARTESIAN_POINT('',(-49.2779511110814,-72.0041389179803,31.0407662391663));
#6088=CARTESIAN_POINT('Ctrl Pts',(-43.9927881853612,-72.0041389179803,30.4894995689392));
#6089=CARTESIAN_POINT('Ctrl Pts',(-43.9927881853612,-69.0041389179803,30.4894995689392));
#6090=CARTESIAN_POINT('Ctrl Pts',(-47.6243227617773,-72.0041389179803,30.4894995689392));
#6091=CARTESIAN_POINT('Ctrl Pts',(-47.6243227617773,-69.0041389179803,30.4894995689392));
#6092=CARTESIAN_POINT('Ctrl Pts',(-49.2779511110814,-72.0041389179803,31.0407662391663));
#6093=CARTESIAN_POINT('Ctrl Pts',(-49.2779511110814,-69.0041389179803,31.0407662391663));
#6094=CARTESIAN_POINT('',(-43.9927881853612,-70.,30.4894995689392));
#6095=CARTESIAN_POINT('Ctrl Pts',(-49.2779511110814,-70.,31.0407662391663));
#6096=CARTESIAN_POINT('Ctrl Pts',(-48.1755322115453,-70.,30.6732551256816));
#6097=CARTESIAN_POINT('Ctrl Pts',(-46.4138112363052,-70.,30.4894995689392));
#6098=CARTESIAN_POINT('Ctrl Pts',(-43.9927881853612,-70.,30.4894995689392));
#6099=CARTESIAN_POINT('',(-43.9927881853612,-72.0041389179803,30.4894995689392));
#6100=CARTESIAN_POINT('Ctrl Pts',(-49.2779511110814,-72.0041389179803,31.0407662391663));
#6101=CARTESIAN_POINT('Ctrl Pts',(-47.6243227617773,-72.0041389179803,30.4894995689392));
#6102=CARTESIAN_POINT('Ctrl Pts',(-43.9927881853612,-72.0041389179803,30.4894995689392));
#6103=CARTESIAN_POINT('',(-43.9927881853612,-72.0041389179803,30.4894995689392));
#6104=CARTESIAN_POINT('Origin',(-38.6969870226415,-72.0041389179803,30.4894995689392));
#6105=CARTESIAN_POINT('',(-38.6969870226415,-70.,30.4894995689392));
#6106=CARTESIAN_POINT('',(-49.3484935113208,-70.,30.4894995689392));
#6107=CARTESIAN_POINT('',(-38.6969870226415,-72.0041389179803,30.4894995689392));
#6108=CARTESIAN_POINT('',(-43.9927881853612,-72.0041389179803,30.4894995689392));
#6109=CARTESIAN_POINT('',(-38.6969870226415,-72.0041389179803,30.4894995689392));
#6110=CARTESIAN_POINT('Origin',(-38.6969870226415,-72.0041389179803,35.0725769996643));
#6111=CARTESIAN_POINT('',(-38.6969870226415,-70.,35.0725769996643));
#6112=CARTESIAN_POINT('',(-38.6969870226415,-70.,40.0362884998322));
#6113=CARTESIAN_POINT('',(-38.6969870226415,-72.0041389179803,35.0725769996643));
#6114=CARTESIAN_POINT('',(-38.6969870226415,-72.0041389179803,30.4894995689392));
#6115=CARTESIAN_POINT('',(-38.6969870226415,-72.0041389179803,35.0725769996643));
#6116=CARTESIAN_POINT('Ctrl Pts',(-41.3171881334814,-72.0041389179803,35.2779507637024));
#6117=CARTESIAN_POINT('Ctrl Pts',(-41.3171881334814,-69.0041389179803,35.2779507637024));
#6118=CARTESIAN_POINT('Ctrl Pts',(-40.7324808733495,-72.0041389179803,35.0725769996643));
#6119=CARTESIAN_POINT('Ctrl Pts',(-40.7324808733495,-69.0041389179803,35.0725769996643));
#6120=CARTESIAN_POINT('Ctrl Pts',(-38.6969870226415,-72.0041389179803,35.0725769996643));
#6121=CARTESIAN_POINT('Ctrl Pts',(-38.6969870226415,-69.0041389179803,35.0725769996643));
#6122=CARTESIAN_POINT('Ctrl Pts',(-38.6969870226415,-70.,35.0725769996643));
#6123=CARTESIAN_POINT('Ctrl Pts',(-40.0539829231135,-70.,35.0725769996643));
#6124=CARTESIAN_POINT('Ctrl Pts',(-40.9273832933935,-70.,35.1410349210104));
#6125=CARTESIAN_POINT('Ctrl Pts',(-41.3171881334814,-70.,35.2779507637024));
#6126=CARTESIAN_POINT('Ctrl Pts',(-38.6969870226415,-72.0041389179803,35.0725769996643));
#6127=CARTESIAN_POINT('Ctrl Pts',(-40.7324808733495,-72.0041389179803,35.0725769996643));
#6128=CARTESIAN_POINT('Ctrl Pts',(-41.3171881334814,-72.0041389179803,35.2779507637024));
#6129=CARTESIAN_POINT('Origin',(-61.0827159779104,-72.0041389179803,50.));
#6130=CARTESIAN_POINT('Ctrl Pts',(-1.44867955613455,-72.0041389179803,40.5636191368103));
#6131=CARTESIAN_POINT('Ctrl Pts',(-1.44867955613455,-69.0041389179803,40.5636191368103));
#6132=CARTESIAN_POINT('Ctrl Pts',(-1.08116923737845,-72.0041389179803,40.5636191368103));
#6133=CARTESIAN_POINT('Ctrl Pts',(-1.08116923737845,-69.0041389179803,40.5636191368103));
#6134=CARTESIAN_POINT('Ctrl Pts',(-0.259674181226102,-72.0041389179803,
40.6284737586975));
#6135=CARTESIAN_POINT('Ctrl Pts',(-0.259674181226102,-69.0041389179803,
40.6284737586975));
#6136=CARTESIAN_POINT('',(-0.259674181226102,-70.,40.6284737586975));
#6137=CARTESIAN_POINT('',(-1.44867955613455,-70.,40.5636191368103));
#6138=CARTESIAN_POINT('Ctrl Pts',(-0.259674181226102,-70.,40.6284737586975));
#6139=CARTESIAN_POINT('Ctrl Pts',(-0.807337551994331,-70.,40.5852373441061));
#6140=CARTESIAN_POINT('Ctrl Pts',(-1.20367267696381,-70.,40.5636191368103));
#6141=CARTESIAN_POINT('Ctrl Pts',(-1.44867955613455,-70.,40.5636191368103));
#6142=CARTESIAN_POINT('',(-0.259674181226102,-72.0041389179803,40.6284737586975));
#6143=CARTESIAN_POINT('',(-0.259674181226102,-72.0041389179803,40.6284737586975));
#6144=CARTESIAN_POINT('',(-1.44867955613455,-72.0041389179803,40.5636191368103));
#6145=CARTESIAN_POINT('Ctrl Pts',(-0.259674181226102,-72.0041389179803,
40.6284737586975));
#6146=CARTESIAN_POINT('Ctrl Pts',(-1.08116923737845,-72.0041389179803,40.5636191368103));
#6147=CARTESIAN_POINT('Ctrl Pts',(-1.44867955613455,-72.0041389179803,40.5636191368103));
#6148=CARTESIAN_POINT('',(-1.44867955613455,-72.0041389179803,40.5636191368103));
#6149=CARTESIAN_POINT('Ctrl Pts',(-2.98357902932485,-72.0041389179803,41.0392212867737));
#6150=CARTESIAN_POINT('Ctrl Pts',(-2.98357902932485,-69.0041389179803,41.0392212867737));
#6151=CARTESIAN_POINT('Ctrl Pts',(-2.42150246072134,-72.0041389179803,40.5636191368103));
#6152=CARTESIAN_POINT('Ctrl Pts',(-2.42150246072134,-69.0041389179803,40.5636191368103));
#6153=CARTESIAN_POINT('Ctrl Pts',(-1.44867955613455,-72.0041389179803,40.5636191368103));
#6154=CARTESIAN_POINT('Ctrl Pts',(-1.44867955613455,-69.0041389179803,40.5636191368103));
#6155=CARTESIAN_POINT('',(-2.98357902932485,-70.,41.0392212867737));
#6156=CARTESIAN_POINT('Ctrl Pts',(-1.44867955613455,-70.,40.5636191368103));
#6157=CARTESIAN_POINT('Ctrl Pts',(-1.74123194961626,-70.,40.5636191368103));
#6158=CARTESIAN_POINT('Ctrl Pts',(-2.03919824939956,-70.,40.5958776843554));
#6159=CARTESIAN_POINT('Ctrl Pts',(-2.44266592503337,-70.,40.7208957049645));
#6160=CARTESIAN_POINT('Ctrl Pts',(-2.56261576665781,-70.,40.7698387774627));
#6161=CARTESIAN_POINT('Ctrl Pts',(-2.78631173860169,-70.,40.8898705716197));
#6162=CARTESIAN_POINT('Ctrl Pts',(-2.88876407294126,-70.,40.9589934323788));
#6163=CARTESIAN_POINT('Ctrl Pts',(-2.98357902932486,-70.,41.0392212867737));
#6164=CARTESIAN_POINT('',(-2.98357902932485,-72.0041389179803,41.0392212867737));
#6165=CARTESIAN_POINT('Ctrl Pts',(-1.44867955613455,-72.0041389179803,40.5636191368103));
#6166=CARTESIAN_POINT('Ctrl Pts',(-2.42150246072134,-72.0041389179803,40.5636191368103));
#6167=CARTESIAN_POINT('Ctrl Pts',(-2.98357902932485,-72.0041389179803,41.0392212867737));
#6168=CARTESIAN_POINT('',(-2.98357902932485,-72.0041389179803,41.0392212867737));
#6169=CARTESIAN_POINT('Ctrl Pts',(-3.63212763238272,-72.0041389179803,42.206609249115));
#6170=CARTESIAN_POINT('Ctrl Pts',(-3.63212763238272,-69.0041389179803,42.206609249115));
#6171=CARTESIAN_POINT('Ctrl Pts',(-3.54565321374258,-72.0041389179803,41.5148234367371));
#6172=CARTESIAN_POINT('Ctrl Pts',(-3.54565321374258,-69.0041389179803,41.5148234367371));
#6173=CARTESIAN_POINT('Ctrl Pts',(-2.98357902932485,-72.0041389179803,41.0392212867737));
#6174=CARTESIAN_POINT('Ctrl Pts',(-2.98357902932485,-69.0041389179803,41.0392212867737));
#6175=CARTESIAN_POINT('',(-3.63212763238272,-70.,42.206609249115));
#6176=CARTESIAN_POINT('Ctrl Pts',(-2.98357902932485,-70.,41.0392212867737));
#6177=CARTESIAN_POINT('Ctrl Pts',(-3.35829515227,-70.,41.3562893867493));
#6178=CARTESIAN_POINT('Ctrl Pts',(-3.57447801995596,-70.,41.7454187075297));
#6179=CARTESIAN_POINT('Ctrl Pts',(-3.63212763238272,-70.,42.206609249115));
#6180=CARTESIAN_POINT('',(-3.63212763238272,-72.0041389179803,42.206609249115));
#6181=CARTESIAN_POINT('Ctrl Pts',(-2.98357902932485,-72.0041389179803,41.0392212867737));
#6182=CARTESIAN_POINT('Ctrl Pts',(-3.54565321374258,-72.0041389179803,41.5148234367371));
#6183=CARTESIAN_POINT('Ctrl Pts',(-3.63212763238272,-72.0041389179803,42.206609249115));
#6184=CARTESIAN_POINT('',(-3.63212763238272,-72.0041389179803,42.206609249115));
#6185=CARTESIAN_POINT('Ctrl Pts',(-3.71859966683706,-72.0041389179803,44.8872780799866));
#6186=CARTESIAN_POINT('Ctrl Pts',(-3.71859966683706,-69.0041389179803,44.8872780799866));
#6187=CARTESIAN_POINT('Ctrl Pts',(-3.71859966683706,-72.0041389179803,42.898395061493));
#6188=CARTESIAN_POINT('Ctrl Pts',(-3.71859966683706,-69.0041389179803,42.898395061493));
#6189=CARTESIAN_POINT('Ctrl Pts',(-3.63212763238272,-72.0041389179803,42.206609249115));
#6190=CARTESIAN_POINT('Ctrl Pts',(-3.63212763238272,-69.0041389179803,42.206609249115));
#6191=CARTESIAN_POINT('',(-3.71859966683706,-70.,44.8872780799866));
#6192=CARTESIAN_POINT('Ctrl Pts',(-3.63212763238272,-70.,42.206609249115));
#6193=CARTESIAN_POINT('Ctrl Pts',(-3.68977565535228,-70.,42.6677997907003));
#6194=CARTESIAN_POINT('Ctrl Pts',(-3.71859966683706,-70.,43.5613560676575));
#6195=CARTESIAN_POINT('Ctrl Pts',(-3.71859966683706,-70.,44.8872780799866));
#6196=CARTESIAN_POINT('',(-3.71859966683706,-72.0041389179803,44.8872780799866));
#6197=CARTESIAN_POINT('Ctrl Pts',(-3.63212763238272,-72.0041389179803,42.206609249115));
#6198=CARTESIAN_POINT('Ctrl Pts',(-3.71859966683706,-72.0041389179803,42.898395061493));
#6199=CARTESIAN_POINT('Ctrl Pts',(-3.71859966683706,-72.0041389179803,44.8872780799866));
#6200=CARTESIAN_POINT('',(-3.71859966683706,-72.0041389179803,44.8872780799866));
#6201=CARTESIAN_POINT('Origin',(-3.71859966683706,-72.0041389179803,69.5105004310608));
#6202=CARTESIAN_POINT('',(-3.71859966683706,-70.,69.5105004310608));
#6203=CARTESIAN_POINT('',(-3.71859966683706,-70.,57.2552502155304));
#6204=CARTESIAN_POINT('',(-3.71859966683706,-72.0041389179803,69.5105004310608));
#6205=CARTESIAN_POINT('',(-3.71859966683706,-72.0041389179803,44.8872780799866));
#6206=CARTESIAN_POINT('',(-3.71859966683706,-72.0041389179803,69.5105004310608));
#6207=CARTESIAN_POINT('Origin',(-12.8198975222143,-72.0041389179803,69.5105004310608));
#6208=CARTESIAN_POINT('',(-12.8198975222143,-70.,69.5105004310608));
#6209=CARTESIAN_POINT('',(-36.4099487611071,-70.,69.5105004310608));
#6210=CARTESIAN_POINT('',(-12.8198975222143,-72.0041389179803,69.5105004310608));
#6211=CARTESIAN_POINT('',(-3.71859966683706,-72.0041389179803,69.5105004310608));
#6212=CARTESIAN_POINT('',(-12.8198975222143,-72.0041389179803,69.5105004310608));
#6213=CARTESIAN_POINT('Origin',(-12.8198975222143,-72.0041389179803,46.1195182800293));
#6214=CARTESIAN_POINT('',(-12.8198975222143,-70.,46.1195182800293));
#6215=CARTESIAN_POINT('',(-12.8198975222143,-70.,45.5597591400147));
#6216=CARTESIAN_POINT('',(-12.8198975222143,-72.0041389179803,46.1195182800293));
#6217=CARTESIAN_POINT('',(-12.8198975222143,-72.0041389179803,69.5105004310608));
#6218=CARTESIAN_POINT('',(-12.8198975222143,-72.0041389179803,46.1195182800293));
#6219=CARTESIAN_POINT('Ctrl Pts',(-12.7114671366247,-72.0041389179803,39.3638062477112));
#6220=CARTESIAN_POINT('Ctrl Pts',(-12.7114671366247,-69.0041389179803,39.3638062477112));
#6221=CARTESIAN_POINT('Ctrl Pts',(-12.8198975222143,-72.0041389179803,40.866277217865));
#6222=CARTESIAN_POINT('Ctrl Pts',(-12.8198975222143,-69.0041389179803,40.866277217865));
#6223=CARTESIAN_POINT('Ctrl Pts',(-12.8198975222143,-72.0041389179803,46.1195182800293));
#6224=CARTESIAN_POINT('Ctrl Pts',(-12.8198975222143,-69.0041389179803,46.1195182800293));
#6225=CARTESIAN_POINT('',(-12.7114671366247,-70.,39.3638062477112));
#6226=CARTESIAN_POINT('Ctrl Pts',(-12.8198975222143,-70.,46.1195182800293));
#6227=CARTESIAN_POINT('Ctrl Pts',(-12.8198975222143,-70.,42.6173575719198));
#6228=CARTESIAN_POINT('Ctrl Pts',(-12.7837540603511,-70.,40.3654535611471));
#6229=CARTESIAN_POINT('Ctrl Pts',(-12.7114671366247,-70.,39.3638062477112));
#6230=CARTESIAN_POINT('',(-12.7114671366247,-72.0041389179803,39.3638062477112));
#6231=CARTESIAN_POINT('Ctrl Pts',(-12.8198975222143,-72.0041389179803,46.1195182800293));
#6232=CARTESIAN_POINT('Ctrl Pts',(-12.8198975222143,-72.0041389179803,40.866277217865));
#6233=CARTESIAN_POINT('Ctrl Pts',(-12.7114671366247,-72.0041389179803,39.3638062477112));
#6234=CARTESIAN_POINT('',(-12.7114671366247,-72.0041389179803,39.3638062477112));
#6235=CARTESIAN_POINT('Ctrl Pts',(-11.7241209642919,-72.0041389179803,36.6507124900818));
#6236=CARTESIAN_POINT('Ctrl Pts',(-11.7241209642919,-69.0041389179803,36.6507124900818));
#6237=CARTESIAN_POINT('Ctrl Pts',(-12.6030367510351,-72.0041389179803,37.8613352775574));
#6238=CARTESIAN_POINT('Ctrl Pts',(-12.6030367510351,-69.0041389179803,37.8613352775574));
#6239=CARTESIAN_POINT('Ctrl Pts',(-12.7114671366247,-72.0041389179803,39.3638062477112));
#6240=CARTESIAN_POINT('Ctrl Pts',(-12.7114671366247,-69.0041389179803,39.3638062477112));
#6241=CARTESIAN_POINT('',(-11.7241209642919,-70.,36.6507124900818));
#6242=CARTESIAN_POINT('Ctrl Pts',(-12.7114671366247,-70.,39.3638062477112));
#6243=CARTESIAN_POINT('Ctrl Pts',(-12.6391802128983,-70.,38.3621589342753));
#6244=CARTESIAN_POINT('Ctrl Pts',(-12.3100648221207,-70.,37.4577943483989));
#6245=CARTESIAN_POINT('Ctrl Pts',(-11.7241209642919,-70.,36.6507124900818));
#6246=CARTESIAN_POINT('',(-11.7241209642919,-72.0041389179803,36.6507124900818));
#6247=CARTESIAN_POINT('Ctrl Pts',(-12.7114671366247,-72.0041389179803,39.3638062477112));
#6248=CARTESIAN_POINT('Ctrl Pts',(-12.6030367510351,-72.0041389179803,37.8613352775574));
#6249=CARTESIAN_POINT('Ctrl Pts',(-11.7241209642919,-72.0041389179803,36.6507124900818));
#6250=CARTESIAN_POINT('',(-11.7241209642919,-72.0041389179803,36.6507124900818));
#6251=CARTESIAN_POINT('Ctrl Pts',(-9.34374510217031,-72.0041389179803,34.9752926826477));
#6252=CARTESIAN_POINT('Ctrl Pts',(-9.34374510217031,-69.0041389179803,34.9752926826477));
#6253=CARTESIAN_POINT('Ctrl Pts',(-10.8452004091771,-72.0041389179803,35.4400849342347));
#6254=CARTESIAN_POINT('Ctrl Pts',(-10.8452004091771,-69.0041389179803,35.4400849342347));
#6255=CARTESIAN_POINT('Ctrl Pts',(-11.7241209642919,-72.0041389179803,36.6507124900818));
#6256=CARTESIAN_POINT('Ctrl Pts',(-11.7241209642919,-69.0041389179803,36.6507124900818));
#6257=CARTESIAN_POINT('',(-9.34374510217031,-70.,34.9752926826477));
#6258=CARTESIAN_POINT('Ctrl Pts',(-11.7241209642919,-70.,36.6507124900818));
#6259=CARTESIAN_POINT('Ctrl Pts',(-11.1381739275487,-70.,35.8436274528504));
#6260=CARTESIAN_POINT('Ctrl Pts',(-10.3447153068415,-70.,35.2851541837057));
#6261=CARTESIAN_POINT('Ctrl Pts',(-9.34374510217031,-70.,34.9752926826477));
#6262=CARTESIAN_POINT('',(-9.34374510217031,-72.0041389179803,34.9752926826477));
#6263=CARTESIAN_POINT('Ctrl Pts',(-11.7241209642919,-72.0041389179803,36.6507124900818));
#6264=CARTESIAN_POINT('Ctrl Pts',(-10.8452004091771,-72.0041389179803,35.4400849342347));
#6265=CARTESIAN_POINT('Ctrl Pts',(-9.34374510217031,-72.0041389179803,34.9752926826477));
#6266=CARTESIAN_POINT('',(-9.34374510217031,-72.0041389179803,34.9752926826477));
#6267=CARTESIAN_POINT('Ctrl Pts',(-4.81809317040762,-72.0041389179803,34.5105004310608));
#6268=CARTESIAN_POINT('Ctrl Pts',(-4.81809317040762,-69.0041389179803,34.5105004310608));
#6269=CARTESIAN_POINT('Ctrl Pts',(-7.84228741097769,-72.0041389179803,34.5105004310608));
#6270=CARTESIAN_POINT('Ctrl Pts',(-7.84228741097769,-69.0041389179803,34.5105004310608));
#6271=CARTESIAN_POINT('Ctrl Pts',(-9.34374510217031,-72.0041389179803,34.9752926826477));
#6272=CARTESIAN_POINT('Ctrl Pts',(-9.34374510217031,-69.0041389179803,34.9752926826477));
#6273=CARTESIAN_POINT('',(-4.81809317040762,-70.,34.5105004310608));
#6274=CARTESIAN_POINT('Ctrl Pts',(-9.34374510217031,-70.,34.9752926826477));
#6275=CARTESIAN_POINT('Ctrl Pts',(-8.3427733080419,-70.,34.6654311815898));
#6276=CARTESIAN_POINT('Ctrl Pts',(-6.834222664121,-70.,34.5105004310608));
#6277=CARTESIAN_POINT('Ctrl Pts',(-4.81809317040762,-70.,34.5105004310608));
#6278=CARTESIAN_POINT('',(-4.81809317040762,-72.0041389179803,34.5105004310608));
#6279=CARTESIAN_POINT('Ctrl Pts',(-9.34374510217031,-72.0041389179803,34.9752926826477));
#6280=CARTESIAN_POINT('Ctrl Pts',(-7.84228741097769,-72.0041389179803,34.5105004310608));
#6281=CARTESIAN_POINT('Ctrl Pts',(-4.81809317040762,-72.0041389179803,34.5105004310608));
#6282=CARTESIAN_POINT('',(-4.81809317040762,-72.0041389179803,34.5105004310608));
#6283=CARTESIAN_POINT('Origin',(-0.2596741812261,-72.0041389179803,34.5105004310608));
#6284=CARTESIAN_POINT('',(-0.2596741812261,-70.,34.5105004310608));
#6285=CARTESIAN_POINT('',(-30.1298370906131,-70.,34.5105004310608));
#6286=CARTESIAN_POINT('',(-0.2596741812261,-72.0041389179803,34.5105004310608));
#6287=CARTESIAN_POINT('',(-4.81809317040762,-72.0041389179803,34.5105004310608));
#6288=CARTESIAN_POINT('',(-0.2596741812261,-72.0041389179803,34.5105004310608));
#6289=CARTESIAN_POINT('Origin',(-0.259674181226102,-72.0041389179803,40.6284737586975));
#6290=CARTESIAN_POINT('',(-0.259674181226099,-70.,42.8142368793488));
#6291=CARTESIAN_POINT('',(-0.259674181226102,-72.0041389179803,34.5105004310608));
#6292=CARTESIAN_POINT('Origin',(-61.0827159779104,-72.0041389179803,50.));
#6293=CARTESIAN_POINT('Origin',(-60.,-70.,45.));
#6294=CARTESIAN_POINT('Origin',(-60.,-70.,45.));
#6295=CARTESIAN_POINT('Origin',(-132.5,-73.,60.));
#6296=CARTESIAN_POINT('',(-147.5,-73.,60.));
#6297=CARTESIAN_POINT('',(-145.5,-75.,60.));
#6298=CARTESIAN_POINT('Origin',(-145.5,-73.,60.));
#6299=CARTESIAN_POINT('',(-132.5,-75.,73.));
#6300=CARTESIAN_POINT('Origin',(-132.5,-75.,60.));
#6301=CARTESIAN_POINT('',(-132.5,-73.,75.));
#6302=CARTESIAN_POINT('Origin',(-132.5,-73.,73.));
#6303=CARTESIAN_POINT('Origin',(-132.5,-73.,60.));
#6304=CARTESIAN_POINT('Origin',(-96.25,-73.,73.));
#6305=CARTESIAN_POINT('',(12.5,-75.,73.));
#6306=CARTESIAN_POINT('',(12.5,-73.,75.));
#6307=CARTESIAN_POINT('Origin',(12.5,-73.,73.));
#6308=CARTESIAN_POINT('',(-96.25,-73.,75.));
#6309=CARTESIAN_POINT('',(-96.25,-75.,73.));
#6310=CARTESIAN_POINT('Origin',(12.5,-73.,60.));
#6311=CARTESIAN_POINT('',(25.5,-75.,60.));
#6312=CARTESIAN_POINT('',(27.5,-73.,60.));
#6313=CARTESIAN_POINT('Origin',(25.5,-73.,60.));
#6314=CARTESIAN_POINT('Origin',(12.5,-73.,60.));
#6315=CARTESIAN_POINT('Origin',(12.5,-75.,60.));
#6316=CARTESIAN_POINT('Origin',(25.5,-73.,11.25));
#6317=CARTESIAN_POINT('',(25.5,-75.,15.));
#6318=CARTESIAN_POINT('',(27.5,-73.,15.));
#6319=CARTESIAN_POINT('Origin',(25.5,-73.,15.));
#6320=CARTESIAN_POINT('',(27.5,-73.,11.25));
#6321=CARTESIAN_POINT('',(25.5,-75.,11.25));
#6322=CARTESIAN_POINT('Origin',(12.5,-73.,15.));
#6323=CARTESIAN_POINT('',(12.5,-75.,1.99999999999998));
#6324=CARTESIAN_POINT('',(12.5,-73.,-1.82076576038526E-14));
#6325=CARTESIAN_POINT('Origin',(12.5,-73.,1.99999999999998));
#6326=CARTESIAN_POINT('Origin',(12.5,-73.,15.));
#6327=CARTESIAN_POINT('Origin',(12.5,-75.,15.));
#6328=CARTESIAN_POINT('Origin',(-16.25,-73.,1.99999999999998));
#6329=CARTESIAN_POINT('',(-132.5,-75.,1.99999999999998));
#6330=CARTESIAN_POINT('',(-132.5,-73.,-1.82076576038526E-14));
#6331=CARTESIAN_POINT('Origin',(-132.5,-73.,1.99999999999998));
#6332=CARTESIAN_POINT('',(-16.25,-73.,-1.83186799063151E-14));
#6333=CARTESIAN_POINT('',(-16.25,-75.,1.99999999999998));
#6334=CARTESIAN_POINT('Origin',(-132.5,-73.,15.));
#6335=CARTESIAN_POINT('',(-145.5,-75.,15.));
#6336=CARTESIAN_POINT('',(-147.5,-73.,15.));
#6337=CARTESIAN_POINT('Origin',(-145.5,-73.,15.));
#6338=CARTESIAN_POINT('Origin',(-132.5,-73.,15.));
#6339=CARTESIAN_POINT('Origin',(-132.5,-75.,15.));
#6340=CARTESIAN_POINT('Origin',(-145.5,-73.,3.74999999999998));
#6341=CARTESIAN_POINT('',(-145.5,-75.,3.74999999999998));
#6342=CARTESIAN_POINT('',(-147.5,-73.,3.74999999999998));
#6343=CARTESIAN_POINT('Origin',(27.5,-75.,-1.77635683940025E-14));
#6344=CARTESIAN_POINT('',(-132.5,-55.,-2.22044604925031E-14));
#6345=CARTESIAN_POINT('',(-132.5,-75.,-1.77635683940025E-14));
#6346=CARTESIAN_POINT('',(12.5,-55.,-2.22044604925031E-14));
#6347=CARTESIAN_POINT('',(-16.25,-55.,-2.22044604925031E-14));
#6348=CARTESIAN_POINT('',(12.5,-75.,-1.77635683940025E-14));
#6349=CARTESIAN_POINT('Origin',(-132.5,-75.,15.));
#6350=CARTESIAN_POINT('',(-147.5,-72.,15.));
#6351=CARTESIAN_POINT('',(-147.5,-75.,15.));
#6352=CARTESIAN_POINT('',(-147.196938456699,-72.,12.));
#6353=CARTESIAN_POINT('Origin',(-132.5,-72.,15.));
#6354=CARTESIAN_POINT('',(-147.196938456699,-55.,12.));
#6355=CARTESIAN_POINT('',(-147.196938456699,-75.,12.));
#6356=CARTESIAN_POINT('Origin',(-132.5,-55.,15.));
#6357=CARTESIAN_POINT('Origin',(-147.5,-75.,-1.77635683940025E-14));
#6358=CARTESIAN_POINT('',(-147.5,-72.,60.));
#6359=CARTESIAN_POINT('',(-147.5,-75.,60.));
#6360=CARTESIAN_POINT('',(-147.5,-72.,22.5));
#6361=CARTESIAN_POINT('Origin',(-132.5,-75.,60.));
#6362=CARTESIAN_POINT('',(-132.5,-72.,75.));
#6363=CARTESIAN_POINT('',(-132.5,-75.,75.));
#6364=CARTESIAN_POINT('Origin',(-132.5,-72.,60.));
#6365=CARTESIAN_POINT('Origin',(-60.,-75.,7.49999999999998));
#6366=CARTESIAN_POINT('',(-136.5,-75.,60.));
#6367=CARTESIAN_POINT('Origin',(-132.5,-75.,60.));
#6368=CARTESIAN_POINT('',(8.49999999999999,-75.,60.));
#6369=CARTESIAN_POINT('Origin',(12.5,-75.,60.));
#6370=CARTESIAN_POINT('Origin',(-132.5,-72.,15.));
#6371=CARTESIAN_POINT('',(-145.5,-70.,15.));
#6372=CARTESIAN_POINT('Origin',(-145.5,-72.,15.));
#6373=CARTESIAN_POINT('',(-145.499484295739,-70.,14.8842068877663));
#6374=CARTESIAN_POINT('Origin',(-132.5,-70.,15.));
#6375=CARTESIAN_POINT('Ctrl Pts',(-147.196938456699,-72.,12.));
#6376=CARTESIAN_POINT('Ctrl Pts',(-147.197448103471,-71.9979193757673,12.0024967490792));
#6377=CARTESIAN_POINT('Ctrl Pts',(-147.197953933006,-71.9958387509459,12.0049942780835));
#6378=CARTESIAN_POINT('Ctrl Pts',(-147.24465791623,-71.8022707170216,12.2374208273706));
#6379=CARTESIAN_POINT('Ctrl Pts',(-147.258621581523,-71.610363718651,12.4744274708578));
#6380=CARTESIAN_POINT('Ctrl Pts',(-147.219065077206,-71.2431970889633,12.9401628896728));
#6381=CARTESIAN_POINT('Ctrl Pts',(-147.167840638209,-71.0666381445164,13.1700397046674));
#6382=CARTESIAN_POINT('Ctrl Pts',(-146.969981364573,-70.6818582325048,13.6870779079509));
#6383=CARTESIAN_POINT('Ctrl Pts',(-146.804865824733,-70.4932516992668,13.9529591189834));
#6384=CARTESIAN_POINT('Ctrl Pts',(-146.435857934471,-70.2273999371398,14.3595800866891));
#6385=CARTESIAN_POINT('Ctrl Pts',(-146.240450385765,-70.1301748017986,14.5221845097321));
#6386=CARTESIAN_POINT('Ctrl Pts',(-145.854436876479,-70.0247868033351,14.7493070978656));
#6387=CARTESIAN_POINT('Ctrl Pts',(-145.681223119269,-70.,14.8268821385616));
#6388=CARTESIAN_POINT('Ctrl Pts',(-145.499484295739,-70.,14.8842068877663));
#6389=CARTESIAN_POINT('Origin',(-145.5,-72.,22.5));
#6390=CARTESIAN_POINT('',(-145.5,-70.,60.));
#6391=CARTESIAN_POINT('Origin',(-145.5,-72.,60.));
#6392=CARTESIAN_POINT('',(-145.5,-70.,22.5));
#6393=CARTESIAN_POINT('Origin',(-132.5,-72.,60.));
#6394=CARTESIAN_POINT('',(-132.5,-70.,73.));
#6395=CARTESIAN_POINT('Origin',(-132.5,-72.,73.));
#6396=CARTESIAN_POINT('Origin',(-132.5,-70.,60.));
#6397=CARTESIAN_POINT('Origin',(-96.25,-72.,73.));
#6398=CARTESIAN_POINT('',(12.5,-72.,75.));
#6399=CARTESIAN_POINT('',(12.5,-70.,73.));
#6400=CARTESIAN_POINT('Origin',(12.5,-72.,73.));
#6401=CARTESIAN_POINT('',(-96.25,-70.,73.));
#6402=CARTESIAN_POINT('',(-96.25,-72.,75.));
#6403=CARTESIAN_POINT('Origin',(12.5,-72.,60.));
#6404=CARTESIAN_POINT('',(27.5,-72.,60.));
#6405=CARTESIAN_POINT('',(25.5,-70.,60.));
#6406=CARTESIAN_POINT('Origin',(25.5,-72.,60.));
#6407=CARTESIAN_POINT('Origin',(12.5,-70.,60.));
#6408=CARTESIAN_POINT('Origin',(12.5,-72.,60.));
#6409=CARTESIAN_POINT('Origin',(25.5,-72.,30.));
#6410=CARTESIAN_POINT('',(27.5,-72.,15.));
#6411=CARTESIAN_POINT('',(25.5,-70.,15.));
#6412=CARTESIAN_POINT('Origin',(25.5,-72.,15.));
#6413=CARTESIAN_POINT('',(25.5,-70.,30.));
#6414=CARTESIAN_POINT('',(27.5,-72.,30.));
#6415=CARTESIAN_POINT('Origin',(12.5,-72.,15.));
#6416=CARTESIAN_POINT('',(27.1969384566991,-72.,12.));
#6417=CARTESIAN_POINT('',(25.4994842957388,-70.,14.8842068877663));
#6418=CARTESIAN_POINT('Ctrl Pts',(25.4994842957388,-70.,14.8842068877663));
#6419=CARTESIAN_POINT('Ctrl Pts',(25.681223119269,-70.,14.8268821385616));
#6420=CARTESIAN_POINT('Ctrl Pts',(25.8544368764794,-70.0247868033351,14.7493070978655));
#6421=CARTESIAN_POINT('Ctrl Pts',(26.2404503857654,-70.1301748017986,14.5221845097321));
#6422=CARTESIAN_POINT('Ctrl Pts',(26.4358579344707,-70.2273999371398,14.359580086689));
#6423=CARTESIAN_POINT('Ctrl Pts',(26.8048658247336,-70.493251699267,13.9529591189832));
#6424=CARTESIAN_POINT('Ctrl Pts',(26.9699813645732,-70.681858232505,13.6870779079506));
#6425=CARTESIAN_POINT('Ctrl Pts',(27.1678406382092,-71.0666381445162,13.1700397046677));
#6426=CARTESIAN_POINT('Ctrl Pts',(27.219065077206,-71.2431970889628,12.9401628896735));
#6427=CARTESIAN_POINT('Ctrl Pts',(27.2586215815234,-71.6103637186511,12.4744274708579));
#6428=CARTESIAN_POINT('Ctrl Pts',(27.2446579162262,-71.8022707170005,12.2374208273513));
#6429=CARTESIAN_POINT('Ctrl Pts',(27.1979539330065,-71.9958387509457,12.0049942780858));
#6430=CARTESIAN_POINT('Ctrl Pts',(27.1974481034709,-71.9979193757666,12.0024967490801));
#6431=CARTESIAN_POINT('Ctrl Pts',(27.1969384566991,-72.,12.));
#6432=CARTESIAN_POINT('Origin',(12.5,-70.,15.));
#6433=CARTESIAN_POINT('Origin',(12.5,-72.,15.));
#6434=CARTESIAN_POINT('Origin',(12.5,-75.,15.));
#6435=CARTESIAN_POINT('',(27.1969384566991,-55.,12.));
#6436=CARTESIAN_POINT('Origin',(12.5,-55.,15.));
#6437=CARTESIAN_POINT('',(27.1969384566991,-75.,12.));
#6438=CARTESIAN_POINT('',(27.5,-75.,15.));
#6439=CARTESIAN_POINT('Origin',(27.5,-75.,15.));
#6440=CARTESIAN_POINT('',(27.5,-75.,60.));
#6441=CARTESIAN_POINT('Origin',(12.5,-75.,60.));
#6442=CARTESIAN_POINT('',(12.5,-75.,75.));
#6443=CARTESIAN_POINT('Origin',(-132.5,-75.,75.));
#6444=CARTESIAN_POINT('Origin',(8.35786437626905,-60.,12.5));
#6445=CARTESIAN_POINT('',(8.35786437626905,-42.7525512860841,15.));
#6446=CARTESIAN_POINT('',(8.35786437626904,-45.2020410288673,13.));
#6447=CARTESIAN_POINT('Origin',(8.35786437626905,-42.7525512860841,12.5));
#6448=CARTESIAN_POINT('',(22.2979183530158,-55.0346717292091,13.));
#6449=CARTESIAN_POINT('Origin',(8.35786437626905,-60.,13.));
#6450=CARTESIAN_POINT('',(20.7905855682323,-48.0458404351428,15.));
#6451=CARTESIAN_POINT('Ctrl Pts',(20.7905855682323,-48.0458404351428,15.));
#6452=CARTESIAN_POINT('Ctrl Pts',(21.2329323184014,-48.8912405556206,15.));
#6453=CARTESIAN_POINT('Ctrl Pts',(21.572859855119,-49.7378968226222,14.9575265052993));
#6454=CARTESIAN_POINT('Ctrl Pts',(22.2119382050673,-51.805878156791,14.7339647300285));
#6455=CARTESIAN_POINT('Ctrl Pts',(22.3668120317126,-52.906061811538,14.4973928581315));
#6456=CARTESIAN_POINT('Ctrl Pts',(22.4284287174227,-54.0361966698462,14.0515096021022));
#6457=CARTESIAN_POINT('Ctrl Pts',(22.4273053221725,-54.3195351030676,13.9052918488095));
#6458=CARTESIAN_POINT('Ctrl Pts',(22.4055875445887,-54.6729627911419,13.6472394200617));
#6459=CARTESIAN_POINT('Ctrl Pts',(22.3912701467888,-54.8029237327925,13.5296267628636));
#6460=CARTESIAN_POINT('Ctrl Pts',(22.3560735574974,-54.9549934575273,13.3069884919064));
#6461=CARTESIAN_POINT('Ctrl Pts',(22.3396613343465,-54.9993993421033,13.2133879880927));
#6462=CARTESIAN_POINT('Ctrl Pts',(22.31299262687,-55.028775168969,13.074872548989));
#6463=CARTESIAN_POINT('Ctrl Pts',(22.3055667604761,-55.03335946995,13.0374542258321));
#6464=CARTESIAN_POINT('Ctrl Pts',(22.2979183530158,-55.0346717292091,13.));
#6465=CARTESIAN_POINT('Origin',(8.35786437626905,-60.,15.));
#6466=CARTESIAN_POINT('Origin',(-127.5,-60.,12.5));
#6467=CARTESIAN_POINT('',(-143.206401806204,-52.8737506750591,15.));
#6468=CARTESIAN_POINT('',(-142.297918353016,-59.9653282707909,13.));
#6469=CARTESIAN_POINT('Ctrl Pts',(-142.297918353016,-59.9653282707909,13.));
#6470=CARTESIAN_POINT('Ctrl Pts',(-142.312461193377,-59.967823427726,13.0712162407597));
#6471=CARTESIAN_POINT('Ctrl Pts',(-142.329932936725,-59.9588518574094,13.1410069596365));
#6472=CARTESIAN_POINT('Ctrl Pts',(-142.378321560618,-59.9115717031722,13.3052245325662));
#6473=CARTESIAN_POINT('Ctrl Pts',(-142.410423972744,-59.8641215557612,13.3934193486619));
#6474=CARTESIAN_POINT('Ctrl Pts',(-142.49721239084,-59.7102360173784,13.6034766613795));
#6475=CARTESIAN_POINT('Ctrl Pts',(-142.555035959037,-59.5822980984984,13.7159256723252));
#6476=CARTESIAN_POINT('Ctrl Pts',(-142.709136413053,-59.1985277618198,13.9888833233858));
#6477=CARTESIAN_POINT('Ctrl Pts',(-142.821908510959,-58.8622776735999,14.1509986845074));
#6478=CARTESIAN_POINT('Ctrl Pts',(-143.122987906295,-57.7159492747763,14.5527581311995));
#6479=CARTESIAN_POINT('Ctrl Pts',(-143.300346305236,-56.7335387290338,14.7509914618848));
#6480=CARTESIAN_POINT('Ctrl Pts',(-143.379562585242,-54.7231405395637,14.9577785282537));
#6481=CARTESIAN_POINT('Ctrl Pts',(-143.341245558788,-53.8154241109785,15.));
#6482=CARTESIAN_POINT('Ctrl Pts',(-143.206401806204,-52.8737506750591,15.));
#6483=CARTESIAN_POINT('',(-127.5,-45.2020410288673,13.));
#6484=CARTESIAN_POINT('Origin',(-127.5,-60.,13.));
#6485=CARTESIAN_POINT('',(-127.5,-42.7525512860841,15.));
#6486=CARTESIAN_POINT('Origin',(-127.5,-42.7525512860841,12.5));
#6487=CARTESIAN_POINT('Origin',(-127.5,-60.,15.));
#6488=CARTESIAN_POINT('Origin',(-147.5,-75.,15.));
#6489=CARTESIAN_POINT('',(7.5,-70.,15.));
#6490=CARTESIAN_POINT('Origin',(7.5,-55.,15.));
#6491=CARTESIAN_POINT('',(24.7474487139159,-70.,15.));
#6492=CARTESIAN_POINT('',(-103.75,-70.,15.));
#6493=CARTESIAN_POINT('',(24.7474487139159,-55.,15.));
#6494=CARTESIAN_POINT('',(24.7474487139159,-75.,15.));
#6495=CARTESIAN_POINT('',(12.5,-42.7525512860841,15.));
#6496=CARTESIAN_POINT('Origin',(12.5,-55.,15.));
#6497=CARTESIAN_POINT('',(-16.25,-42.7525512860841,15.));
#6498=CARTESIAN_POINT('Origin',(-147.5,-75.,15.));
#6499=CARTESIAN_POINT('',(-128.357864376269,-70.,15.));
#6500=CARTESIAN_POINT('Origin',(-128.357864376269,-55.,15.));
#6501=CARTESIAN_POINT('',(-132.5,-42.7525512860841,15.));
#6502=CARTESIAN_POINT('',(-16.25,-42.7525512860841,15.));
#6503=CARTESIAN_POINT('',(-144.747448713916,-55.,15.));
#6504=CARTESIAN_POINT('Origin',(-132.5,-55.,15.));
#6505=CARTESIAN_POINT('',(-144.747448713916,-70.,15.));
#6506=CARTESIAN_POINT('',(-144.747448713916,-75.,15.));
#6507=CARTESIAN_POINT('',(-103.75,-70.,15.));
#6508=CARTESIAN_POINT('Origin',(-144.747448713916,-75.,12.5));
#6509=CARTESIAN_POINT('Origin',(-144.747448713916,-70.,12.5));
#6510=CARTESIAN_POINT('Origin',(-144.747448713916,-55.,12.5));
#6511=CARTESIAN_POINT('Origin',(-132.5,-55.,12.5));
#6512=CARTESIAN_POINT('',(-132.5,-40.3030615433009,12.));
#6513=CARTESIAN_POINT('Origin',(-132.5,-42.7525512860841,12.5));
#6514=CARTESIAN_POINT('Origin',(-132.5,-55.,12.));
#6515=CARTESIAN_POINT('Origin',(-16.25,-42.7525512860841,12.5));
#6516=CARTESIAN_POINT('',(12.5,-40.3030615433009,12.));
#6517=CARTESIAN_POINT('Origin',(12.5,-42.7525512860841,12.5));
#6518=CARTESIAN_POINT('',(-16.25,-40.3030615433009,12.));
#6519=CARTESIAN_POINT('',(-16.25,-45.2020410288673,13.));
#6520=CARTESIAN_POINT('Origin',(12.5,-55.,12.5));
#6521=CARTESIAN_POINT('Origin',(24.7474487139159,-55.,12.5));
#6522=CARTESIAN_POINT('Origin',(12.5,-55.,12.));
#6523=CARTESIAN_POINT('Origin',(24.7474487139159,-75.,12.5));
#6524=CARTESIAN_POINT('Origin',(24.7474487139159,-70.,12.5));
#6525=CARTESIAN_POINT('Origin',(-16.25,-55.,15.));
#6526=CARTESIAN_POINT('Origin',(12.5,-55.,15.));
#6527=CARTESIAN_POINT('Origin',(-132.5,-55.,15.));
#6528=CARTESIAN_POINT('Origin',(12.5,-55.,15.));
#6529=CARTESIAN_POINT('Origin',(-132.5,-55.,15.));
#6530=CARTESIAN_POINT('Ctrl Pts',(-133.307376852914,-54.2912502250197,4.99999999999998));
#6531=CARTESIAN_POINT('Ctrl Pts',(-133.630929833713,-56.5507634860524,4.99999999999998));
#6532=CARTESIAN_POINT('Ctrl Pts',(-132.135677822887,-58.2753817430262,4.99999999999998));
#6533=CARTESIAN_POINT('Ctrl Pts',(-130.640425812061,-60.,4.99999999999998));
#6534=CARTESIAN_POINT('Ctrl Pts',(-128.357864376269,-60.,4.99999999999998));
#6535=CARTESIAN_POINT('Ctrl Pts',(-143.206401806204,-52.8737506750591,4.99999999999997));
#6536=CARTESIAN_POINT('Ctrl Pts',(-144.177060748602,-59.6522904581571,4.99999999999997));
#6537=CARTESIAN_POINT('Ctrl Pts',(-139.691304716124,-64.8261452290785,4.99999999999997));
#6538=CARTESIAN_POINT('Ctrl Pts',(-135.205548683646,-70.,4.99999999999997));
#6539=CARTESIAN_POINT('Ctrl Pts',(-128.357864376269,-70.,4.99999999999997));
#6540=CARTESIAN_POINT('Ctrl Pts',(-143.206401806204,-52.8737506750591,15.));
#6541=CARTESIAN_POINT('Ctrl Pts',(-144.177060748602,-59.6522904581571,15.));
#6542=CARTESIAN_POINT('Ctrl Pts',(-139.691304716124,-64.8261452290785,15.));
#6543=CARTESIAN_POINT('Ctrl Pts',(-135.205548683646,-70.,15.));
#6544=CARTESIAN_POINT('Ctrl Pts',(-128.357864376269,-70.,15.));
#6545=CARTESIAN_POINT('',(-128.357864376269,-60.,4.99999999999998));
#6546=CARTESIAN_POINT('Origin',(-128.357864376269,-60.,15.));
#6547=CARTESIAN_POINT('',(-132.175708968209,-58.2286317027184,4.99999999999998));
#6548=CARTESIAN_POINT('Origin',(-128.357864376269,-55.,4.99999999999998));
#6549=CARTESIAN_POINT('Ctrl Pts',(-132.175708968209,-58.2286317027184,4.99999999999998));
#6550=CARTESIAN_POINT('Ctrl Pts',(-132.181655419796,-58.2296519525149,4.99999999999998));
#6551=CARTESIAN_POINT('Ctrl Pts',(-132.187601857806,-58.2306721999837,5.00000405495143));
#6552=CARTESIAN_POINT('Ctrl Pts',(-132.412643324262,-58.2692832114167,5.00031146736947));
#6553=CARTESIAN_POINT('Ctrl Pts',(-132.631134477297,-58.3067703667797,5.00613241957584));
#6554=CARTESIAN_POINT('Ctrl Pts',(-134.429424368297,-58.6153081339127,5.10394102243646));
#6555=CARTESIAN_POINT('Ctrl Pts',(-135.632440850951,-58.821713130822,5.48161026075588));
#6556=CARTESIAN_POINT('Ctrl Pts',(-137.716021281393,-59.1791990160957,6.39184331169894));
#6557=CARTESIAN_POINT('Ctrl Pts',(-138.786536595077,-59.3628704064675,7.12989444190847));
#6558=CARTESIAN_POINT('Ctrl Pts',(-140.581773752813,-59.6708844073828,8.97761804845352));
#6559=CARTESIAN_POINT('Ctrl Pts',(-141.289533021891,-59.7923167000865,10.062655756533));
#6560=CARTESIAN_POINT('Ctrl Pts',(-142.000592397756,-59.914315201682,11.8209439722772));
#6561=CARTESIAN_POINT('Ctrl Pts',(-142.176384033507,-59.9444762781507,12.4048468425792));
#6562=CARTESIAN_POINT('Ctrl Pts',(-142.297918353016,-59.9653282707909,13.));
#6563=CARTESIAN_POINT('Ctrl Pts',(13.0679916323117,-58.3222928646859,4.99999999999998));
#6564=CARTESIAN_POINT('Ctrl Pts',(11.8846192642858,-55.,4.99999999999998));
#6565=CARTESIAN_POINT('Ctrl Pts',(8.35786437626905,-55.,4.99999999999998));
#6566=CARTESIAN_POINT('Ctrl Pts',(20.7595972328984,-55.5826085851219,4.99999999999998));
#6567=CARTESIAN_POINT('Ctrl Pts',(17.6437858799575,-46.8350341907227,4.99999999999998));
#6568=CARTESIAN_POINT('Ctrl Pts',(8.35786437626905,-46.8350341907227,4.99999999999998));
#6569=CARTESIAN_POINT('Ctrl Pts',(22.2979183530158,-55.0346717292091,13.));
#6570=CARTESIAN_POINT('Ctrl Pts',(18.7956192030918,-45.2020410288673,13.));
#6571=CARTESIAN_POINT('Ctrl Pts',(8.35786437626905,-45.2020410288673,13.));
#6572=CARTESIAN_POINT('',(8.35786437626905,-55.,4.99999999999998));
#6573=CARTESIAN_POINT('Origin',(8.35786437626905,-55.,15.));
#6574=CARTESIAN_POINT('',(12.1757089682085,-56.7713682972816,4.99999999999998));
#6575=CARTESIAN_POINT('Origin',(8.35786437626905,-60.,4.99999999999998));
#6576=CARTESIAN_POINT('Ctrl Pts',(12.1757089682085,-56.7713682972816,4.99999999999998));
#6577=CARTESIAN_POINT('Ctrl Pts',(12.1816554197973,-56.7703480474849,4.99999999999998));
#6578=CARTESIAN_POINT('Ctrl Pts',(12.1876018578072,-56.7693278000181,5.00000405495143));
#6579=CARTESIAN_POINT('Ctrl Pts',(12.4126433241504,-56.7307167885862,5.00031146736935));
#6580=CARTESIAN_POINT('Ctrl Pts',(12.6311344770774,-56.693229633258,5.00613241957001));
#6581=CARTESIAN_POINT('Ctrl Pts',(14.4294243681575,-56.3846918661112,5.10394102238487));
#6582=CARTESIAN_POINT('Ctrl Pts',(15.6324408509112,-56.1782868691848,5.48161026073864));
#6583=CARTESIAN_POINT('Ctrl Pts',(17.7160212813935,-55.8208009839043,6.39184331169894));
#6584=CARTESIAN_POINT('Ctrl Pts',(18.7865365950769,-55.6371295935324,7.12989444190847));
#6585=CARTESIAN_POINT('Ctrl Pts',(20.5817737528132,-55.3291155926171,8.97761804845347));
#6586=CARTESIAN_POINT('Ctrl Pts',(21.2895330218911,-55.2076832999135,10.062655756533));
#6587=CARTESIAN_POINT('Ctrl Pts',(22.0005923977563,-55.085684798318,11.8209439722772));
#6588=CARTESIAN_POINT('Ctrl Pts',(22.1763840335065,-55.0555237218493,12.4048468425792));
#6589=CARTESIAN_POINT('Ctrl Pts',(22.2979183530158,-55.0346717292091,13.));
#6590=CARTESIAN_POINT('Ctrl Pts',(7.5,-60.,4.99999999999998));
#6591=CARTESIAN_POINT('Ctrl Pts',(10.3179399325086,-60.,4.99999999999998));
#6592=CARTESIAN_POINT('Ctrl Pts',(11.7772810254546,-57.589375799162,4.99999999999998));
#6593=CARTESIAN_POINT('Ctrl Pts',(13.2366221184006,-55.1787515983239,4.99999999999998));
#6594=CARTESIAN_POINT('Ctrl Pts',(11.9301951894108,-52.6819468117143,4.99999999999998));
#6595=CARTESIAN_POINT('Ctrl Pts',(7.5,-70.,4.99999999999997));
#6596=CARTESIAN_POINT('Ctrl Pts',(15.9538197975259,-70.,4.99999999999997));
#6597=CARTESIAN_POINT('Ctrl Pts',(20.3318430763639,-62.7681273974859,4.99999999999997));
#6598=CARTESIAN_POINT('Ctrl Pts',(24.7098663552019,-55.5362547949718,4.99999999999997));
#6599=CARTESIAN_POINT('Ctrl Pts',(20.7905855682323,-48.0458404351428,4.99999999999997));
#6600=CARTESIAN_POINT('Ctrl Pts',(7.5,-70.,15.));
#6601=CARTESIAN_POINT('Ctrl Pts',(15.9538197975259,-70.,15.));
#6602=CARTESIAN_POINT('Ctrl Pts',(20.3318430763639,-62.7681273974859,15.));
#6603=CARTESIAN_POINT('Ctrl Pts',(24.7098663552019,-55.5362547949718,15.));
#6604=CARTESIAN_POINT('Ctrl Pts',(20.7905855682323,-48.0458404351428,15.));
#6605=CARTESIAN_POINT('',(7.5,-60.,4.99999999999998));
#6606=CARTESIAN_POINT('Origin',(7.5,-55.,4.99999999999998));
#6607=CARTESIAN_POINT('Origin',(7.5,-60.,15.));
#6608=CARTESIAN_POINT('Origin',(-16.25,-55.,15.));
#6609=CARTESIAN_POINT('',(-127.5,-55.,4.99999999999998));
#6610=CARTESIAN_POINT('Origin',(-127.5,-55.,15.));
#6611=CARTESIAN_POINT('',(-16.25,-55.,4.99999999999998));
#6612=CARTESIAN_POINT('Ctrl Pts',(-127.5,-55.,4.99999999999998));
#6613=CARTESIAN_POINT('Ctrl Pts',(-132.488298654491,-55.,4.99999999999998));
#6614=CARTESIAN_POINT('Ctrl Pts',(-132.499986275771,-59.98828496238,4.99999999999998));
#6615=CARTESIAN_POINT('Ctrl Pts',(-127.5,-46.8350341907227,4.99999999999998));
#6616=CARTESIAN_POINT('Ctrl Pts',(-140.634156246568,-46.8350341907227,4.99999999999998));
#6617=CARTESIAN_POINT('Ctrl Pts',(-140.664929673475,-59.9691543860557,4.99999999999998));
#6618=CARTESIAN_POINT('Ctrl Pts',(-127.5,-45.2020410288673,13.));
#6619=CARTESIAN_POINT('Ctrl Pts',(-142.263327764983,-45.2020410288673,13.));
#6620=CARTESIAN_POINT('Ctrl Pts',(-142.297918353016,-59.9653282707909,13.));
#6621=CARTESIAN_POINT('Origin',(-127.5,-60.,4.99999999999998));
#6622=CARTESIAN_POINT('Origin',(-16.25,-60.,15.));
#6623=CARTESIAN_POINT('',(-16.25,-60.,4.99999999999998));
#6624=CARTESIAN_POINT('',(-16.25,-70.,15.));
#6625=CARTESIAN_POINT('Origin',(27.5,-75.,4.99999999999998));
#6626=CARTESIAN_POINT('Origin',(-60.,-70.,45.));
#6627=CARTESIAN_POINT('',(-136.5,-70.,60.));
#6628=CARTESIAN_POINT('Origin',(-132.5,-70.,60.));
#6629=CARTESIAN_POINT('',(8.5,-70.,60.));
#6630=CARTESIAN_POINT('Origin',(12.5,-70.,60.));
#6631=CARTESIAN_POINT('Origin',(12.5,-75.,60.));
#6632=CARTESIAN_POINT('',(8.49999999999999,-75.,60.));
#6633=CARTESIAN_POINT('Origin',(-132.5,-75.,60.));
#6634=CARTESIAN_POINT('',(-136.5,-75.,60.));
#6635=UNCERTAINTY_MEASURE_WITH_UNIT(LENGTH_MEASURE(0.01),#6639,
'DISTANCE_ACCURACY_VALUE',
'Maximum model space distance between geometric entities at asserted c
onnectivities');
#6636=UNCERTAINTY_MEASURE_WITH_UNIT(LENGTH_MEASURE(0.01),#6639,
'DISTANCE_ACCURACY_VALUE',
'Maximum model space distance between geometric entities at asserted c
onnectivities');
#6637=(
GEOMETRIC_REPRESENTATION_CONTEXT(3)
GLOBAL_UNCERTAINTY_ASSIGNED_CONTEXT((#6635))
GLOBAL_UNIT_ASSIGNED_CONTEXT((#6639,#6641,#6642))
REPRESENTATION_CONTEXT('','3D')
);
#6638=(
GEOMETRIC_REPRESENTATION_CONTEXT(3)
GLOBAL_UNCERTAINTY_ASSIGNED_CONTEXT((#6636))
GLOBAL_UNIT_ASSIGNED_CONTEXT((#6639,#6641,#6642))
REPRESENTATION_CONTEXT('','3D')
);
#6639=(
LENGTH_UNIT()
NAMED_UNIT(*)
SI_UNIT(.MILLI.,.METRE.)
);
#6640=(
LENGTH_UNIT()
NAMED_UNIT(*)
SI_UNIT($,.METRE.)
);
#6641=(
NAMED_UNIT(*)
PLANE_ANGLE_UNIT()
SI_UNIT($,.RADIAN.)
);
#6642=(
NAMED_UNIT(*)
SI_UNIT($,.STERADIAN.)
SOLID_ANGLE_UNIT()
);
#6643=SHAPE_DEFINITION_REPRESENTATION(#6644,#6645);
#6644=PRODUCT_DEFINITION_SHAPE('',$,#6647);
#6645=SHAPE_REPRESENTATION('',(#3647),#6637);
#6646=PRODUCT_DEFINITION_CONTEXT('part definition',#6651,'design');
#6647=PRODUCT_DEFINITION('Key holder','Key holder v2',#6648,#6646);
#6648=PRODUCT_DEFINITION_FORMATION('',$,#6653);
#6649=PRODUCT_RELATED_PRODUCT_CATEGORY('Key holder v2','Key holder v2',
(#6653));
#6650=APPLICATION_PROTOCOL_DEFINITION('international standard',
'automotive_design',2009,#6651);
#6651=APPLICATION_CONTEXT(
'Core Data for Automotive Mechanical Design Process');
#6652=PRODUCT_CONTEXT('part definition',#6651,'mechanical');
#6653=PRODUCT('Key holder','Key holder v2',$,(#6652));
#6654=PRESENTATION_STYLE_ASSIGNMENT((#6655));
#6655=SURFACE_STYLE_USAGE(.BOTH.,#6656);
#6656=SURFACE_SIDE_STYLE('',(#6657));
#6657=SURFACE_STYLE_FILL_AREA(#6658);
#6658=FILL_AREA_STYLE('Steel - Satin',(#6659));
#6659=FILL_AREA_STYLE_COLOUR('Steel - Satin',#6660);
#6660=COLOUR_RGB('Steel - Satin',0.627450980392157,0.627450980392157,0.627450980392157);
ENDSEC;
END-ISO-10303-21;
